run_id,configuration_run_id,security_configuration,fleet_size,compromised_device_percentage,compromised_devices,attack_temperature,hvac_power_kw,ambient_temperature,temperature_change_rate,attack_start_step,attack_success_rate,peak_load_kw,baseline_peak_load_kw,load_spike_kw,total_energy_kwh,comfort_loss_degree_minutes,demand_response_failure_rate,time_to_recovery,devices_quarantined,devices_recovered,human_approval_requests,human_approval_delay_minutes,average_command_latency_ms,false_positive_rate,legitimate_command_rejection_rate,firmware_update_delay_minutes,quarantine_availability_loss,devices_unavailable_due_to_quarantine,availability_rate,operator_workload_score,security_operation_cost,monitoring_overhead_score,total_operational_friction_score,security_risk_score,power_impact_score,comfort_impact_score,operational_friction_score,availability_loss_score,overall_resilience_score,balanced_objective_score,recovery_enabled,quarantine_enabled,firmware_signature_required,prompt_filter_strictness,human_approval_threshold
1,1,weak_baseline,500,5.0,25,16.0,2.5,28.0,0.15,10,0.0674,942.0,937.5,4.5,5640.75,800.0,0.0,0,0,0,3,6.3,116.0,0.0248,0.036,2,0.0,0,1.0,0.28,5.8,0.11,0.1895,0.0379,0.0137,0.0067,0.1895,0.0,0.9659,0.0341,False,False,False,0.2,1000
2,2,weak_baseline,500,5.0,25,28.0,2.0,28.0,0.15,8,0.0232,750.81,750.0,0.81,4503.24,300.0,0.0013,0,0,0,3,6.3,116.0,0.0248,0.036,2,0.0,0,1.0,0.28,5.8,0.11,0.1895,0.0135,0.0031,0.0025,0.1895,0.0,0.9758,0.0242,False,False,False,0.2,1000
3,3,weak_baseline,50,10.0,5,28.0,5.0,35.0,0.25,10,0.0633,257.5,257.5,0.0,1545.0,0.0,0.0093,0,0,0,0,0.0,116.0,0.0248,0.036,2,0.0,0,1.0,0.03,3.4,0.11,0.1255,0.0371,0.0,0.0,0.1255,0.0,0.9749,0.0251,False,False,False,0.2,1000
4,4,weak_baseline,50,10.0,5,28.0,2.5,30.0,0.15,8,0.063,103.75,103.75,0.0,622.5,0.0,0.0162,0,0,0,0,0.0,116.0,0.0248,0.036,2,0.0,0,1.0,0.03,3.4,0.11,0.1255,0.0387,0.0,0.0,0.1255,0.0,0.9734,0.0266,False,False,False,0.2,1000
5,5,weak_baseline,50,5.0,2,18.0,2.5,30.0,0.35,6,0.0437,103.75,103.75,0.0,622.5,0.0,0.0,0,0,0,0,0.0,116.0,0.0248,0.036,2,0.0,0,1.0,0.03,3.4,0.11,0.1255,0.024,0.0,0.0,0.1255,0.0,0.9802,0.0198,False,False,False,0.2,1000
6,6,weak_baseline,100,5.0,5,18.0,5.0,30.0,0.35,6,0.065,415.0,415.0,0.0,2490.0,0.0,0.0187,0,0,0,1,2.1,116.0,0.0248,0.036,2,0.0,0,1.0,0.1133,4.2,0.11,0.1468,0.0404,0.0,0.0,0.1468,0.0,0.9704,0.0296,False,False,False,0.2,1000
7,7,weak_baseline,500,10.0,50,28.0,2.0,35.0,0.15,6,0.0965,1035.625,1030.0,5.625,6205.3125,1500.0,0.0281,0,0,0,4,8.4,116.0,0.0248,0.036,2,0.0,0,1.0,0.3633,6.6,0.11,0.2108,0.0621,0.0156,0.0125,0.2108,0.0,0.9511,0.0489,False,False,False,0.2,1000
8,8,weak_baseline,50,5.0,2,18.0,2.5,35.0,0.25,8,0.0376,128.75,128.75,0.0,772.5,0.0,0.0,0,0,0,0,0.0,116.0,0.0248,0.036,2,0.0,0,1.0,0.03,3.4,0.11,0.1255,0.0207,0.0,0.0,0.1255,0.0,0.9812,0.0188,False,False,False,0.2,1000
9,9,weak_baseline,500,25.0,125,28.0,5.0,28.0,0.35,10,0.2083,1927.65,1875.0,52.65,11434.275,3342.8571,0.0482,0,0,0,7,14.7,116.0,0.0248,0.036,2,0.0,0,1.0,0.6133,9.0,0.11,0.2748,0.1371,0.0802,0.0279,0.2748,0.0,0.9039,0.0961,False,False,False,0.2,1000
10,10,weak_baseline,50,10.0,5,18.0,2.5,35.0,0.35,8,0.1191,130.7812,128.75,2.0312,780.625,85.7143,0.0229,0,0,0,0,0.0,116.0,0.0248,0.036,2,0.0,0,1.0,0.03,3.4,0.11,0.1255,0.0752,0.0451,0.0071,0.1255,0.0,0.9514,0.0486,False,False,False,0.2,1000
11,11,weak_baseline,50,10.0,5,16.0,2.5,30.0,0.15,8,0.1607,106.25,103.75,2.5,632.5,400.0,0.0498,0,0,0,0,0.0,116.0,0.0248,0.036,2,0.0,0,1.0,0.03,3.4,0.11,0.1255,0.1048,0.0688,0.0333,0.1255,0.0,0.9298,0.0702,False,False,False,0.2,1000
12,12,weak_baseline,500,25.0,125,16.0,2.5,30.0,0.35,10,0.4425,1175.0,1037.5,137.5,6706.25,9428.5714,0.2119,0,0,0,7,14.7,116.0,0.0248,0.036,2,0.0,0,1.0,0.6133,9.0,0.11,0.2748,0.3184,0.3787,0.0786,0.2748,0.0,0.7577,0.2423,False,False,False,0.2,1000
13,13,weak_baseline,50,25.0,12,28.0,2.5,35.0,0.25,10,0.192,131.5625,128.75,2.8125,782.3438,360.0,0.0631,0,0,0,1,2.1,116.0,0.0248,0.036,2,0.0,0,1.0,0.1133,4.2,0.11,0.1468,0.1294,0.0624,0.03,0.1468,0.0,0.9201,0.0799,False,False,False,0.2,1000
14,14,weak_baseline,50,50.0,25,16.0,2.0,28.0,0.35,6,0.8696,114.6,75.0,39.6,628.2,3771.4286,0.8768,0,0,0,1,2.1,116.0,0.0248,0.036,2,0.0,0,1.0,0.1133,4.2,0.11,0.1468,0.7855,1.0,0.3143,0.1468,0.0,0.371,0.629,False,False,False,0.2,1000
15,15,weak_baseline,500,5.0,25,18.0,5.0,30.0,0.35,8,0.0429,2078.25,2075.0,3.25,12463.0,85.7143,0.0049,0,0,0,3,6.3,116.0,0.0248,0.036,2,0.0,0,1.0,0.28,5.8,0.11,0.1895,0.0252,0.0045,0.0007,0.1895,0.0,0.9717,0.0283,False,False,False,0.2,1000
16,16,weak_baseline,50,5.0,2,28.0,2.5,35.0,0.25,10,0.0167,128.75,128.75,0.0,772.5,0.0,0.0,0,0,0,0,0.0,116.0,0.0248,0.036,2,0.0,0,1.0,0.03,3.4,0.11,0.1255,0.0092,0.0,0.0,0.1255,0.0,0.9847,0.0153,False,False,False,0.2,1000
17,17,weak_baseline,100,5.0,5,28.0,2.5,35.0,0.15,10,0.0405,257.5,257.5,0.0,1545.0,0.0,0.0,0,0,0,1,2.1,116.0,0.0248,0.036,2,0.0,0,1.0,0.1133,4.2,0.11,0.1468,0.0223,0.0,0.0,0.1468,0.0,0.9786,0.0214,False,False,False,0.2,1000
18,18,weak_baseline,500,25.0,125,28.0,5.0,28.0,0.15,10,0.1927,1923.6,1875.0,48.6,11420.1,7200.0,0.0298,0,0,0,7,14.7,116.0,0.0248,0.036,2,0.0,0,1.0,0.6133,9.0,0.11,0.2748,0.123,0.0741,0.06,0.2748,0.0,0.9073,0.0927,False,False,False,0.2,1000
19,19,weak_baseline,500,5.0,25,28.0,2.5,28.0,0.15,8,0.0658,939.525,937.5,2.025,5633.1,600.0,0.0181,0,0,0,3,6.3,116.0,0.0248,0.036,2,0.0,0,1.0,0.28,5.8,0.11,0.1895,0.0415,0.0062,0.005,0.1895,0.0,0.9639,0.0361,False,False,False,0.2,1000
20,20,weak_baseline,100,10.0,10,16.0,5.0,28.0,0.15,6,0.1919,384.0,375.0,9.0,2290.5,800.0,0.051,0,0,0,1,2.1,116.0,0.0248,0.036,2,0.0,0,1.0,0.1133,4.2,0.11,0.1468,0.1223,0.0686,0.0333,0.1468,0.0,0.9223,0.0777,False,False,False,0.2,1000
21,21,weak_baseline,500,10.0,50,16.0,2.5,35.0,0.15,10,0.1639,1312.5,1287.5,25.0,7812.5,3200.0,0.0477,0,0,0,4,8.4,116.0,0.0248,0.036,2,0.0,0,1.0,0.3633,6.6,0.11,0.2108,0.1053,0.0555,0.0267,0.2108,0.0,0.9251,0.0749,False,False,False,0.2,1000
22,22,weak_baseline,100,10.0,10,28.0,5.0,28.0,0.35,10,0.0688,377.025,375.0,2.025,2257.0875,128.5714,0.026,0,0,0,1,2.1,116.0,0.0248,0.036,2,0.0,0,1.0,0.1133,4.2,0.11,0.1468,0.0463,0.0154,0.0054,0.1468,0.0,0.9636,0.0364,False,False,False,0.2,1000
23,23,weak_baseline,500,25.0,125,18.0,2.5,28.0,0.15,10,0.2727,987.225,937.5,49.725,5799.0375,6800.0,0.0822,0,0,0,7,14.7,116.0,0.0248,0.036,2,0.0,0,1.0,0.6133,9.0,0.11,0.2748,0.1841,0.1515,0.0567,0.2748,0.0,0.8661,0.1339,False,False,False,0.2,1000
24,24,weak_baseline,500,10.0,50,28.0,2.0,28.0,0.35,6,0.088,753.24,750.0,3.24,4514.58,514.2857,0.0,0,0,0,4,8.4,116.0,0.0248,0.036,2,0.0,0,1.0,0.3633,6.6,0.11,0.2108,0.05,0.0123,0.0043,0.2108,0.0,0.9608,0.0392,False,False,False,0.2,1000
25,25,weak_baseline,50,25.0,12,16.0,2.0,30.0,0.35,10,0.4441,93.0,83.0,10.0,533.0,857.1429,0.2236,0,0,0,1,2.1,116.0,0.0248,0.036,2,0.0,0,1.0,0.1133,4.2,0.11,0.1468,0.3202,0.3442,0.0714,0.1468,0.0,0.7762,0.2238,False,False,False,0.2,1000
26,26,weak_baseline,500,50.0,250,16.0,2.5,28.0,0.15,8,0.8658,1423.5,937.5,486.0,7569.0,86400.0,0.8631,0,0,0,12,25.2,116.0,0.0248,0.036,2,0.0,0,1.0,1.0,13.0,0.11,0.3815,0.7784,1.0,0.72,0.3815,0.0,0.2909,0.7091,False,False,False,0.2,1000
27,27,weak_baseline,100,50.0,50,18.0,2.0,35.0,0.35,10,0.6075,254.75,206.0,48.75,1406.625,2571.4286,0.3788,0,0,0,2,4.2,116.0,0.0248,0.036,2,0.0,0,1.0,0.1967,5.0,0.11,0.1682,0.4889,0.6761,0.1071,0.1682,0.0,0.6284,0.3716,False,False,False,0.2,1000
28,28,weak_baseline,100,25.0,25,16.0,2.0,28.0,0.35,6,0.4419,169.8,150.0,19.8,989.1,1885.7143,0.2178,0,0,0,1,2.1,116.0,0.0248,0.036,2,0.0,0,1.0,0.1133,4.2,0.11,0.1468,0.3195,0.3771,0.0786,0.1468,0.0,0.7696,0.2304,False,False,False,0.2,1000
29,29,weak_baseline,100,50.0,50,16.0,2.5,35.0,0.15,6,0.863,391.875,257.5,134.375,2149.6875,17200.0,0.883,0,0,0,2,4.2,116.0,0.0248,0.036,2,0.0,0,1.0,0.1967,5.0,0.11,0.1682,0.7814,1.0,0.7167,0.1682,0.0,0.3088,0.6912,False,False,False,0.2,1000
30,30,weak_baseline,50,5.0,2,16.0,2.5,30.0,0.25,6,0.0718,103.75,103.75,0.0,622.5,0.0,0.0032,0,0,0,0,0.0,116.0,0.0248,0.036,2,0.0,0,1.0,0.03,3.4,0.11,0.1255,0.0403,0.0,0.0,0.1255,0.0,0.9749,0.0251,False,False,False,0.2,1000
31,31,weak_baseline,50,10.0,5,18.0,2.5,30.0,0.25,6,0.1028,105.375,103.75,1.625,629.8125,120.0,0.0212,0,0,0,0,0.0,116.0,0.0248,0.036,2,0.0,0,1.0,0.03,3.4,0.11,0.1255,0.0659,0.0448,0.01,0.1255,0.0,0.9541,0.0459,False,False,False,0.2,1000
32,32,weak_baseline,500,50.0,250,16.0,2.5,28.0,0.15,6,0.8948,1441.5,937.5,504.0,7893.0,89600.0,0.8964,0,0,0,12,25.2,116.0,0.0248,0.036,2,0.0,0,1.0,1.0,13.0,0.11,0.3815,0.8058,1.0,0.7467,0.3815,0.0,0.2736,0.7264,False,False,False,0.2,1000
33,33,weak_baseline,500,25.0,125,16.0,5.0,30.0,0.35,6,0.4702,2370.0,2075.0,295.0,13777.5,10114.2857,0.2363,0,0,0,7,14.7,116.0,0.0248,0.036,2,0.0,0,1.0,0.6133,9.0,0.11,0.2748,0.3413,0.4062,0.0843,0.2748,0.0,0.7408,0.2592,False,False,False,0.2,1000
34,34,weak_baseline,50,5.0,2,16.0,5.0,28.0,0.35,6,0.1107,187.5,187.5,0.0,1125.0,0.0,0.0072,0,0,0,0,0.0,116.0,0.0248,0.036,2,0.0,0,1.0,0.03,3.4,0.11,0.1255,0.0627,0.0,0.0,0.1255,0.0,0.9676,0.0324,False,False,False,0.2,1000
35,35,weak_baseline,500,10.0,50,28.0,2.0,35.0,0.15,10,0.0753,1034.5,1030.0,4.5,6195.75,1200.0,0.0101,0,0,0,4,8.4,116.0,0.0248,0.036,2,0.0,0,1.0,0.3633,6.6,0.11,0.2108,0.0455,0.0125,0.01,0.2108,0.0,0.9597,0.0403,False,False,False,0.2,1000
36,36,weak_baseline,500,25.0,125,18.0,5.0,35.0,0.25,6,0.2736,2713.125,2575.0,138.125,16071.5625,4080.0,0.0847,0,0,0,7,14.7,116.0,0.0248,0.036,2,0.0,0,1.0,0.6133,9.0,0.11,0.2748,0.1852,0.1533,0.034,0.2748,0.0,0.8685,0.1315,False,False,False,0.2,1000
37,37,weak_baseline,500,25.0,125,18.0,2.0,28.0,0.25,8,0.2965,793.29,750.0,43.29,4673.16,4440.0,0.0989,0,0,0,7,14.7,116.0,0.0248,0.036,2,0.0,0,1.0,0.6133,9.0,0.11,0.2748,0.2026,0.1649,0.037,0.2748,0.0,0.8584,0.1416,False,False,False,0.2,1000
38,38,weak_baseline,50,5.0,2,28.0,5.0,30.0,0.15,6,0.066,207.5,207.5,0.0,1245.0,0.0,0.0182,0,0,0,0,0.0,116.0,0.0248,0.036,2,0.0,0,1.0,0.03,3.4,0.11,0.1255,0.0409,0.0,0.0,0.1255,0.0,0.9725,0.0275,False,False,False,0.2,1000
39,39,weak_baseline,50,25.0,12,18.0,2.5,35.0,0.35,6,0.2774,134.8438,128.75,6.0938,799.9219,257.1429,0.1095,0,0,0,1,2.1,116.0,0.0248,0.036,2,0.0,0,1.0,0.1133,4.2,0.11,0.1468,0.1919,0.1352,0.0214,0.1468,0.0,0.881,0.119,False,False,False,0.2,1000
40,40,weak_baseline,500,5.0,25,28.0,2.5,35.0,0.15,10,0.0664,1290.3125,1287.5,2.8125,7734.8438,600.0,0.0,0,0,0,3,6.3,116.0,0.0248,0.036,2,0.0,0,1.0,0.28,5.8,0.11,0.1895,0.0373,0.0062,0.005,0.1895,0.0,0.9679,0.0321,False,False,False,0.2,1000
41,41,weak_baseline,50,5.0,2,28.0,2.0,30.0,0.25,10,0.0463,83.0,83.0,0.0,498.0,0.0,0.0108,0,0,0,0,0.0,116.0,0.0248,0.036,2,0.0,0,1.0,0.03,3.4,0.11,0.1255,0.0282,0.0,0.0,0.1255,0.0,0.9774,0.0226,False,False,False,0.2,1000
42,42,weak_baseline,50,25.0,12,28.0,2.5,28.0,0.15,8,0.2083,95.775,93.75,2.025,570.6,600.0,0.06,0,0,0,1,2.1,116.0,0.0248,0.036,2,0.0,0,1.0,0.1133,4.2,0.11,0.1468,0.1376,0.0617,0.05,0.1468,0.0,0.9152,0.0848,False,False,False,0.2,1000
43,43,weak_baseline,50,5.0,2,18.0,5.0,30.0,0.15,6,0.0723,207.5,207.5,0.0,1245.0,0.0,0.0068,0,0,0,0,0.0,116.0,0.0248,0.036,2,0.0,0,1.0,0.03,3.4,0.11,0.1255,0.0415,0.0,0.0,0.1255,0.0,0.974,0.026,False,False,False,0.2,1000
44,44,weak_baseline,100,5.0,5,16.0,5.0,28.0,0.35,6,0.0612,375.0,375.0,0.0,2250.0,0.0,0.0009,0,0,0,1,2.1,116.0,0.0248,0.036,2,0.0,0,1.0,0.1133,4.2,0.11,0.1468,0.0339,0.0,0.0,0.1468,0.0,0.975,0.025,False,False,False,0.2,1000
45,45,weak_baseline,500,10.0,50,18.0,2.0,30.0,0.25,6,0.1396,839.1,830.0,9.1,5020.95,840.0,0.03,0,0,0,4,8.4,116.0,0.0248,0.036,2,0.0,0,1.0,0.3633,6.6,0.11,0.2108,0.0871,0.0313,0.007,0.2108,0.0,0.941,0.059,False,False,False,0.2,1000
46,46,weak_baseline,50,25.0,12,16.0,2.0,35.0,0.15,10,0.4362,115.5,103.0,12.5,661.75,2000.0,0.2205,0,0,0,1,2.1,116.0,0.0248,0.036,2,0.0,0,1.0,0.1133,4.2,0.11,0.1468,0.315,0.3467,0.1667,0.1468,0.0,0.7634,0.2366,False,False,False,0.2,1000
47,47,weak_baseline,100,10.0,10,16.0,2.0,30.0,0.15,6,0.1588,170.0,166.0,4.0,1014.0,800.0,0.0487,0,0,0,1,2.1,116.0,0.0248,0.036,2,0.0,0,1.0,0.1133,4.2,0.11,0.1468,0.1035,0.0688,0.0333,0.1468,0.0,0.9282,0.0718,False,False,False,0.2,1000
48,48,weak_baseline,100,10.0,10,18.0,5.0,28.0,0.25,6,0.138,377.925,375.0,2.925,2263.1625,120.0,0.0323,0,0,0,1,2.1,116.0,0.0248,0.036,2,0.0,0,1.0,0.1133,4.2,0.11,0.1468,0.086,0.0223,0.005,0.1468,0.0,0.9495,0.0505,False,False,False,0.2,1000
49,49,weak_baseline,50,10.0,5,18.0,2.5,28.0,0.15,8,0.0871,93.75,93.75,0.0,562.5,0.0,0.0,0,0,0,0,0.0,116.0,0.0248,0.036,2,0.0,0,1.0,0.03,3.4,0.11,0.1255,0.0479,0.0,0.0,0.1255,0.0,0.9731,0.0269,False,False,False,0.2,1000
50,50,weak_baseline,100,25.0,25,16.0,2.5,35.0,0.35,8,0.439,291.875,257.5,34.375,1682.5,1885.7143,0.2387,0,0,0,1,2.1,116.0,0.0248,0.036,2,0.0,0,1.0,0.1133,4.2,0.11,0.1468,0.3231,0.3814,0.0786,0.1468,0.0,0.7645,0.2355,False,False,False,0.2,1000
51,51,weak_baseline,500,25.0,125,16.0,2.5,28.0,0.35,6,0.4728,1070.25,937.5,132.75,6222.375,10114.2857,0.227,0,0,0,7,14.7,116.0,0.0248,0.036,2,0.0,0,1.0,0.6133,9.0,0.11,0.2748,0.3404,0.4046,0.0843,0.2748,0.0,0.7428,0.2572,False,False,False,0.2,1000
52,52,weak_baseline,50,50.0,25,18.0,2.5,30.0,0.35,10,0.6076,128.125,103.75,24.375,707.8125,1285.7143,0.3795,0,0,0,1,2.1,116.0,0.0248,0.036,2,0.0,0,1.0,0.1133,4.2,0.11,0.1468,0.489,0.6713,0.1071,0.1468,0.0,0.6314,0.3686,False,False,False,0.2,1000
53,53,weak_baseline,500,10.0,50,18.0,5.0,30.0,0.15,6,0.1169,2094.5,2075.0,19.5,12537.75,1200.0,0.0275,0,0,0,4,8.4,116.0,0.0248,0.036,2,0.0,0,1.0,0.3633,6.6,0.11,0.2108,0.0736,0.0269,0.01,0.2108,0.0,0.9459,0.0541,False,False,False,0.2,1000
54,54,weak_baseline,500,10.0,50,18.0,2.0,35.0,0.25,8,0.1231,1039.75,1030.0,9.75,6219.0,720.0,0.0225,0,0,0,4,8.4,116.0,0.0248,0.036,2,0.0,0,1.0,0.3633,6.6,0.11,0.2108,0.0757,0.027,0.006,0.2108,0.0,0.9465,0.0535,False,False,False,0.2,1000
55,55,weak_baseline,50,25.0,12,28.0,5.0,30.0,0.25,8,0.1944,212.0,207.5,4.5,1263.0,360.0,0.0356,0,0,0,1,2.1,116.0,0.0248,0.036,2,0.0,0,1.0,0.1133,4.2,0.11,0.1468,0.1238,0.062,0.03,0.1468,0.0,0.9259,0.0741,False,False,False,0.2,1000
56,56,weak_baseline,50,10.0,5,18.0,2.5,35.0,0.35,10,0.1399,130.7812,128.75,2.0312,779.6094,85.7143,0.0228,0,0,0,0,0.0,116.0,0.0248,0.036,2,0.0,0,1.0,0.03,3.4,0.11,0.1255,0.0866,0.0451,0.0071,0.1255,0.0,0.948,0.052,False,False,False,0.2,1000
57,57,weak_baseline,100,50.0,50,28.0,2.5,30.0,0.15,6,0.3963,230.0,207.5,22.5,1346.25,6000.0,0.1815,0,0,0,2,4.2,116.0,0.0248,0.036,2,0.0,0,1.0,0.1967,5.0,0.11,0.1682,0.3033,0.3098,0.25,0.1682,0.0,0.7655,0.2345,False,False,False,0.2,1000
58,58,weak_baseline,500,25.0,125,18.0,2.5,35.0,0.15,8,0.2899,1360.625,1287.5,73.125,8017.5,7200.0,0.106,0,0,0,7,14.7,116.0,0.0248,0.036,2,0.0,0,1.0,0.6133,9.0,0.11,0.2748,0.2003,0.1623,0.06,0.2748,0.0,0.8551,0.1449,False,False,False,0.2,1000
59,59,weak_baseline,500,10.0,50,28.0,2.5,35.0,0.35,6,0.0881,1293.125,1287.5,5.625,7750.3125,514.2857,0.0013,0,0,0,4,8.4,116.0,0.0248,0.036,2,0.0,0,1.0,0.3633,6.6,0.11,0.2108,0.0504,0.0125,0.0043,0.2108,0.0,0.9605,0.0395,False,False,False,0.2,1000
60,60,weak_baseline,50,25.0,12,16.0,2.0,28.0,0.15,6,0.4297,84.0,75.0,9.0,490.5,2000.0,0.2139,0,0,0,1,2.1,116.0,0.0248,0.036,2,0.0,0,1.0,0.1133,4.2,0.11,0.1468,0.3098,0.3429,0.1667,0.1468,0.0,0.7667,0.2333,False,False,False,0.2,1000
61,61,weak_baseline,50,50.0,25,18.0,5.0,28.0,0.35,10,0.5903,231.375,187.5,43.875,1278.5625,1285.7143,0.3835,0,0,0,1,2.1,116.0,0.0248,0.036,2,0.0,0,1.0,0.1133,4.2,0.11,0.1468,0.4805,0.6686,0.1071,0.1468,0.0,0.6339,0.3661,False,False,False,0.2,1000
62,62,weak_baseline,50,10.0,5,28.0,2.0,28.0,0.25,10,0.0632,75.0,75.0,0.0,450.0,0.0,0.0179,0,0,0,0,0.0,116.0,0.0248,0.036,2,0.0,0,1.0,0.03,3.4,0.11,0.1255,0.0392,0.0,0.0,0.1255,0.0,0.973,0.027,False,False,False,0.2,1000
63,63,weak_baseline,500,50.0,250,16.0,2.0,28.0,0.25,10,0.868,1140.6,750.0,390.6,5867.1,52080.0,0.8666,0,0,0,12,25.2,116.0,0.0248,0.036,2,0.0,0,1.0,1.0,13.0,0.11,0.3815,0.7808,1.0,0.434,0.3815,0.0,0.3325,0.6675,False,False,False,0.2,1000
64,64,weak_baseline,500,25.0,125,18.0,5.0,35.0,0.25,10,0.3091,2733.4375,2575.0,158.4375,16004.5312,4680.0,0.1024,0,0,0,7,14.7,116.0,0.0248,0.036,2,0.0,0,1.0,0.6133,9.0,0.11,0.2748,0.2112,0.1758,0.039,0.2748,0.0,0.8528,0.1472,False,False,False,0.2,1000
65,65,weak_baseline,50,50.0,25,18.0,2.0,35.0,0.25,8,0.5944,127.375,103.0,24.375,715.5,1800.0,0.3872,0,0,0,1,2.1,116.0,0.0248,0.036,2,0.0,0,1.0,0.1133,4.2,0.11,0.1468,0.4838,0.6761,0.15,0.1468,0.0,0.6244,0.3756,False,False,False,0.2,1000
66,66,weak_baseline,500,10.0,50,18.0,2.0,35.0,0.25,8,0.0998,1038.125,1030.0,8.125,6212.5,600.0,0.0064,0,0,0,4,8.4,116.0,0.0248,0.036,2,0.0,0,1.0,0.3633,6.6,0.11,0.2108,0.0585,0.0225,0.005,0.2108,0.0,0.9552,0.0448,False,False,False,0.2,1000
67,67,weak_baseline,500,5.0,25,16.0,2.0,30.0,0.35,6,0.0682,834.0,830.0,4.0,4998.0,342.8571,0.0,0,0,0,3,6.3,116.0,0.0248,0.036,2,0.0,0,1.0,0.28,5.8,0.11,0.1895,0.0383,0.0138,0.0029,0.1895,0.0,0.9664,0.0336,False,False,False,0.2,1000
68,68,weak_baseline,100,50.0,50,18.0,2.5,30.0,0.15,10,0.5609,253.0,207.5,45.5,1404.25,5600.0,0.3614,0,0,0,2,4.2,116.0,0.0248,0.036,2,0.0,0,1.0,0.1967,5.0,0.11,0.1682,0.4548,0.6265,0.2333,0.1682,0.0,0.6322,0.3678,False,False,False,0.2,1000
69,69,weak_baseline,500,5.0,25,28.0,2.5,28.0,0.25,8,0.028,938.5125,937.5,1.0125,5629.05,180.0,0.0,0,0,0,3,6.3,116.0,0.0248,0.036,2,0.0,0,1.0,0.28,5.8,0.11,0.1895,0.0158,0.0031,0.0015,0.1895,0.0,0.9755,0.0245,False,False,False,0.2,1000
70,70,weak_baseline,100,10.0,10,18.0,2.5,30.0,0.25,6,0.0874,209.125,207.5,1.625,1252.3125,120.0,0.0048,0,0,0,1,2.1,116.0,0.0248,0.036,2,0.0,0,1.0,0.1133,4.2,0.11,0.1468,0.0513,0.0224,0.005,0.1468,0.0,0.964,0.036,False,False,False,0.2,1000
71,71,weak_baseline,500,50.0,250,28.0,2.5,28.0,0.35,6,0.4025,1039.7625,937.5,102.2625,6085.1812,12985.7143,0.1974,0,0,0,12,25.2,116.0,0.0248,0.036,2,0.0,0,1.0,1.0,13.0,0.11,0.3815,0.3112,0.3117,0.1082,0.3815,0.0,0.7603,0.2397,False,False,False,0.2,1000
72,72,weak_baseline,500,5.0,25,16.0,2.5,28.0,0.25,10,0.0699,942.0,937.5,4.5,5640.75,480.0,0.0,0,0,0,3,6.3,116.0,0.0248,0.036,2,0.0,0,1.0,0.28,5.8,0.11,0.1895,0.0392,0.0137,0.004,0.1895,0.0,0.9659,0.0341,False,False,False,0.2,1000
73,73,weak_baseline,100,10.0,10,18.0,2.5,30.0,0.25,8,0.1308,209.125,207.5,1.625,1251.5,120.0,0.0303,0,0,0,1,2.1,116.0,0.0248,0.036,2,0.0,0,1.0,0.1133,4.2,0.11,0.1468,0.0815,0.0224,0.005,0.1468,0.0,0.9511,0.0489,False,False,False,0.2,1000
74,74,weak_baseline,100,5.0,5,18.0,5.0,35.0,0.15,6,0.0878,515.0,515.0,0.0,3090.0,0.0,0.0,0,0,0,1,2.1,116.0,0.0248,0.036,2,0.0,0,1.0,0.1133,4.2,0.11,0.1468,0.0483,0.0,0.0,0.1468,0.0,0.9708,0.0292,False,False,False,0.2,1000
75,75,weak_baseline,500,5.0,25,28.0,2.0,28.0,0.15,6,0.0604,751.62,750.0,1.62,4507.29,600.0,0.0076,0,0,0,3,6.3,116.0,0.0248,0.036,2,0.0,0,1.0,0.28,5.8,0.11,0.1895,0.0359,0.0062,0.005,0.1895,0.0,0.9672,0.0328,False,False,False,0.2,1000
76,76,weak_baseline,50,10.0,5,18.0,2.0,35.0,0.15,10,0.1136,104.625,103.0,1.625,623.6875,200.0,0.005,0,0,0,0,0.0,116.0,0.0248,0.036,2,0.0,0,1.0,0.03,3.4,0.11,0.1255,0.0677,0.0451,0.0167,0.1255,0.0,0.9549,0.0451,False,False,False,0.2,1000
77,77,weak_baseline,100,10.0,10,28.0,5.0,35.0,0.15,10,0.0968,517.8125,515.0,2.8125,3099.8438,300.0,0.0,0,0,0,1,2.1,116.0,0.0248,0.036,2,0.0,0,1.0,0.1133,4.2,0.11,0.1468,0.0552,0.0156,0.0125,0.1468,0.0,0.9638,0.0362,False,False,False,0.2,1000
78,78,weak_baseline,100,5.0,5,28.0,2.5,35.0,0.35,6,0.0645,257.5,257.5,0.0,1545.0,0.0,0.0,0,0,0,1,2.1,116.0,0.0248,0.036,2,0.0,0,1.0,0.1133,4.2,0.11,0.1468,0.0355,0.0,0.0,0.1468,0.0,0.9747,0.0253,False,False,False,0.2,1000
79,79,weak_baseline,500,10.0,50,16.0,5.0,35.0,0.15,10,0.1541,2625.0,2575.0,50.0,15625.0,3200.0,0.0417,0,0,0,4,8.4,116.0,0.0248,0.036,2,0.0,0,1.0,0.3633,6.6,0.11,0.2108,0.0984,0.0555,0.0267,0.2108,0.0,0.928,0.072,False,False,False,0.2,1000
80,80,weak_baseline,500,5.0,25,28.0,2.5,35.0,0.25,6,0.0497,1288.9062,1287.5,1.4062,7731.3281,180.0,0.0,0,0,0,3,6.3,116.0,0.0248,0.036,2,0.0,0,1.0,0.28,5.8,0.11,0.1895,0.0278,0.0031,0.0015,0.1895,0.0,0.9719,0.0281,False,False,False,0.2,1000
81,81,weak_baseline,500,25.0,125,16.0,2.5,28.0,0.25,8,0.4726,1070.25,937.5,132.75,6156.0,14160.0,0.2417,0,0,0,7,14.7,116.0,0.0248,0.036,2,0.0,0,1.0,0.6133,9.0,0.11,0.2748,0.344,0.4046,0.118,0.2748,0.0,0.7344,0.2656,False,False,False,0.2,1000
82,82,weak_baseline,100,10.0,10,18.0,5.0,35.0,0.35,6,0.1019,519.0625,515.0,4.0625,3108.2812,85.7143,0.0256,0,0,0,1,2.1,116.0,0.0248,0.036,2,0.0,0,1.0,0.1133,4.2,0.11,0.1468,0.0644,0.0225,0.0036,0.1468,0.0,0.9571,0.0429,False,False,False,0.2,1000
83,83,weak_baseline,500,50.0,250,18.0,5.0,35.0,0.25,8,0.5678,3151.875,2575.0,576.875,17757.5,17040.0,0.3589,0,0,0,12,25.2,116.0,0.0248,0.036,2,0.0,0,1.0,1.0,13.0,0.11,0.3815,0.4588,0.6401,0.142,0.3815,0.0,0.621,0.379,False,False,False,0.2,1000
84,84,weak_baseline,50,25.0,12,18.0,2.5,35.0,0.35,6,0.2993,136.875,128.75,8.125,809.0625,342.8571,0.0907,0,0,0,1,2.1,116.0,0.0248,0.036,2,0.0,0,1.0,0.1133,4.2,0.11,0.1468,0.2033,0.1803,0.0286,0.1468,0.0,0.8704,0.1296,False,False,False,0.2,1000
85,85,weak_baseline,100,25.0,25,16.0,2.0,30.0,0.25,8,0.4354,188.0,166.0,22.0,1084.0,2640.0,0.2329,0,0,0,1,2.1,116.0,0.0248,0.036,2,0.0,0,1.0,0.1133,4.2,0.11,0.1468,0.3197,0.3787,0.11,0.1468,0.0,0.7622,0.2378,False,False,False,0.2,1000
86,86,weak_baseline,500,25.0,125,28.0,5.0,28.0,0.15,6,0.1847,1921.575,1875.0,46.575,11459.5875,6900.0,0.0378,0,0,0,7,14.7,116.0,0.0248,0.036,2,0.0,0,1.0,0.6133,9.0,0.11,0.2748,0.1203,0.071,0.0575,0.2748,0.0,0.9079,0.0921,False,False,False,0.2,1000
87,87,weak_baseline,500,10.0,50,28.0,5.0,35.0,0.25,8,0.077,2586.25,2575.0,11.25,15495.0,720.0,0.0,0,0,0,4,8.4,116.0,0.0248,0.036,2,0.0,0,1.0,0.3633,6.6,0.11,0.2108,0.0439,0.0125,0.006,0.2108,0.0,0.9623,0.0377,False,False,False,0.2,1000
88,88,weak_baseline,100,10.0,10,18.0,2.0,30.0,0.35,10,0.1206,167.3,166.0,1.3,1000.55,85.7143,0.0146,0,0,0,1,2.1,116.0,0.0248,0.036,2,0.0,0,1.0,0.1133,4.2,0.11,0.1468,0.072,0.0224,0.0036,0.1468,0.0,0.9565,0.0435,False,False,False,0.2,1000
89,89,weak_baseline,500,25.0,125,18.0,5.0,30.0,0.25,10,0.3014,2198.5,2075.0,123.5,12882.25,4560.0,0.0888,0,0,0,7,14.7,116.0,0.0248,0.036,2,0.0,0,1.0,0.6133,9.0,0.11,0.2748,0.2032,0.1701,0.038,0.2748,0.0,0.8585,0.1415,False,False,False,0.2,1000
90,90,weak_baseline,100,10.0,10,16.0,2.0,30.0,0.15,10,0.1926,170.0,166.0,4.0,1010.0,800.0,0.0565,0,0,0,1,2.1,116.0,0.0248,0.036,2,0.0,0,1.0,0.1133,4.2,0.11,0.1468,0.1241,0.0688,0.0333,0.1468,0.0,0.9208,0.0792,False,False,False,0.2,1000
91,91,weak_baseline,500,10.0,50,16.0,5.0,30.0,0.25,6,0.1915,2125.0,2075.0,50.0,12675.0,2400.0,0.0574,0,0,0,4,8.4,116.0,0.0248,0.036,2,0.0,0,1.0,0.3633,6.6,0.11,0.2108,0.1237,0.0688,0.02,0.2108,0.0,0.9164,0.0836,False,False,False,0.2,1000
92,92,weak_baseline,500,25.0,125,16.0,2.5,28.0,0.25,6,0.4258,1056.75,937.5,119.25,6161.625,12720.0,0.1934,0,0,0,7,14.7,116.0,0.0248,0.036,2,0.0,0,1.0,0.6133,9.0,0.11,0.2748,0.3037,0.3634,0.106,0.2748,0.0,0.7638,0.2362,False,False,False,0.2,1000
93,93,weak_baseline,500,10.0,50,18.0,2.0,35.0,0.25,6,0.1275,1039.75,1030.0,9.75,6223.875,720.0,0.0016,0,0,0,4,8.4,116.0,0.0248,0.036,2,0.0,0,1.0,0.3633,6.6,0.11,0.2108,0.073,0.027,0.006,0.2108,0.0,0.9505,0.0495,False,False,False,0.2,1000
94,94,weak_baseline,100,5.0,5,16.0,2.5,30.0,0.25,10,0.0854,207.5,207.5,0.0,1245.0,0.0,0.0,0,0,0,1,2.1,116.0,0.0248,0.036,2,0.0,0,1.0,0.1133,4.2,0.11,0.1468,0.047,0.0,0.0,0.1468,0.0,0.9712,0.0288,False,False,False,0.2,1000
95,95,weak_baseline,50,25.0,12,18.0,2.0,30.0,0.25,6,0.2637,86.9,83.0,3.9,515.55,360.0,0.0909,0,0,0,1,2.1,116.0,0.0248,0.036,2,0.0,0,1.0,0.1133,4.2,0.11,0.1468,0.1798,0.1343,0.03,0.1468,0.0,0.8864,0.1136,False,False,False,0.2,1000
96,96,weak_baseline,50,10.0,5,16.0,2.5,28.0,0.15,10,0.1551,96.0,93.75,2.25,570.375,400.0,0.0416,0,0,0,0,0.0,116.0,0.0248,0.036,2,0.0,0,1.0,0.03,3.4,0.11,0.1255,0.0997,0.0686,0.0333,0.1255,0.0,0.9326,0.0674,False,False,False,0.2,1000
97,97,weak_baseline,500,10.0,50,28.0,2.5,30.0,0.25,8,0.1017,1043.125,1037.5,5.625,6247.5,900.0,0.0288,0,0,0,4,8.4,116.0,0.0248,0.036,2,0.0,0,1.0,0.3633,6.6,0.11,0.2108,0.0651,0.0155,0.0075,0.2108,0.0,0.9508,0.0492,False,False,False,0.2,1000
98,98,weak_baseline,100,5.0,5,28.0,2.0,28.0,0.35,10,0.0227,150.0,150.0,0.0,900.0,0.0,0.0074,0,0,0,1,2.1,116.0,0.0248,0.036,2,0.0,0,1.0,0.1133,4.2,0.11,0.1468,0.0144,0.0,0.0,0.1468,0.0,0.9799,0.0201,False,False,False,0.2,1000
99,99,weak_baseline,50,10.0,5,16.0,2.0,28.0,0.15,10,0.1725,76.8,75.0,1.8,456.3,400.0,0.0421,0,0,0,0,0.0,116.0,0.0248,0.036,2,0.0,0,1.0,0.03,3.4,0.11,0.1255,0.1094,0.0686,0.0333,0.1255,0.0,0.9296,0.0704,False,False,False,0.2,1000
100,100,weak_baseline,100,25.0,25,16.0,2.5,35.0,0.25,6,0.4572,291.875,257.5,34.375,1699.6875,2640.0,0.2268,0,0,0,1,2.1,116.0,0.0248,0.036,2,0.0,0,1.0,0.1133,4.2,0.11,0.1468,0.3301,0.3814,0.11,0.1468,0.0,0.7595,0.2405,False,False,False,0.2,1000
101,101,weak_baseline,500,10.0,50,18.0,5.0,35.0,0.15,10,0.1112,2599.375,2575.0,24.375,15535.3125,1200.0,0.0162,0,0,0,4,8.4,116.0,0.0248,0.036,2,0.0,0,1.0,0.3633,6.6,0.11,0.2108,0.0676,0.027,0.01,0.2108,0.0,0.9493,0.0507,False,False,False,0.2,1000
102,102,weak_baseline,500,10.0,50,18.0,2.0,28.0,0.15,6,0.1333,758.19,750.0,8.19,4536.855,1400.0,0.0211,0,0,0,4,8.4,116.0,0.0248,0.036,2,0.0,0,1.0,0.3633,6.6,0.11,0.2108,0.0814,0.0312,0.0117,0.2108,0.0,0.9433,0.0567,False,False,False,0.2,1000
103,103,weak_baseline,500,25.0,125,18.0,2.5,35.0,0.25,6,0.3012,1364.6875,1287.5,77.1875,8072.3438,4560.0,0.1156,0,0,0,7,14.7,116.0,0.0248,0.036,2,0.0,0,1.0,0.6133,9.0,0.11,0.2748,0.2098,0.1713,0.038,0.2748,0.0,0.8523,0.1477,False,False,False,0.2,1000
104,104,weak_baseline,500,50.0,250,18.0,5.0,28.0,0.25,6,0.5926,2307.9,1875.0,432.9,13198.05,17760.0,0.3893,0,0,0,12,25.2,116.0,0.0248,0.036,2,0.0,0,1.0,1.0,13.0,0.11,0.3815,0.4824,0.6597,0.148,0.3815,0.0,0.6046,0.3954,False,False,False,0.2,1000
105,105,weak_baseline,50,5.0,2,16.0,5.0,35.0,0.15,10,0.119,257.5,257.5,0.0,1545.0,0.0,0.0188,0,0,0,0,0.0,116.0,0.0248,0.036,2,0.0,0,1.0,0.03,3.4,0.11,0.1255,0.0701,0.0,0.0,0.1255,0.0,0.9636,0.0364,False,False,False,0.2,1000
106,106,weak_baseline,100,5.0,5,16.0,5.0,35.0,0.25,8,0.114,521.25,515.0,6.25,3115.0,240.0,0.0,0,0,0,1,2.1,116.0,0.0248,0.036,2,0.0,0,1.0,0.1133,4.2,0.11,0.1468,0.0647,0.0347,0.01,0.1468,0.0,0.9575,0.0425,False,False,False,0.2,1000
107,107,weak_baseline,500,50.0,250,28.0,2.0,30.0,0.25,8,0.395,919.1,830.0,89.1,5336.4,17820.0,0.1706,0,0,0,12,25.2,116.0,0.0248,0.036,2,0.0,0,1.0,1.0,13.0,0.11,0.3815,0.2995,0.3067,0.1485,0.3815,0.0,0.7628,0.2372,False,False,False,0.2,1000
108,108,weak_baseline,50,10.0,5,18.0,5.0,30.0,0.25,8,0.1255,210.75,207.5,3.25,1258.0,120.0,0.0123,0,0,0,0,0.0,116.0,0.0248,0.036,2,0.0,0,1.0,0.03,3.4,0.11,0.1255,0.0761,0.0448,0.01,0.1255,0.0,0.9523,0.0477,False,False,False,0.2,1000
109,109,weak_baseline,500,5.0,25,18.0,2.5,30.0,0.25,6,0.0348,1039.125,1037.5,1.625,6232.3125,120.0,0.0132,0,0,0,3,6.3,116.0,0.0248,0.036,2,0.0,0,1.0,0.28,5.8,0.11,0.1895,0.0228,0.0045,0.001,0.1895,0.0,0.9712,0.0288,False,False,False,0.2,1000
110,110,weak_baseline,500,5.0,25,28.0,2.5,30.0,0.15,10,0.0213,1038.625,1037.5,1.125,6228.9375,300.0,0.0,0,0,0,3,6.3,116.0,0.0248,0.036,2,0.0,0,1.0,0.28,5.8,0.11,0.1895,0.0121,0.0031,0.0025,0.1895,0.0,0.9764,0.0236,False,False,False,0.2,1000
111,111,weak_baseline,100,50.0,50,16.0,2.5,35.0,0.15,6,0.9157,401.25,257.5,143.75,2191.875,18400.0,0.9132,0,0,0,2,4.2,116.0,0.0248,0.036,2,0.0,0,1.0,0.1967,5.0,0.11,0.1682,0.8239,1.0,0.7667,0.1682,0.0,0.284,0.716,False,False,False,0.2,1000
112,112,weak_baseline,500,50.0,250,16.0,5.0,35.0,0.15,6,0.9026,3987.5,2575.0,1412.5,21806.25,90400.0,0.895,0,0,0,12,25.2,116.0,0.0248,0.036,2,0.0,0,1.0,1.0,13.0,0.11,0.3815,0.8106,1.0,0.7533,0.3815,0.0,0.2714,0.7286,False,False,False,0.2,1000
113,113,weak_baseline,50,50.0,25,16.0,2.0,30.0,0.15,6,0.8989,127.0,83.0,44.0,696.0,8800.0,0.885,0,0,0,1,2.1,116.0,0.0248,0.036,2,0.0,0,1.0,0.1133,4.2,0.11,0.1468,0.8036,1.0,0.7333,0.1468,0.0,0.3015,0.6985,False,False,False,0.2,1000
114,114,weak_baseline,500,25.0,125,28.0,2.5,30.0,0.25,10,0.2291,1070.125,1037.5,32.625,6339.1875,5220.0,0.0413,0,0,0,7,14.7,116.0,0.0248,0.036,2,0.0,0,1.0,0.6133,9.0,0.11,0.2748,0.1479,0.0898,0.0435,0.2748,0.0,0.8975,0.1025,False,False,False,0.2,1000
115,115,weak_baseline,500,10.0,50,18.0,5.0,35.0,0.35,6,0.1385,2603.4375,2575.0,28.4375,15577.9688,600.0,0.0326,0,0,0,4,8.4,116.0,0.0248,0.036,2,0.0,0,1.0,0.3633,6.6,0.11,0.2108,0.0871,0.0316,0.005,0.2108,0.0,0.9408,0.0592,False,False,False,0.2,1000
116,116,weak_baseline,100,50.0,50,18.0,2.5,28.0,0.25,10,0.5921,231.375,187.5,43.875,1278.5625,3600.0,0.3983,0,0,0,2,4.2,116.0,0.0248,0.036,2,0.0,0,1.0,0.1967,5.0,0.11,0.1682,0.4852,0.6686,0.15,0.1682,0.0,0.6217,0.3783,False,False,False,0.2,1000
117,117,weak_baseline,500,50.0,250,16.0,5.0,30.0,0.25,8,0.8799,3175.0,2075.0,1100.0,16850.0,52800.0,0.8905,0,0,0,12,25.2,116.0,0.0248,0.036,2,0.0,0,1.0,1.0,13.0,0.11,0.3815,0.7946,1.0,0.44,0.3815,0.0,0.3239,0.6761,False,False,False,0.2,1000
118,118,weak_baseline,100,50.0,50,18.0,5.0,28.0,0.35,6,0.5715,459.825,375.0,84.825,2631.7125,2485.7143,0.3857,0,0,0,2,4.2,116.0,0.0248,0.036,2,0.0,0,1.0,0.1967,5.0,0.11,0.1682,0.4687,0.6463,0.1036,0.1682,0.0,0.6399,0.3601,False,False,False,0.2,1000
119,119,weak_baseline,100,5.0,5,18.0,2.5,35.0,0.25,10,0.051,257.5,257.5,0.0,1545.0,0.0,0.0099,0,0,0,1,2.1,116.0,0.0248,0.036,2,0.0,0,1.0,0.1133,4.2,0.11,0.1468,0.0305,0.0,0.0,0.1468,0.0,0.9747,0.0253,False,False,False,0.2,1000
120,120,weak_baseline,500,10.0,50,18.0,2.0,35.0,0.35,6,0.1056,1038.125,1030.0,8.125,6216.5625,428.5714,0.0,0,0,0,4,8.4,116.0,0.0248,0.036,2,0.0,0,1.0,0.3633,6.6,0.11,0.2108,0.0601,0.0225,0.0036,0.2108,0.0,0.9558,0.0442,False,False,False,0.2,1000
121,121,weak_baseline,100,5.0,5,28.0,2.0,35.0,0.15,8,0.0346,206.0,206.0,0.0,1236.0,0.0,0.0078,0,0,0,1,2.1,116.0,0.0248,0.036,2,0.0,0,1.0,0.1133,4.2,0.11,0.1468,0.021,0.0,0.0,0.1468,0.0,0.9779,0.0221,False,False,False,0.2,1000
122,122,weak_baseline,50,5.0,2,18.0,2.5,35.0,0.35,8,0.0517,128.75,128.75,0.0,772.5,0.0,0.0,0,0,0,0,0.0,116.0,0.0248,0.036,2,0.0,0,1.0,0.03,3.4,0.11,0.1255,0.0284,0.0,0.0,0.1255,0.0,0.9789,0.0211,False,False,False,0.2,1000
123,123,weak_baseline,100,50.0,50,18.0,5.0,30.0,0.35,10,0.5507,506.0,415.0,91.0,2808.5,2400.0,0.3407,0,0,0,2,4.2,116.0,0.0248,0.036,2,0.0,0,1.0,0.1967,5.0,0.11,0.1682,0.444,0.6265,0.1,0.1682,0.0,0.6586,0.3414,False,False,False,0.2,1000
124,124,weak_baseline,500,25.0,125,16.0,2.0,30.0,0.15,10,0.4606,946.0,830.0,116.0,5386.0,23200.0,0.2385,0,0,0,7,14.7,116.0,0.0248,0.036,2,0.0,0,1.0,0.6133,9.0,0.11,0.2748,0.3362,0.3993,0.1933,0.2748,0.0,0.727,0.273,False,False,False,0.2,1000
125,125,weak_baseline,50,50.0,25,16.0,2.5,28.0,0.15,10,0.8795,143.25,93.75,49.5,735.75,8800.0,0.8617,0,0,0,1,2.1,116.0,0.0248,0.036,2,0.0,0,1.0,0.1133,4.2,0.11,0.1468,0.7871,1.0,0.7333,0.1468,0.0,0.3099,0.6901,False,False,False,0.2,1000
126,126,weak_baseline,100,25.0,25,18.0,2.0,35.0,0.25,6,0.2932,217.375,206.0,11.375,1287.1875,840.0,0.107,0,0,0,1,2.1,116.0,0.0248,0.036,2,0.0,0,1.0,0.1133,4.2,0.11,0.1468,0.202,0.1578,0.035,0.1468,0.0,0.8719,0.1281,False,False,False,0.2,1000
127,127,weak_baseline,50,10.0,5,16.0,2.5,35.0,0.35,10,0.1624,131.875,128.75,3.125,783.4375,171.4286,0.049,0,0,0,0,0.0,116.0,0.0248,0.036,2,0.0,0,1.0,0.03,3.4,0.11,0.1255,0.1056,0.0693,0.0143,0.1255,0.0,0.9324,0.0676,False,False,False,0.2,1000
128,128,weak_baseline,50,10.0,5,18.0,2.5,30.0,0.25,10,0.1257,105.375,103.75,1.625,628.1875,120.0,0.0323,0,0,0,0,0.0,116.0,0.0248,0.036,2,0.0,0,1.0,0.03,3.4,0.11,0.1255,0.0812,0.0448,0.01,0.1255,0.0,0.9478,0.0522,False,False,False,0.2,1000
129,129,weak_baseline,100,25.0,25,28.0,2.0,28.0,0.25,10,0.227,154.86,150.0,4.86,917.01,1080.0,0.0706,0,0,0,1,2.1,116.0,0.0248,0.036,2,0.0,0,1.0,0.1133,4.2,0.11,0.1468,0.1545,0.0926,0.045,0.1468,0.0,0.9031,0.0969,False,False,False,0.2,1000
130,130,weak_baseline,100,50.0,50,28.0,2.5,30.0,0.15,8,0.4305,232.25,207.5,24.75,1344.0,6600.0,0.2078,0,0,0,2,4.2,116.0,0.0248,0.036,2,0.0,0,1.0,0.1967,5.0,0.11,0.1682,0.3327,0.3408,0.275,0.1682,0.0,0.7428,0.2572,False,False,False,0.2,1000
131,131,weak_baseline,50,10.0,5,18.0,2.5,35.0,0.25,10,0.1453,130.7812,128.75,2.0312,779.6094,120.0,0.0107,0,0,0,0,0.0,116.0,0.0248,0.036,2,0.0,0,1.0,0.03,3.4,0.11,0.1255,0.0866,0.0451,0.01,0.1255,0.0,0.9494,0.0506,False,False,False,0.2,1000
132,132,weak_baseline,500,50.0,250,18.0,5.0,35.0,0.35,6,0.6069,3192.5,2575.0,617.5,18228.75,13028.5714,0.4109,0,0,0,12,25.2,116.0,0.0248,0.036,2,0.0,0,1.0,1.0,13.0,0.11,0.3815,0.4973,0.6852,0.1086,0.3815,0.0,0.5977,0.4023,False,False,False,0.2,1000
133,133,weak_baseline,500,50.0,250,18.0,5.0,30.0,0.15,6,0.5867,2552.75,2075.0,477.75,14599.875,29400.0,0.3862,0,0,0,12,25.2,116.0,0.0248,0.036,2,0.0,0,1.0,1.0,13.0,0.11,0.3815,0.478,0.6578,0.245,0.3815,0.0,0.5922,0.4078,False,False,False,0.2,1000
134,134,weak_baseline,500,10.0,50,28.0,5.0,35.0,0.15,6,0.0686,2583.4375,2575.0,8.4375,15487.9688,900.0,0.0038,0,0,0,4,8.4,116.0,0.0248,0.036,2,0.0,0,1.0,0.3633,6.6,0.11,0.2108,0.0399,0.0094,0.0075,0.2108,0.0,0.9634,0.0366,False,False,False,0.2,1000
135,135,weak_baseline,500,25.0,125,28.0,2.0,30.0,0.25,6,0.2151,854.3,830.0,24.3,5089.35,4860.0,0.0354,0,0,0,7,14.7,116.0,0.0248,0.036,2,0.0,0,1.0,0.6133,9.0,0.11,0.2748,0.138,0.0836,0.0405,0.2748,0.0,0.903,0.097,False,False,False,0.2,1000
136,136,weak_baseline,50,25.0,12,28.0,2.5,28.0,0.25,10,0.2251,96.7875,93.75,3.0375,573.1313,540.0,0.0684,0,0,0,1,2.1,116.0,0.0248,0.036,2,0.0,0,1.0,0.1133,4.2,0.11,0.1468,0.1529,0.0926,0.045,0.1468,0.0,0.9039,0.0961,False,False,False,0.2,1000
137,137,weak_baseline,100,25.0,25,16.0,2.0,28.0,0.15,8,0.4666,171.6,150.0,21.6,986.4,4800.0,0.2423,0,0,0,1,2.1,116.0,0.0248,0.036,2,0.0,0,1.0,0.1133,4.2,0.11,0.1468,0.3412,0.4114,0.2,0.1468,0.0,0.7343,0.2657,False,False,False,0.2,1000
138,138,weak_baseline,100,25.0,25,16.0,2.0,30.0,0.35,8,0.4224,188.0,166.0,22.0,1084.0,1885.7143,0.206,0,0,0,1,2.1,116.0,0.0248,0.036,2,0.0,0,1.0,0.1133,4.2,0.11,0.1468,0.3058,0.3787,0.0786,0.1468,0.0,0.7752,0.2248,False,False,False,0.2,1000
139,139,weak_baseline,500,25.0,125,28.0,5.0,30.0,0.15,8,0.2107,2133.5,2075.0,58.5,12684.0,7800.0,0.0463,0,0,0,7,14.7,116.0,0.0248,0.036,2,0.0,0,1.0,0.6133,9.0,0.11,0.2748,0.1379,0.0806,0.065,0.2748,0.0,0.8984,0.1016,False,False,False,0.2,1000
140,140,weak_baseline,500,25.0,125,28.0,5.0,28.0,0.35,6,0.2197,1929.675,1875.0,54.675,11496.0375,3471.4286,0.0658,0,0,0,7,14.7,116.0,0.0248,0.036,2,0.0,0,1.0,0.6133,9.0,0.11,0.2748,0.1481,0.0833,0.0289,0.2748,0.0,0.8972,0.1028,False,False,False,0.2,1000
141,141,weak_baseline,100,50.0,50,16.0,2.0,28.0,0.25,6,0.9198,232.8,150.0,82.8,1272.6,11040.0,0.9044,0,0,0,2,4.2,116.0,0.0248,0.036,2,0.0,0,1.0,0.1967,5.0,0.11,0.1682,0.824,1.0,0.46,0.1682,0.0,0.3313,0.6687,False,False,False,0.2,1000
142,142,weak_baseline,50,10.0,5,18.0,2.5,35.0,0.35,8,0.1275,130.7812,128.75,2.0312,780.625,85.7143,0.0182,0,0,0,0,0.0,116.0,0.0248,0.036,2,0.0,0,1.0,0.03,3.4,0.11,0.1255,0.0787,0.0451,0.0071,0.1255,0.0,0.951,0.049,False,False,False,0.2,1000
143,143,weak_baseline,500,10.0,50,18.0,2.0,30.0,0.35,10,0.1102,837.8,830.0,7.8,5007.3,514.2857,0.0324,0,0,0,4,8.4,116.0,0.0248,0.036,2,0.0,0,1.0,0.3633,6.6,0.11,0.2108,0.0711,0.0269,0.0043,0.2108,0.0,0.9467,0.0533,False,False,False,0.2,1000
144,144,weak_baseline,50,25.0,12,16.0,2.5,28.0,0.25,8,0.421,105.0,93.75,11.25,607.5,1200.0,0.2179,0,0,0,1,2.1,116.0,0.0248,0.036,2,0.0,0,1.0,0.1133,4.2,0.11,0.1468,0.306,0.3429,0.1,0.1468,0.0,0.7773,0.2227,False,False,False,0.2,1000
145,145,weak_baseline,500,25.0,125,16.0,2.5,28.0,0.15,8,0.4719,1070.25,937.5,132.75,6156.0,23600.0,0.2489,0,0,0,7,14.7,116.0,0.0248,0.036,2,0.0,0,1.0,0.6133,9.0,0.11,0.2748,0.3454,0.4046,0.1967,0.2748,0.0,0.7211,0.2789,False,False,False,0.2,1000
146,146,weak_baseline,50,10.0,5,28.0,5.0,28.0,0.15,10,0.0973,187.5,187.5,0.0,1125.0,0.0,0.0,0,0,0,0,0.0,116.0,0.0248,0.036,2,0.0,0,1.0,0.03,3.4,0.11,0.1255,0.0535,0.0,0.0,0.1255,0.0,0.9714,0.0286,False,False,False,0.2,1000
147,147,weak_baseline,50,10.0,5,16.0,2.0,35.0,0.15,10,0.1968,105.5,103.0,2.5,626.75,400.0,0.0287,0,0,0,0,0.0,116.0,0.0248,0.036,2,0.0,0,1.0,0.03,3.4,0.11,0.1255,0.1194,0.0693,0.0333,0.1255,0.0,0.9285,0.0715,False,False,False,0.2,1000
148,148,weak_baseline,50,5.0,2,18.0,2.0,35.0,0.25,6,0.0758,103.0,103.0,0.0,618.0,0.0,0.0,0,0,0,0,0.0,116.0,0.0248,0.036,2,0.0,0,1.0,0.03,3.4,0.11,0.1255,0.0417,0.0,0.0,0.1255,0.0,0.9749,0.0251,False,False,False,0.2,1000
149,149,weak_baseline,50,10.0,5,16.0,2.0,35.0,0.25,8,0.1489,105.5,103.0,2.5,628.0,240.0,0.0204,0,0,0,0,0.0,116.0,0.0248,0.036,2,0.0,0,1.0,0.03,3.4,0.11,0.1255,0.091,0.0693,0.02,0.1255,0.0,0.9402,0.0598,False,False,False,0.2,1000
150,150,weak_baseline,50,50.0,25,28.0,5.0,28.0,0.25,6,0.3974,207.75,187.5,20.25,1216.125,1800.0,0.1733,0,0,0,1,2.1,116.0,0.0248,0.036,2,0.0,0,1.0,0.1133,4.2,0.11,0.1468,0.3019,0.3086,0.15,0.1468,0.0,0.7845,0.2155,False,False,False,0.2,1000
151,151,weak_baseline,500,5.0,25,18.0,2.0,35.0,0.15,10,0.0715,1033.25,1030.0,3.25,6191.375,400.0,0.021,0,0,0,3,6.3,116.0,0.0248,0.036,2,0.0,0,1.0,0.28,5.8,0.11,0.1895,0.0454,0.009,0.0033,0.1895,0.0,0.962,0.038,False,False,False,0.2,1000
152,152,weak_baseline,500,25.0,125,18.0,2.0,28.0,0.25,10,0.3101,795.63,750.0,45.63,4659.705,4680.0,0.0978,0,0,0,7,14.7,116.0,0.0248,0.036,2,0.0,0,1.0,0.6133,9.0,0.11,0.2748,0.2106,0.1738,0.039,0.2748,0.0,0.854,0.146,False,False,False,0.2,1000
153,153,weak_baseline,50,50.0,25,28.0,2.0,28.0,0.25,8,0.407,83.1,75.0,8.1,482.4,1800.0,0.1658,0,0,0,1,2.1,116.0,0.0248,0.036,2,0.0,0,1.0,0.1133,4.2,0.11,0.1468,0.3053,0.3086,0.15,0.1468,0.0,0.7846,0.2154,False,False,False,0.2,1000
154,154,weak_baseline,100,25.0,25,18.0,5.0,30.0,0.25,10,0.2896,437.75,415.0,22.75,2569.625,840.0,0.0913,0,0,0,1,2.1,116.0,0.0248,0.036,2,0.0,0,1.0,0.1133,4.2,0.11,0.1468,0.1961,0.1566,0.035,0.1468,0.0,0.8762,0.1238,False,False,False,0.2,1000
155,155,weak_baseline,500,5.0,25,28.0,5.0,35.0,0.15,10,0.0359,2577.8125,2575.0,2.8125,15459.8438,300.0,0.0171,0,0,0,3,6.3,116.0,0.0248,0.036,2,0.0,0,1.0,0.28,5.8,0.11,0.1895,0.0244,0.0031,0.0025,0.1895,0.0,0.9702,0.0298,False,False,False,0.2,1000
156,156,weak_baseline,100,25.0,25,18.0,2.5,35.0,0.15,8,0.278,271.7188,257.5,14.2188,1601.875,1400.0,0.0829,0,0,0,1,2.1,116.0,0.0248,0.036,2,0.0,0,1.0,0.1133,4.2,0.11,0.1468,0.1876,0.1578,0.0583,0.1468,0.0,0.8763,0.1237,False,False,False,0.2,1000
157,157,weak_baseline,100,25.0,25,16.0,2.5,28.0,0.15,10,0.4649,214.5,187.5,27.0,1219.5,4800.0,0.2162,0,0,0,1,2.1,116.0,0.0248,0.036,2,0.0,0,1.0,0.1133,4.2,0.11,0.1468,0.3337,0.4114,0.2,0.1468,0.0,0.7405,0.2595,False,False,False,0.2,1000
158,158,weak_baseline,50,25.0,12,16.0,2.0,35.0,0.35,10,0.4487,115.5,103.0,12.5,661.75,857.1429,0.2312,0,0,0,1,2.1,116.0,0.0248,0.036,2,0.0,0,1.0,0.1133,4.2,0.11,0.1468,0.3246,0.3467,0.0714,0.1468,0.0,0.7732,0.2268,False,False,False,0.2,1000
159,159,weak_baseline,100,25.0,25,28.0,5.0,28.0,0.25,8,0.2063,385.125,375.0,10.125,2290.5,900.0,0.0405,0,0,0,1,2.1,116.0,0.0248,0.036,2,0.0,0,1.0,0.1133,4.2,0.11,0.1468,0.1336,0.0771,0.0375,0.1468,0.0,0.9181,0.0819,False,False,False,0.2,1000
160,160,weak_baseline,500,10.0,50,16.0,2.5,28.0,0.15,10,0.169,955.5,937.5,18.0,5688.0,3200.0,0.0361,0,0,0,4,8.4,116.0,0.0248,0.036,2,0.0,0,1.0,0.3633,6.6,0.11,0.2108,0.1052,0.0549,0.0267,0.2108,0.0,0.927,0.073,False,False,False,0.2,1000
161,161,weak_baseline,50,25.0,12,28.0,2.5,35.0,0.35,6,0.2071,131.5625,128.75,2.8125,785.1562,257.1429,0.0523,0,0,0,1,2.1,116.0,0.0248,0.036,2,0.0,0,1.0,0.1133,4.2,0.11,0.1468,0.135,0.0624,0.0214,0.1468,0.0,0.9213,0.0787,False,False,False,0.2,1000
162,162,weak_baseline,50,25.0,12,16.0,2.5,35.0,0.25,6,0.4703,147.5,128.75,18.75,856.875,1440.0,0.2292,0,0,0,1,2.1,116.0,0.0248,0.036,2,0.0,0,1.0,0.1133,4.2,0.11,0.1468,0.34,0.4161,0.12,0.1468,0.0,0.7477,0.2523,False,False,False,0.2,1000
163,163,weak_baseline,50,10.0,5,28.0,2.5,28.0,0.15,10,0.0946,93.75,93.75,0.0,562.5,0.0,0.0274,0,0,0,0,0.0,116.0,0.0248,0.036,2,0.0,0,1.0,0.03,3.4,0.11,0.1255,0.0589,0.0,0.0,0.1255,0.0,0.9657,0.0343,False,False,False,0.2,1000
164,164,weak_baseline,50,10.0,5,18.0,2.5,30.0,0.15,8,0.1079,105.375,103.75,1.625,629.0,200.0,0.0229,0,0,0,0,0.0,116.0,0.0248,0.036,2,0.0,0,1.0,0.03,3.4,0.11,0.1255,0.0691,0.0448,0.0167,0.1255,0.0,0.9518,0.0482,False,False,False,0.2,1000
165,165,weak_baseline,500,5.0,25,16.0,2.0,35.0,0.15,6,0.0994,1035.0,1030.0,5.0,6202.5,800.0,0.0008,0,0,0,3,6.3,116.0,0.0248,0.036,2,0.0,0,1.0,0.28,5.8,0.11,0.1895,0.0557,0.0139,0.0067,0.1895,0.0,0.9604,0.0396,False,False,False,0.2,1000
166,166,weak_baseline,500,50.0,250,18.0,2.5,30.0,0.25,10,0.5614,1265.0,1037.5,227.5,7021.25,16800.0,0.3654,0,0,0,12,25.2,116.0,0.0248,0.036,2,0.0,0,1.0,1.0,13.0,0.11,0.3815,0.4561,0.6265,0.14,0.3815,0.0,0.6239,0.3761,False,False,False,0.2,1000
167,167,weak_baseline,100,50.0,50,16.0,5.0,35.0,0.35,8,0.8892,790.0,515.0,275.0,4190.0,7542.8571,0.8959,0,0,0,2,4.2,116.0,0.0248,0.036,2,0.0,0,1.0,0.1967,5.0,0.11,0.1682,0.801,1.0,0.3143,0.1682,0.0,0.3613,0.6387,False,False,False,0.2,1000
168,168,weak_baseline,50,10.0,5,18.0,2.0,28.0,0.15,10,0.1038,76.17,75.0,1.17,454.095,200.0,0.0019,0,0,0,0,0.0,116.0,0.0248,0.036,2,0.0,0,1.0,0.03,3.4,0.11,0.1255,0.0616,0.0446,0.0167,0.1255,0.0,0.9573,0.0427,False,False,False,0.2,1000
169,169,weak_baseline,50,25.0,12,18.0,2.0,28.0,0.25,8,0.3041,79.68,75.0,4.68,468.72,480.0,0.0859,0,0,0,1,2.1,116.0,0.0248,0.036,2,0.0,0,1.0,0.1133,4.2,0.11,0.1468,0.2047,0.1783,0.04,0.1468,0.0,0.8694,0.1306,False,False,False,0.2,1000
170,170,weak_baseline,100,10.0,10,28.0,5.0,30.0,0.15,10,0.0739,417.25,415.0,2.25,2497.875,300.0,0.0163,0,0,0,1,2.1,116.0,0.0248,0.036,2,0.0,0,1.0,0.1133,4.2,0.11,0.1468,0.0467,0.0155,0.0125,0.1468,0.0,0.9639,0.0361,False,False,False,0.2,1000
171,171,weak_baseline,100,5.0,5,18.0,2.5,35.0,0.25,6,0.0623,257.5,257.5,0.0,1545.0,0.0,0.0124,0,0,0,1,2.1,116.0,0.0248,0.036,2,0.0,0,1.0,0.1133,4.2,0.11,0.1468,0.0373,0.0,0.0,0.1468,0.0,0.9722,0.0278,False,False,False,0.2,1000
172,172,weak_baseline,100,25.0,25,16.0,2.0,30.0,0.15,8,0.4631,190.0,166.0,24.0,1092.0,4800.0,0.2363,0,0,0,1,2.1,116.0,0.0248,0.036,2,0.0,0,1.0,0.1133,4.2,0.11,0.1468,0.3378,0.4131,0.2,0.1468,0.0,0.7359,0.2641,False,False,False,0.2,1000
173,173,weak_baseline,500,25.0,125,16.0,2.0,28.0,0.25,8,0.4503,850.8,750.0,100.8,4903.2,13440.0,0.2261,0,0,0,7,14.7,116.0,0.0248,0.036,2,0.0,0,1.0,0.6133,9.0,0.11,0.2748,0.3266,0.384,0.112,0.2748,0.0,0.747,0.253,False,False,False,0.2,1000
174,174,weak_baseline,100,25.0,25,28.0,2.0,30.0,0.15,8,0.1748,169.6,166.0,3.6,1010.4,1200.0,0.0447,0,0,0,1,2.1,116.0,0.0248,0.036,2,0.0,0,1.0,0.1133,4.2,0.11,0.1468,0.1153,0.062,0.05,0.1468,0.0,0.9241,0.0759,False,False,False,0.2,1000
175,175,weak_baseline,500,10.0,50,18.0,5.0,35.0,0.15,8,0.0999,2595.3125,2575.0,20.3125,15531.25,1000.0,0.0,0,0,0,4,8.4,116.0,0.0248,0.036,2,0.0,0,1.0,0.3633,6.6,0.11,0.2108,0.0569,0.0225,0.0083,0.2108,0.0,0.9561,0.0439,False,False,False,0.2,1000
176,176,weak_baseline,50,10.0,5,28.0,5.0,28.0,0.15,6,0.1072,189.525,187.5,2.025,1134.1125,300.0,0.0148,0,0,0,0,0.0,116.0,0.0248,0.036,2,0.0,0,1.0,0.03,3.4,0.11,0.1255,0.0666,0.0309,0.025,0.1255,0.0,0.9553,0.0447,False,False,False,0.2,1000
177,177,weak_baseline,100,50.0,50,28.0,5.0,35.0,0.35,10,0.3899,568.4375,515.0,53.4375,3277.0312,2442.8571,0.1943,0,0,0,2,4.2,116.0,0.0248,0.036,2,0.0,0,1.0,0.1967,5.0,0.11,0.1682,0.301,0.2965,0.1018,0.1682,0.0,0.7892,0.2108,False,False,False,0.2,1000
178,178,weak_baseline,100,10.0,10,18.0,2.5,30.0,0.35,6,0.1039,209.125,207.5,1.625,1252.3125,85.7143,0.0045,0,0,0,1,2.1,116.0,0.0248,0.036,2,0.0,0,1.0,0.1133,4.2,0.11,0.1468,0.0603,0.0224,0.0036,0.1468,0.0,0.9616,0.0384,False,False,False,0.2,1000
179,179,weak_baseline,50,25.0,12,28.0,2.5,30.0,0.25,6,0.1725,106.0,103.75,2.25,632.625,360.0,0.0336,0,0,0,1,2.1,116.0,0.0248,0.036,2,0.0,0,1.0,0.1133,4.2,0.11,0.1468,0.1113,0.062,0.03,0.1468,0.0,0.93,0.07,False,False,False,0.2,1000
180,180,weak_baseline,100,5.0,5,28.0,5.0,35.0,0.35,6,0.0331,515.0,515.0,0.0,3090.0,0.0,0.0047,0,0,0,1,2.1,116.0,0.0248,0.036,2,0.0,0,1.0,0.1133,4.2,0.11,0.1468,0.0194,0.0,0.0,0.1468,0.0,0.9788,0.0212,False,False,False,0.2,1000
181,181,weak_baseline,500,5.0,25,18.0,5.0,28.0,0.25,10,0.0642,1880.85,1875.0,5.85,11270.475,240.0,0.0042,0,0,0,3,6.3,116.0,0.0248,0.036,2,0.0,0,1.0,0.28,5.8,0.11,0.1895,0.0371,0.0089,0.002,0.1895,0.0,0.9672,0.0328,False,False,False,0.2,1000
182,182,weak_baseline,50,50.0,25,16.0,5.0,28.0,0.35,8,0.8988,286.5,187.5,99.0,1521.0,3771.4286,0.8803,0,0,0,1,2.1,116.0,0.0248,0.036,2,0.0,0,1.0,0.1133,4.2,0.11,0.1468,0.8024,1.0,0.3143,0.1468,0.0,0.3654,0.6346,False,False,False,0.2,1000
183,183,weak_baseline,500,50.0,250,18.0,5.0,35.0,0.15,10,0.5703,3155.9375,2575.0,580.9375,17483.2812,28600.0,0.3874,0,0,0,12,25.2,116.0,0.0248,0.036,2,0.0,0,1.0,1.0,13.0,0.11,0.3815,0.4677,0.6446,0.2383,0.3815,0.0,0.5987,0.4013,False,False,False,0.2,1000
184,184,weak_baseline,100,50.0,50,18.0,5.0,28.0,0.35,10,0.5873,459.825,375.0,84.825,2546.8875,2485.7143,0.3644,0,0,0,2,4.2,116.0,0.0248,0.036,2,0.0,0,1.0,0.1967,5.0,0.11,0.1682,0.4721,0.6463,0.1036,0.1682,0.0,0.6421,0.3579,False,False,False,0.2,1000
185,185,weak_baseline,50,50.0,25,18.0,5.0,35.0,0.35,8,0.6009,318.4375,257.5,60.9375,1788.75,1285.7143,0.3839,0,0,0,1,2.1,116.0,0.0248,0.036,2,0.0,0,1.0,0.1133,4.2,0.11,0.1468,0.4865,0.6761,0.1071,0.1468,0.0,0.6305,0.3695,False,False,False,0.2,1000
186,186,weak_baseline,500,10.0,50,18.0,5.0,35.0,0.35,8,0.1092,2595.3125,2575.0,20.3125,15531.25,428.5714,0.018,0,0,0,4,8.4,116.0,0.0248,0.036,2,0.0,0,1.0,0.3633,6.6,0.11,0.2108,0.0666,0.0225,0.0036,0.2108,0.0,0.9512,0.0488,False,False,False,0.2,1000
187,187,weak_baseline,50,25.0,12,28.0,5.0,30.0,0.15,8,0.2105,214.25,207.5,6.75,1272.0,900.0,0.0605,0,0,0,1,2.1,116.0,0.0248,0.036,2,0.0,0,1.0,0.1133,4.2,0.11,0.1468,0.1429,0.0929,0.075,0.1468,0.0,0.9035,0.0965,False,False,False,0.2,1000
188,188,weak_baseline,500,5.0,25,28.0,2.5,35.0,0.25,10,0.0111,1287.5,1287.5,0.0,7725.0,0.0,0.0,0,0,0,3,6.3,116.0,0.0248,0.036,2,0.0,0,1.0,0.28,5.8,0.11,0.1895,0.0061,0.0,0.0,0.1895,0.0,0.9792,0.0208,False,False,False,0.2,1000
189,189,weak_baseline,50,25.0,12,18.0,2.0,28.0,0.15,6,0.2639,78.51,75.0,3.51,465.795,600.0,0.0995,0,0,0,1,2.1,116.0,0.0248,0.036,2,0.0,0,1.0,0.1133,4.2,0.11,0.1468,0.182,0.1337,0.05,0.1468,0.0,0.8815,0.1185,False,False,False,0.2,1000
190,190,weak_baseline,50,5.0,2,28.0,5.0,28.0,0.35,8,0.0327,187.5,187.5,0.0,1125.0,0.0,0.0,0,0,0,0,0.0,116.0,0.0248,0.036,2,0.0,0,1.0,0.03,3.4,0.11,0.1255,0.018,0.0,0.0,0.1255,0.0,0.9821,0.0179,False,False,False,0.2,1000
191,191,weak_baseline,500,10.0,50,28.0,2.0,30.0,0.25,8,0.0907,834.5,830.0,4.5,4998.0,900.0,0.0,0,0,0,4,8.4,116.0,0.0248,0.036,2,0.0,0,1.0,0.3633,6.6,0.11,0.2108,0.0519,0.0155,0.0075,0.2108,0.0,0.9591,0.0409,False,False,False,0.2,1000
192,192,weak_baseline,100,25.0,25,28.0,2.0,35.0,0.15,8,0.1888,211.625,206.0,5.625,1258.5,1500.0,0.0548,0,0,0,1,2.1,116.0,0.0248,0.036,2,0.0,0,1.0,0.1133,4.2,0.11,0.1468,0.1276,0.078,0.0625,0.1468,0.0,0.9138,0.0862,False,False,False,0.2,1000
193,193,weak_baseline,100,10.0,10,18.0,5.0,30.0,0.25,10,0.1319,418.25,415.0,3.25,2501.375,120.0,0.0283,0,0,0,1,2.1,116.0,0.0248,0.036,2,0.0,0,1.0,0.1133,4.2,0.11,0.1468,0.0816,0.0224,0.005,0.1468,0.0,0.9514,0.0486,False,False,False,0.2,1000
194,194,weak_baseline,500,50.0,250,16.0,5.0,28.0,0.25,6,0.8631,2847.0,1875.0,972.0,15624.0,51840.0,0.8624,0,0,0,12,25.2,116.0,0.0248,0.036,2,0.0,0,1.0,1.0,13.0,0.11,0.3815,0.7767,1.0,0.432,0.3815,0.0,0.3347,0.6653,False,False,False,0.2,1000
195,195,weak_baseline,100,5.0,5,28.0,2.0,30.0,0.15,10,0.0558,166.0,166.0,0.0,996.0,0.0,0.0,0,0,0,1,2.1,116.0,0.0248,0.036,2,0.0,0,1.0,0.1133,4.2,0.11,0.1468,0.0307,0.0,0.0,0.1468,0.0,0.9761,0.0239,False,False,False,0.2,1000
196,196,weak_baseline,500,10.0,50,18.0,2.0,30.0,0.25,6,0.1415,839.1,830.0,9.1,5020.95,840.0,0.015,0,0,0,4,8.4,116.0,0.0248,0.036,2,0.0,0,1.0,0.3633,6.6,0.11,0.2108,0.0844,0.0313,0.007,0.2108,0.0,0.944,0.056,False,False,False,0.2,1000
197,197,weak_baseline,100,25.0,25,16.0,2.0,30.0,0.15,8,0.4167,186.0,166.0,20.0,1076.0,4000.0,0.2256,0,0,0,1,2.1,116.0,0.0248,0.036,2,0.0,0,1.0,0.1133,4.2,0.11,0.1468,0.3056,0.3442,0.1667,0.1468,0.0,0.766,0.234,False,False,False,0.2,1000
198,198,weak_baseline,500,25.0,125,16.0,2.0,30.0,0.25,6,0.4568,944.0,830.0,114.0,5493.0,13680.0,0.2139,0,0,0,7,14.7,116.0,0.0248,0.036,2,0.0,0,1.0,0.6133,9.0,0.11,0.2748,0.3275,0.3924,0.114,0.2748,0.0,0.7466,0.2534,False,False,False,0.2,1000
199,199,weak_baseline,500,50.0,250,18.0,2.0,28.0,0.15,10,0.5639,914.97,750.0,164.97,5077.395,28200.0,0.3799,0,0,0,12,25.2,116.0,0.0248,0.036,2,0.0,0,1.0,1.0,13.0,0.11,0.3815,0.4615,0.6285,0.235,0.3815,0.0,0.6055,0.3945,False,False,False,0.2,1000
200,200,weak_baseline,500,50.0,250,16.0,2.0,30.0,0.15,8,0.8629,1262.0,830.0,432.0,6708.0,86400.0,0.8597,0,0,0,12,25.2,116.0,0.0248,0.036,2,0.0,0,1.0,1.0,13.0,0.11,0.3815,0.7759,1.0,0.72,0.3815,0.0,0.2921,0.7079,False,False,False,0.2,1000
201,201,weak_baseline,500,50.0,250,16.0,2.5,35.0,0.35,6,0.861,1959.375,1287.5,671.875,10748.4375,36857.1429,0.8616,0,0,0,12,25.2,116.0,0.0248,0.036,2,0.0,0,1.0,1.0,13.0,0.11,0.3815,0.7749,1.0,0.3071,0.3815,0.0,0.3541,0.6459,False,False,False,0.2,1000
202,202,weak_baseline,50,10.0,5,18.0,2.0,35.0,0.25,8,0.1001,104.625,103.0,1.625,624.5,120.0,0.0097,0,0,0,0,0.0,116.0,0.0248,0.036,2,0.0,0,1.0,0.03,3.4,0.11,0.1255,0.0615,0.0451,0.01,0.1255,0.0,0.957,0.043,False,False,False,0.2,1000
203,203,weak_baseline,500,5.0,25,28.0,2.0,35.0,0.35,8,0.0405,1031.125,1030.0,1.125,6184.5,128.5714,0.0214,0,0,0,3,6.3,116.0,0.0248,0.036,2,0.0,0,1.0,0.28,5.8,0.11,0.1895,0.028,0.0031,0.0011,0.1895,0.0,0.9687,0.0313,False,False,False,0.2,1000
204,204,weak_baseline,500,5.0,25,18.0,2.0,35.0,0.25,8,0.0867,1033.25,1030.0,3.25,6193.0,240.0,0.0,0,0,0,3,6.3,116.0,0.0248,0.036,2,0.0,0,1.0,0.28,5.8,0.11,0.1895,0.0485,0.009,0.002,0.1895,0.0,0.9644,0.0356,False,False,False,0.2,1000
205,205,weak_baseline,50,25.0,12,16.0,2.0,35.0,0.35,8,0.4527,115.5,103.0,12.5,668.0,857.1429,0.2372,0,0,0,1,2.1,116.0,0.0248,0.036,2,0.0,0,1.0,0.1133,4.2,0.11,0.1468,0.3283,0.3467,0.0714,0.1468,0.0,0.7712,0.2288,False,False,False,0.2,1000
206,206,weak_baseline,500,25.0,125,16.0,2.5,35.0,0.25,6,0.4638,1468.75,1287.5,181.25,8540.625,13920.0,0.2189,0,0,0,7,14.7,116.0,0.0248,0.036,2,0.0,0,1.0,0.6133,9.0,0.11,0.2748,0.333,0.4022,0.116,0.2748,0.0,0.7419,0.2581,False,False,False,0.2,1000
207,207,weak_baseline,500,50.0,250,28.0,5.0,28.0,0.15,8,0.3743,2065.35,1875.0,190.35,12011.4,28200.0,0.1795,0,0,0,12,25.2,116.0,0.0248,0.036,2,0.0,0,1.0,1.0,13.0,0.11,0.3815,0.2883,0.2901,0.235,0.3815,0.0,0.7552,0.2448,False,False,False,0.2,1000
208,208,weak_baseline,100,5.0,5,18.0,2.0,28.0,0.15,6,0.0468,150.0,150.0,0.0,900.0,0.0,0.0,0,0,0,1,2.1,116.0,0.0248,0.036,2,0.0,0,1.0,0.1133,4.2,0.11,0.1468,0.0257,0.0,0.0,0.1468,0.0,0.9776,0.0224,False,False,False,0.2,1000
209,209,weak_baseline,100,50.0,50,18.0,5.0,28.0,0.25,6,0.5699,456.9,375.0,81.9,2618.55,3360.0,0.3817,0,0,0,2,4.2,116.0,0.0248,0.036,2,0.0,0,1.0,0.1967,5.0,0.11,0.1682,0.4649,0.624,0.14,0.1682,0.0,0.6407,0.3593,False,False,False,0.2,1000
210,210,weak_baseline,500,25.0,125,18.0,2.5,30.0,0.25,6,0.3038,1099.25,1037.5,61.75,6502.875,4560.0,0.1145,0,0,0,7,14.7,116.0,0.0248,0.036,2,0.0,0,1.0,0.6133,9.0,0.11,0.2748,0.211,0.1701,0.038,0.2748,0.0,0.8523,0.1477,False,False,False,0.2,1000
211,211,weak_baseline,100,25.0,25,16.0,5.0,30.0,0.25,8,0.4705,475.0,415.0,60.0,2730.0,2880.0,0.236,0,0,0,1,2.1,116.0,0.0248,0.036,2,0.0,0,1.0,0.1133,4.2,0.11,0.1468,0.3418,0.4131,0.12,0.1468,0.0,0.7468,0.2532,False,False,False,0.2,1000
212,212,weak_baseline,50,50.0,25,16.0,5.0,28.0,0.35,8,0.8776,286.5,187.5,99.0,1521.0,3771.4286,0.8617,0,0,0,1,2.1,116.0,0.0248,0.036,2,0.0,0,1.0,0.1133,4.2,0.11,0.1468,0.7861,1.0,0.3143,0.1468,0.0,0.3731,0.6269,False,False,False,0.2,1000
213,213,weak_baseline,100,25.0,25,18.0,5.0,35.0,0.25,8,0.2692,543.4375,515.0,28.4375,3203.75,840.0,0.0853,0,0,0,1,2.1,116.0,0.0248,0.036,2,0.0,0,1.0,0.1133,4.2,0.11,0.1468,0.1834,0.1578,0.035,0.1468,0.0,0.8807,0.1193,False,False,False,0.2,1000
214,214,weak_baseline,100,5.0,5,28.0,5.0,30.0,0.25,8,0.0484,415.0,415.0,0.0,2490.0,0.0,0.0138,0,0,0,1,2.1,116.0,0.0248,0.036,2,0.0,0,1.0,0.1133,4.2,0.11,0.1468,0.0301,0.0,0.0,0.1468,0.0,0.9742,0.0258,False,False,False,0.2,1000
215,215,weak_baseline,50,5.0,2,28.0,2.5,30.0,0.35,10,0.0581,103.75,103.75,0.0,622.5,0.0,0.0098,0,0,0,0,0.0,116.0,0.0248,0.036,2,0.0,0,1.0,0.03,3.4,0.11,0.1255,0.0344,0.0,0.0,0.1255,0.0,0.9757,0.0243,False,False,False,0.2,1000
216,216,weak_baseline,50,10.0,5,28.0,2.5,28.0,0.15,10,0.0541,93.75,93.75,0.0,562.5,0.0,0.016,0,0,0,0,0.0,116.0,0.0248,0.036,2,0.0,0,1.0,0.03,3.4,0.11,0.1255,0.0338,0.0,0.0,0.1255,0.0,0.9749,0.0251,False,False,False,0.2,1000
217,217,weak_baseline,100,25.0,25,18.0,2.0,35.0,0.15,10,0.3,217.375,206.0,11.375,1275.8125,1400.0,0.1155,0,0,0,1,2.1,116.0,0.0248,0.036,2,0.0,0,1.0,0.1133,4.2,0.11,0.1468,0.2079,0.1578,0.0583,0.1468,0.0,0.8653,0.1347,False,False,False,0.2,1000
218,218,weak_baseline,100,50.0,50,16.0,2.0,35.0,0.25,10,0.8839,316.0,206.0,110.0,1621.0,10560.0,0.8899,0,0,0,2,4.2,116.0,0.0248,0.036,2,0.0,0,1.0,0.1967,5.0,0.11,0.1682,0.7966,1.0,0.44,0.1682,0.0,0.3447,0.6553,False,False,False,0.2,1000
219,219,weak_baseline,50,5.0,2,16.0,2.0,30.0,0.35,10,0.0822,83.0,83.0,0.0,498.0,0.0,0.0107,0,0,0,0,0.0,116.0,0.0248,0.036,2,0.0,0,1.0,0.03,3.4,0.11,0.1255,0.0479,0.0,0.0,0.1255,0.0,0.9715,0.0285,False,False,False,0.2,1000
220,220,weak_baseline,100,25.0,25,28.0,2.0,35.0,0.25,8,0.2119,211.625,206.0,5.625,1258.5,900.0,0.0676,0,0,0,1,2.1,116.0,0.0248,0.036,2,0.0,0,1.0,0.1133,4.2,0.11,0.1468,0.1434,0.078,0.0375,0.1468,0.0,0.9109,0.0891,False,False,False,0.2,1000
221,221,weak_baseline,50,5.0,2,16.0,2.5,28.0,0.35,6,0.0857,93.75,93.75,0.0,562.5,0.0,0.0,0,0,0,0,0.0,116.0,0.0248,0.036,2,0.0,0,1.0,0.03,3.4,0.11,0.1255,0.0471,0.0,0.0,0.1255,0.0,0.9733,0.0267,False,False,False,0.2,1000
222,222,weak_baseline,500,25.0,125,28.0,5.0,28.0,0.35,8,0.2028,1925.625,1875.0,50.625,11452.5,3214.2857,0.0613,0,0,0,7,14.7,116.0,0.0248,0.036,2,0.0,0,1.0,0.6133,9.0,0.11,0.2748,0.1368,0.0771,0.0268,0.2748,0.0,0.9028,0.0972,False,False,False,0.2,1000
223,223,weak_baseline,50,10.0,5,18.0,2.0,28.0,0.15,10,0.1332,76.17,75.0,1.17,454.095,200.0,0.0068,0,0,0,0,0.0,116.0,0.0248,0.036,2,0.0,0,1.0,0.03,3.4,0.11,0.1255,0.079,0.0446,0.0167,0.1255,0.0,0.9513,0.0487,False,False,False,0.2,1000
224,224,weak_baseline,100,5.0,5,18.0,5.0,30.0,0.25,10,0.0761,415.0,415.0,0.0,2490.0,0.0,0.007,0,0,0,1,2.1,116.0,0.0248,0.036,2,0.0,0,1.0,0.1133,4.2,0.11,0.1468,0.0436,0.0,0.0,0.1468,0.0,0.9712,0.0288,False,False,False,0.2,1000
225,225,weak_baseline,500,5.0,25,16.0,2.5,35.0,0.35,8,0.0877,1293.75,1287.5,6.25,7750.0,342.8571,0.0052,0,0,0,3,6.3,116.0,0.0248,0.036,2,0.0,0,1.0,0.28,5.8,0.11,0.1895,0.0503,0.0139,0.0029,0.1895,0.0,0.962,0.038,False,False,False,0.2,1000
226,226,weak_baseline,100,5.0,5,16.0,5.0,28.0,0.25,8,0.0869,375.0,375.0,0.0,2250.0,0.0,0.0094,0,0,0,1,2.1,116.0,0.0248,0.036,2,0.0,0,1.0,0.1133,4.2,0.11,0.1468,0.0502,0.0,0.0,0.1468,0.0,0.9689,0.0311,False,False,False,0.2,1000
227,227,weak_baseline,50,10.0,5,16.0,5.0,28.0,0.15,8,0.1791,192.0,187.5,4.5,1143.0,400.0,0.028,0,0,0,0,0.0,116.0,0.0248,0.036,2,0.0,0,1.0,0.03,3.4,0.11,0.1255,0.1095,0.0686,0.0333,0.1255,0.0,0.9317,0.0683,False,False,False,0.2,1000
228,228,weak_baseline,50,25.0,12,28.0,2.5,35.0,0.25,6,0.221,132.9688,128.75,4.2188,791.4844,540.0,0.0398,0,0,0,1,2.1,116.0,0.0248,0.036,2,0.0,0,1.0,0.1133,4.2,0.11,0.1468,0.1435,0.0936,0.045,0.1468,0.0,0.9108,0.0892,False,False,False,0.2,1000
229,229,weak_baseline,500,25.0,125,16.0,2.5,35.0,0.35,10,0.4206,1453.125,1287.5,165.625,8304.6875,9085.7143,0.2159,0,0,0,7,14.7,116.0,0.0248,0.036,2,0.0,0,1.0,0.6133,9.0,0.11,0.2748,0.3065,0.3675,0.0757,0.2748,0.0,0.7633,0.2367,False,False,False,0.2,1000
230,230,weak_baseline,500,10.0,50,16.0,5.0,35.0,0.35,10,0.1683,2625.0,2575.0,50.0,15625.0,1371.4286,0.0506,0,0,0,4,8.4,116.0,0.0248,0.036,2,0.0,0,1.0,0.3633,6.6,0.11,0.2108,0.1084,0.0555,0.0114,0.2108,0.0,0.926,0.074,False,False,False,0.2,1000
231,231,weak_baseline,50,5.0,2,16.0,5.0,35.0,0.25,6,0.0981,257.5,257.5,0.0,1545.0,0.0,0.0205,0,0,0,0,0.0,116.0,0.0248,0.036,2,0.0,0,1.0,0.03,3.4,0.11,0.1255,0.0591,0.0,0.0,0.1255,0.0,0.9667,0.0333,False,False,False,0.2,1000
232,232,weak_baseline,100,5.0,5,18.0,5.0,30.0,0.35,10,0.0852,415.0,415.0,0.0,2490.0,0.0,0.0049,0,0,0,1,2.1,116.0,0.0248,0.036,2,0.0,0,1.0,0.1133,4.2,0.11,0.1468,0.0481,0.0,0.0,0.1468,0.0,0.9702,0.0298,False,False,False,0.2,1000
233,233,weak_baseline,500,50.0,250,18.0,2.0,35.0,0.15,8,0.558,1255.875,1030.0,225.875,7083.5,27800.0,0.3593,0,0,0,12,25.2,116.0,0.0248,0.036,2,0.0,0,1.0,1.0,13.0,0.11,0.3815,0.4523,0.6266,0.2317,0.3815,0.0,0.6122,0.3878,False,False,False,0.2,1000
234,234,weak_baseline,100,10.0,10,18.0,2.0,30.0,0.35,10,0.1049,167.3,166.0,1.3,1000.55,85.7143,0.0332,0,0,0,1,2.1,116.0,0.0248,0.036,2,0.0,0,1.0,0.1133,4.2,0.11,0.1468,0.068,0.0224,0.0036,0.1468,0.0,0.9549,0.0451,False,False,False,0.2,1000
235,235,weak_baseline,100,50.0,50,16.0,5.0,35.0,0.15,8,0.8791,790.0,515.0,275.0,4190.0,17600.0,0.8778,0,0,0,2,4.2,116.0,0.0248,0.036,2,0.0,0,1.0,0.1967,5.0,0.11,0.1682,0.791,1.0,0.7333,0.1682,0.0,0.3042,0.6958,False,False,False,0.2,1000
236,236,weak_baseline,100,50.0,50,16.0,2.0,28.0,0.25,6,0.9167,232.8,150.0,82.8,1272.6,11040.0,0.9313,0,0,0,2,4.2,116.0,0.0248,0.036,2,0.0,0,1.0,0.1967,5.0,0.11,0.1682,0.829,1.0,0.46,0.1682,0.0,0.3258,0.6742,False,False,False,0.2,1000
237,237,weak_baseline,100,10.0,10,16.0,5.0,35.0,0.25,8,0.1594,527.5,515.0,12.5,3140.0,480.0,0.0183,0,0,0,1,2.1,116.0,0.0248,0.036,2,0.0,0,1.0,0.1133,4.2,0.11,0.1468,0.0962,0.0693,0.02,0.1468,0.0,0.9368,0.0632,False,False,False,0.2,1000
238,238,weak_baseline,500,50.0,250,18.0,2.5,28.0,0.15,8,0.6052,1158.3375,937.5,220.8375,6508.35,30200.0,0.3936,0,0,0,12,25.2,116.0,0.0248,0.036,2,0.0,0,1.0,1.0,13.0,0.11,0.3815,0.4917,0.673,0.2517,0.3815,0.0,0.583,0.417,False,False,False,0.2,1000
239,239,weak_baseline,50,10.0,5,28.0,2.0,28.0,0.25,8,0.0798,75.0,75.0,0.0,450.0,0.0,0.0225,0,0,0,0,0.0,116.0,0.0248,0.036,2,0.0,0,1.0,0.03,3.4,0.11,0.1255,0.0495,0.0,0.0,0.1255,0.0,0.9692,0.0308,False,False,False,0.2,1000
240,240,weak_baseline,500,50.0,250,18.0,2.0,28.0,0.25,10,0.5565,912.63,750.0,162.63,5069.205,16680.0,0.3523,0,0,0,12,25.2,116.0,0.0248,0.036,2,0.0,0,1.0,1.0,13.0,0.11,0.3815,0.4498,0.6195,0.139,0.3815,0.0,0.6293,0.3707,False,False,False,0.2,1000
241,241,weak_baseline,100,50.0,50,18.0,2.5,28.0,0.35,6,0.5822,229.9125,187.5,42.4125,1315.8563,2485.7143,0.3729,0,0,0,2,4.2,116.0,0.0248,0.036,2,0.0,0,1.0,0.1967,5.0,0.11,0.1682,0.4714,0.6463,0.1036,0.1682,0.0,0.641,0.359,False,False,False,0.2,1000
242,242,weak_baseline,100,5.0,5,18.0,2.5,35.0,0.25,10,0.0774,257.5,257.5,0.0,1545.0,0.0,0.01,0,0,0,1,2.1,116.0,0.0248,0.036,2,0.0,0,1.0,0.1133,4.2,0.11,0.1468,0.045,0.0,0.0,0.1468,0.0,0.9703,0.0297,False,False,False,0.2,1000
243,243,weak_baseline,500,5.0,25,16.0,2.5,30.0,0.25,6,0.0925,1042.5,1037.5,5.0,6247.5,480.0,0.0039,0,0,0,3,6.3,116.0,0.0248,0.036,2,0.0,0,1.0,0.28,5.8,0.11,0.1895,0.0526,0.0138,0.004,0.1895,0.0,0.9613,0.0387,False,False,False,0.2,1000
244,244,weak_baseline,50,10.0,5,28.0,2.5,35.0,0.15,10,0.0528,128.75,128.75,0.0,772.5,0.0,0.0,0,0,0,0,0.0,116.0,0.0248,0.036,2,0.0,0,1.0,0.03,3.4,0.11,0.1255,0.0291,0.0,0.0,0.1255,0.0,0.9787,0.0213,False,False,False,0.2,1000
245,245,weak_baseline,100,50.0,50,28.0,2.0,35.0,0.35,8,0.3789,227.375,206.0,21.375,1321.5,2442.8571,0.1878,0,0,0,2,4.2,116.0,0.0248,0.036,2,0.0,0,1.0,0.1967,5.0,0.11,0.1682,0.2933,0.2965,0.1018,0.1682,0.0,0.7925,0.2075,False,False,False,0.2,1000
246,246,weak_baseline,100,10.0,10,18.0,5.0,30.0,0.35,10,0.1059,418.25,415.0,3.25,2501.375,85.7143,0.0269,0,0,0,1,2.1,116.0,0.0248,0.036,2,0.0,0,1.0,0.1133,4.2,0.11,0.1468,0.067,0.0224,0.0036,0.1468,0.0,0.9562,0.0438,False,False,False,0.2,1000
247,247,weak_baseline,500,50.0,250,28.0,2.5,30.0,0.15,10,0.3926,1147.75,1037.5,110.25,6610.875,29400.0,0.1836,0,0,0,12,25.2,116.0,0.0248,0.036,2,0.0,0,1.0,1.0,13.0,0.11,0.3815,0.301,0.3036,0.245,0.3815,0.0,0.7465,0.2535,False,False,False,0.2,1000
248,248,weak_baseline,100,25.0,25,28.0,5.0,28.0,0.35,10,0.1987,385.125,375.0,10.125,2285.4375,642.8571,0.0634,0,0,0,1,2.1,116.0,0.0248,0.036,2,0.0,0,1.0,0.1133,4.2,0.11,0.1468,0.1351,0.0771,0.0268,0.1468,0.0,0.9158,0.0842,False,False,False,0.2,1000
249,249,weak_baseline,500,10.0,50,28.0,5.0,30.0,0.15,6,0.0816,2084.0,2075.0,9.0,12490.5,1200.0,0.0162,0,0,0,4,8.4,116.0,0.0248,0.036,2,0.0,0,1.0,0.3633,6.6,0.11,0.2108,0.0505,0.0124,0.01,0.2108,0.0,0.9574,0.0426,False,False,False,0.2,1000
250,250,weak_baseline,100,10.0,10,28.0,2.0,35.0,0.35,6,0.0567,207.125,206.0,1.125,1241.0625,128.5714,0.0,0,0,0,1,2.1,116.0,0.0248,0.036,2,0.0,0,1.0,0.1133,4.2,0.11,0.1468,0.0332,0.0156,0.0054,0.1468,0.0,0.9714,0.0286,False,False,False,0.2,1000
251,1,network_focused,100,50.0,50,16.0,5.0,28.0,0.25,8,0.3989,465.0,375.0,90.0,2610.0,4800.0,0.4033,0,20,0,6,18.0,195.0,0.061,0.06,2,0.2,20,0.8,0.575,17.8,0.395,0.5227,0.3602,0.6857,0.2,0.5227,0.2,0.592,0.408,False,True,False,0.5,100
252,2,network_focused,100,5.0,5,28.0,5.0,28.0,0.35,6,0.0074,375.0,375.0,0.0,2250.0,0.0,0.0068,0,0,0,4,12.0,195.0,0.061,0.06,2,0.0,0,1.0,0.4083,16.2,0.395,0.466,0.0058,0.0,0.0,0.466,0.0,0.9506,0.0494,False,True,False,0.5,100
253,3,network_focused,500,50.0,250,18.0,2.5,35.0,0.25,6,0.2231,1401.25,1287.5,113.75,8236.875,6720.0,0.152,0,56,0,14,42.0,195.0,0.061,0.09,2,0.112,56,0.888,1.0,24.2,0.395,0.7794,0.1831,0.2524,0.056,0.7794,0.112,0.7742,0.2258,False,True,False,0.5,100
254,4,network_focused,500,25.0,125,28.0,2.0,28.0,0.25,8,0.0797,758.1,750.0,8.1,4532.4,1800.0,0.0069,0,10,0,9,27.0,195.0,0.061,0.09,2,0.02,10,0.98,0.825,20.2,0.395,0.6377,0.0496,0.0309,0.015,0.6377,0.02,0.9099,0.0901,False,True,False,0.5,100
255,5,network_focused,100,25.0,25,28.0,5.0,35.0,0.25,6,0.0787,520.625,515.0,5.625,3115.3125,360.0,0.0117,0,2,0,5,15.0,195.0,0.061,0.06,2,0.02,2,0.98,0.4917,17.0,0.395,0.4944,0.0502,0.0312,0.015,0.4944,0.02,0.9233,0.0767,False,True,False,0.5,100
256,6,network_focused,500,25.0,125,18.0,5.0,35.0,0.35,6,0.1029,2627.8125,2575.0,52.8125,15687.6562,1114.2857,0.0527,0,13,0,9,27.0,195.0,0.061,0.09,2,0.026,13,0.974,0.825,20.2,0.395,0.6377,0.075,0.0586,0.0093,0.6377,0.026,0.8901,0.1099,False,True,False,0.5,100
257,7,network_focused,100,10.0,10,18.0,2.5,35.0,0.15,6,0.0426,257.5,257.5,0.0,1545.0,0.0,0.0032,0,0,0,4,12.0,195.0,0.061,0.06,2,0.0,0,1.0,0.4083,16.2,0.395,0.466,0.0242,0.0,0.0,0.466,0.0,0.9456,0.0544,False,True,False,0.5,100
258,8,network_focused,100,50.0,50,16.0,5.0,30.0,0.35,6,0.4105,520.0,415.0,105.0,2962.5,3600.0,0.396,0,21,0,6,18.0,195.0,0.061,0.06,2,0.21,21,0.79,0.575,17.8,0.395,0.5227,0.3668,0.7229,0.15,0.5227,0.21,0.5902,0.4098,False,True,False,0.5,100
259,9,network_focused,500,10.0,50,16.0,5.0,35.0,0.15,6,0.088,2600.0,2575.0,25.0,15562.5,1600.0,0.0,0,4,0,6,18.0,195.0,0.061,0.09,2,0.008,4,0.992,0.575,17.8,0.395,0.5527,0.05,0.0277,0.0133,0.5527,0.008,0.9214,0.0786,False,True,False,0.5,100
260,10,network_focused,100,25.0,25,28.0,2.0,35.0,0.15,8,0.06,208.25,206.0,2.25,1245.0,600.0,0.0155,0,2,0,5,15.0,195.0,0.061,0.06,2,0.02,2,0.98,0.4917,17.0,0.395,0.4944,0.0409,0.0312,0.025,0.4944,0.02,0.924,0.076,False,True,False,0.5,100
261,11,network_focused,50,50.0,25,28.0,2.5,35.0,0.15,8,0.1948,135.7812,128.75,7.0312,800.625,1500.0,0.0791,0,5,0,3,9.0,195.0,0.061,0.06,2,0.1,5,0.9,0.325,15.4,0.395,0.4377,0.1469,0.156,0.125,0.4377,0.1,0.8403,0.1597,False,True,False,0.5,100
262,12,network_focused,100,5.0,5,16.0,5.0,28.0,0.35,10,0.0542,375.0,375.0,0.0,2250.0,0.0,0.0194,0,0,0,4,12.0,195.0,0.061,0.06,2,0.0,0,1.0,0.4083,16.2,0.395,0.466,0.0347,0.0,0.0,0.466,0.0,0.9401,0.0599,False,True,False,0.5,100
263,13,network_focused,50,10.0,5,18.0,2.0,30.0,0.25,6,0.033,83.0,83.0,0.0,498.0,0.0,0.0143,0,0,0,2,6.0,195.0,0.061,0.06,2,0.0,0,1.0,0.2417,14.6,0.395,0.4094,0.0217,0.0,0.0,0.4094,0.0,0.9504,0.0496,False,True,False,0.5,100
264,14,network_focused,100,5.0,5,16.0,5.0,35.0,0.15,8,0.0656,515.0,515.0,0.0,3090.0,0.0,0.0,0,0,0,4,12.0,195.0,0.061,0.06,2,0.0,0,1.0,0.4083,16.2,0.395,0.466,0.0361,0.0,0.0,0.466,0.0,0.9426,0.0574,False,True,False,0.5,100
265,15,network_focused,100,50.0,50,16.0,2.5,30.0,0.15,10,0.4173,260.0,207.5,52.5,1428.75,8400.0,0.4105,0,21,0,6,18.0,195.0,0.061,0.06,2,0.21,21,0.79,0.575,17.8,0.395,0.5227,0.3741,0.7229,0.35,0.5227,0.21,0.5558,0.4442,False,True,False,0.5,100
266,16,network_focused,500,50.0,250,28.0,5.0,28.0,0.15,8,0.1667,1960.05,1875.0,85.05,11590.2,12600.0,0.0867,0,42,0,14,42.0,195.0,0.061,0.09,2,0.084,42,0.916,1.0,24.2,0.395,0.7794,0.1302,0.1296,0.105,0.7794,0.084,0.8199,0.1801,False,True,False,0.5,100
267,17,network_focused,500,10.0,50,16.0,5.0,30.0,0.25,10,0.0807,2095.0,2075.0,20.0,12520.0,960.0,0.0,0,4,0,6,18.0,195.0,0.061,0.09,2,0.008,4,0.992,0.575,17.8,0.395,0.5527,0.046,0.0275,0.008,0.5527,0.008,0.9234,0.0766,False,True,False,0.5,100
268,18,network_focused,500,5.0,25,16.0,2.5,30.0,0.15,6,0.0103,1037.5,1037.5,0.0,6225.0,0.0,0.0,0,0,0,5,15.0,195.0,0.061,0.09,2,0.0,0,1.0,0.4917,17.0,0.395,0.5244,0.0057,0.0,0.0,0.5244,0.0,0.9459,0.0541,False,True,False,0.5,100
269,19,network_focused,100,25.0,25,18.0,5.0,35.0,0.35,8,0.1003,527.1875,515.0,12.1875,3138.75,257.1429,0.0387,0,3,0,5,15.0,195.0,0.061,0.06,2,0.03,3,0.97,0.4917,17.0,0.395,0.4944,0.0708,0.0676,0.0107,0.4944,0.03,0.9054,0.0946,False,True,False,0.5,100
270,20,network_focused,500,10.0,50,16.0,2.0,30.0,0.25,10,0.0593,836.0,830.0,6.0,5001.0,720.0,0.0193,0,3,0,6,18.0,195.0,0.061,0.09,2,0.006,3,0.994,0.575,17.8,0.395,0.5527,0.0387,0.0207,0.006,0.5527,0.006,0.9246,0.0754,False,True,False,0.5,100
271,21,network_focused,500,25.0,125,28.0,5.0,30.0,0.25,6,0.0831,2097.5,2075.0,22.5,12551.25,1800.0,0.0075,0,10,0,9,27.0,195.0,0.061,0.09,2,0.02,10,0.98,0.825,20.2,0.395,0.6377,0.0516,0.031,0.015,0.6377,0.02,0.9092,0.0908,False,True,False,0.5,100
272,22,network_focused,50,50.0,25,16.0,5.0,35.0,0.25,8,0.3937,320.0,257.5,62.5,1795.0,2400.0,0.3957,0,10,0,3,9.0,195.0,0.061,0.06,2,0.2,10,0.8,0.325,15.4,0.395,0.4377,0.3555,0.6935,0.2,0.4377,0.2,0.6015,0.3985,False,True,False,0.5,100
273,23,network_focused,100,10.0,10,16.0,5.0,28.0,0.35,10,0.0766,379.5,375.0,4.5,2265.75,171.4286,0.0235,0,1,0,4,12.0,195.0,0.061,0.06,2,0.01,1,0.99,0.4083,16.2,0.395,0.466,0.05,0.0343,0.0071,0.466,0.01,0.926,0.074,False,True,False,0.5,100
274,24,network_focused,50,5.0,2,16.0,5.0,28.0,0.35,10,0.0421,187.5,187.5,0.0,1125.0,0.0,0.0,0,0,0,2,6.0,195.0,0.061,0.06,2,0.0,0,1.0,0.2417,14.6,0.395,0.4094,0.0231,0.0,0.0,0.4094,0.0,0.9521,0.0479,False,True,False,0.5,100
275,25,network_focused,500,50.0,250,16.0,2.0,35.0,0.35,10,0.3383,1242.5,1030.0,212.5,6923.75,14571.4286,0.3542,0,85,0,14,42.0,195.0,0.061,0.09,2,0.17,85,0.83,1.0,24.2,0.395,0.7794,0.3086,0.5895,0.1214,0.7794,0.17,0.6232,0.3768,False,True,False,0.5,100
276,26,network_focused,100,5.0,5,18.0,5.0,30.0,0.25,6,0.0298,415.0,415.0,0.0,2490.0,0.0,0.0043,0,0,0,4,12.0,195.0,0.061,0.06,2,0.0,0,1.0,0.4083,16.2,0.395,0.466,0.0174,0.0,0.0,0.466,0.0,0.9475,0.0525,False,True,False,0.5,100
277,27,network_focused,500,25.0,125,28.0,2.5,30.0,0.15,6,0.091,1049.875,1037.5,12.375,6280.6875,3300.0,0.0236,0,11,0,9,27.0,195.0,0.061,0.09,2,0.022,11,0.978,0.825,20.2,0.395,0.6377,0.0604,0.0341,0.0275,0.6377,0.022,0.9014,0.0986,False,True,False,0.5,100
278,28,network_focused,50,50.0,25,18.0,2.0,35.0,0.15,10,0.2853,114.375,103.0,11.375,657.8125,1400.0,0.1682,0,7,0,3,9.0,195.0,0.061,0.06,2,0.14,7,0.86,0.325,15.4,0.395,0.4377,0.2269,0.3155,0.1167,0.4377,0.14,0.7683,0.2317,False,True,False,0.5,100
279,29,network_focused,100,5.0,5,18.0,2.0,28.0,0.35,8,0.0546,150.0,150.0,0.0,900.0,0.0,0.0094,0,0,0,4,12.0,195.0,0.061,0.06,2,0.0,0,1.0,0.4083,16.2,0.395,0.466,0.0324,0.0,0.0,0.466,0.0,0.9423,0.0577,False,True,False,0.5,100
280,30,network_focused,100,25.0,25,18.0,2.5,30.0,0.15,8,0.1406,214.0,207.5,6.5,1271.0,800.0,0.0522,0,4,0,5,15.0,195.0,0.061,0.06,2,0.04,4,0.96,0.4917,17.0,0.395,0.4944,0.0983,0.0895,0.0333,0.4944,0.04,0.8863,0.1137,False,True,False,0.5,100
281,31,network_focused,500,10.0,50,28.0,2.0,28.0,0.35,8,0.0295,750.81,750.0,0.81,4503.24,128.5714,0.0,0,1,0,6,18.0,195.0,0.061,0.09,2,0.002,1,0.998,0.575,17.8,0.395,0.5527,0.0166,0.0031,0.0011,0.5527,0.002,0.9388,0.0612,False,True,False,0.5,100
282,32,network_focused,50,5.0,2,16.0,2.5,35.0,0.35,8,0.0425,128.75,128.75,0.0,772.5,0.0,0.0055,0,0,0,2,6.0,195.0,0.061,0.06,2,0.0,0,1.0,0.2417,14.6,0.395,0.4094,0.0248,0.0,0.0,0.4094,0.0,0.9508,0.0492,False,True,False,0.5,100
283,33,network_focused,50,10.0,5,18.0,2.0,30.0,0.15,8,0.0781,83.0,83.0,0.0,498.0,0.0,0.0192,0,0,0,2,6.0,195.0,0.061,0.06,2,0.0,0,1.0,0.2417,14.6,0.395,0.4094,0.0477,0.0,0.0,0.4094,0.0,0.9419,0.0581,False,True,False,0.5,100
284,34,network_focused,50,5.0,2,28.0,5.0,28.0,0.15,8,0.0003,187.5,187.5,0.0,1125.0,0.0,0.0,0,0,0,2,6.0,195.0,0.061,0.06,2,0.0,0,1.0,0.2417,14.6,0.395,0.4094,0.0002,0.0,0.0,0.4094,0.0,0.959,0.041,False,True,False,0.5,100
285,35,network_focused,50,50.0,25,28.0,5.0,28.0,0.15,10,0.1939,197.625,187.5,10.125,1160.4375,1500.0,0.0833,0,5,0,3,9.0,195.0,0.061,0.06,2,0.1,5,0.9,0.325,15.4,0.395,0.4377,0.1475,0.1543,0.125,0.4377,0.1,0.8399,0.1601,False,True,False,0.5,100
286,36,network_focused,50,10.0,5,16.0,5.0,30.0,0.15,6,0.0987,207.5,207.5,0.0,1245.0,0.0,0.029,0,0,0,2,6.0,195.0,0.061,0.06,2,0.0,0,1.0,0.2417,14.6,0.395,0.4094,0.0615,0.0,0.0,0.4094,0.0,0.9363,0.0637,False,True,False,0.5,100
287,37,network_focused,100,25.0,25,16.0,2.0,35.0,0.35,8,0.1826,218.5,206.0,12.5,1286.0,857.1429,0.0833,0,5,0,5,15.0,195.0,0.061,0.06,2,0.05,5,0.95,0.4917,17.0,0.395,0.4944,0.1313,0.1734,0.0357,0.4944,0.05,0.8536,0.1464,False,True,False,0.5,100
288,38,network_focused,50,10.0,5,28.0,2.5,35.0,0.25,10,0.0087,128.75,128.75,0.0,772.5,0.0,0.0,0,0,0,2,6.0,195.0,0.061,0.06,2,0.0,0,1.0,0.2417,14.6,0.395,0.4094,0.0048,0.0,0.0,0.4094,0.0,0.9576,0.0424,False,True,False,0.5,100
289,39,network_focused,500,50.0,250,28.0,5.0,30.0,0.25,8,0.1315,2149.25,2075.0,74.25,12747.0,5940.0,0.0542,0,33,0,14,42.0,195.0,0.061,0.09,2,0.066,33,0.934,1.0,24.2,0.395,0.7794,0.0991,0.1022,0.0495,0.7794,0.066,0.8497,0.1503,False,True,False,0.5,100
290,40,network_focused,500,50.0,250,16.0,2.5,35.0,0.15,6,0.3573,1565.625,1287.5,278.125,8976.5625,35600.0,0.3739,0,89,0,14,42.0,195.0,0.061,0.09,2,0.178,89,0.822,1.0,24.2,0.395,0.7794,0.3256,0.6172,0.2967,0.7794,0.178,0.5826,0.4174,False,True,False,0.5,100
291,41,network_focused,500,50.0,250,18.0,5.0,28.0,0.25,10,0.2049,2024.175,1875.0,149.175,11772.1125,6120.0,0.1213,0,51,0,14,42.0,195.0,0.061,0.09,2,0.102,51,0.898,1.0,24.2,0.395,0.7794,0.1634,0.2273,0.051,0.7794,0.102,0.7915,0.2085,False,True,False,0.5,100
292,42,network_focused,500,5.0,25,18.0,2.0,35.0,0.35,8,0.0457,1031.625,1030.0,1.625,6186.5,85.7143,0.0,0,1,0,5,15.0,195.0,0.061,0.09,2,0.002,1,0.998,0.4917,17.0,0.395,0.5244,0.0255,0.0045,0.0007,0.5244,0.002,0.9387,0.0613,False,True,False,0.5,100
293,43,network_focused,100,5.0,5,16.0,5.0,35.0,0.35,6,0.0434,515.0,515.0,0.0,3090.0,0.0,0.0035,0,0,0,4,12.0,195.0,0.061,0.06,2,0.0,0,1.0,0.4083,16.2,0.395,0.466,0.0248,0.0,0.0,0.466,0.0,0.9454,0.0546,False,True,False,0.5,100
294,44,network_focused,100,25.0,25,16.0,2.0,35.0,0.15,6,0.2142,218.5,206.0,12.5,1292.25,2000.0,0.1173,0,5,0,5,15.0,195.0,0.061,0.06,2,0.05,5,0.95,0.4917,17.0,0.395,0.4944,0.1571,0.1734,0.0833,0.4944,0.05,0.8337,0.1663,False,True,False,0.5,100
295,45,network_focused,50,10.0,5,18.0,5.0,30.0,0.25,6,0.0447,207.5,207.5,0.0,1245.0,0.0,0.0072,0,0,0,2,6.0,195.0,0.061,0.06,2,0.0,0,1.0,0.2417,14.6,0.395,0.4094,0.0264,0.0,0.0,0.4094,0.0,0.9501,0.0499,False,True,False,0.5,100
296,46,network_focused,100,25.0,25,18.0,5.0,30.0,0.25,8,0.1055,424.75,415.0,9.75,2529.0,360.0,0.0535,0,3,0,5,15.0,195.0,0.061,0.06,2,0.03,3,0.97,0.4917,17.0,0.395,0.4944,0.0774,0.0671,0.015,0.4944,0.03,0.9006,0.0994,False,True,False,0.5,100
297,47,network_focused,100,25.0,25,16.0,2.5,30.0,0.15,8,0.2031,220.0,207.5,12.5,1295.0,2000.0,0.0904,0,5,0,5,15.0,195.0,0.061,0.06,2,0.05,5,0.95,0.4917,17.0,0.395,0.4944,0.1443,0.1721,0.0833,0.4944,0.05,0.8418,0.1582,False,True,False,0.5,100
298,48,network_focused,50,5.0,2,18.0,5.0,35.0,0.35,10,0.021,257.5,257.5,0.0,1545.0,0.0,0.0,0,0,0,2,6.0,195.0,0.061,0.06,2,0.0,0,1.0,0.2417,14.6,0.395,0.4094,0.0115,0.0,0.0,0.4094,0.0,0.9556,0.0444,False,True,False,0.5,100
299,49,network_focused,100,10.0,10,18.0,2.0,30.0,0.35,10,0.0611,167.3,166.0,1.3,1000.55,85.7143,0.0153,0,1,0,4,12.0,195.0,0.061,0.06,2,0.01,1,0.99,0.4083,16.2,0.395,0.466,0.0394,0.0224,0.0036,0.466,0.01,0.9333,0.0667,False,True,False,0.5,100
300,50,network_focused,100,50.0,50,28.0,5.0,30.0,0.25,10,0.1595,433.0,415.0,18.0,2553.0,1440.0,0.0836,0,8,0,6,18.0,195.0,0.061,0.06,2,0.08,8,0.92,0.575,17.8,0.395,0.5227,0.1246,0.1239,0.06,0.5227,0.08,0.856,0.144,False,True,False,0.5,100
301,51,network_focused,50,10.0,5,28.0,2.5,28.0,0.35,10,0.0653,93.75,93.75,0.0,562.5,0.0,0.0242,0,0,0,2,6.0,195.0,0.061,0.06,2,0.0,0,1.0,0.2417,14.6,0.395,0.4094,0.042,0.0,0.0,0.4094,0.0,0.9429,0.0571,False,True,False,0.5,100
302,52,network_focused,500,5.0,25,16.0,2.0,28.0,0.25,10,0.0181,750.0,750.0,0.0,4500.0,0.0,0.007,0,0,0,5,15.0,195.0,0.061,0.09,2,0.0,0,1.0,0.4917,17.0,0.395,0.5244,0.0117,0.0,0.0,0.5244,0.0,0.943,0.057,False,True,False,0.5,100
303,53,network_focused,50,10.0,5,16.0,5.0,30.0,0.25,6,0.0534,207.5,207.5,0.0,1245.0,0.0,0.0162,0,0,0,2,6.0,195.0,0.061,0.06,2,0.0,0,1.0,0.2417,14.6,0.395,0.4094,0.0334,0.0,0.0,0.4094,0.0,0.9466,0.0534,False,True,False,0.5,100
304,54,network_focused,500,50.0,250,28.0,2.0,28.0,0.35,8,0.1556,781.59,750.0,31.59,4626.36,5014.2857,0.0505,0,39,0,14,42.0,195.0,0.061,0.09,2,0.078,39,0.922,1.0,24.2,0.395,0.7794,0.1138,0.1203,0.0418,0.7794,0.078,0.8422,0.1578,False,True,False,0.5,100
305,55,network_focused,500,25.0,125,28.0,2.0,35.0,0.35,8,0.0867,1042.375,1030.0,12.375,6229.5,1414.2857,0.0318,0,11,0,9,27.0,195.0,0.061,0.09,2,0.022,11,0.978,0.825,20.2,0.395,0.6377,0.06,0.0343,0.0118,0.6377,0.022,0.9026,0.0974,False,True,False,0.5,100
306,56,network_focused,50,5.0,2,16.0,2.0,28.0,0.15,10,0.0471,75.0,75.0,0.0,450.0,0.0,0.0,0,0,0,2,6.0,195.0,0.061,0.06,2,0.0,0,1.0,0.2417,14.6,0.395,0.4094,0.0259,0.0,0.0,0.4094,0.0,0.9513,0.0487,False,True,False,0.5,100
307,57,network_focused,100,25.0,25,18.0,2.5,30.0,0.25,6,0.1335,212.375,207.5,4.875,1266.9375,360.0,0.063,0,3,0,5,15.0,195.0,0.061,0.06,2,0.03,3,0.97,0.4917,17.0,0.395,0.4944,0.0952,0.0671,0.015,0.4944,0.03,0.8939,0.1061,False,True,False,0.5,100
308,58,network_focused,50,25.0,12,28.0,5.0,35.0,0.15,6,0.0653,260.3125,257.5,2.8125,1557.6562,300.0,0.0099,0,1,0,2,6.0,195.0,0.061,0.06,2,0.02,1,0.98,0.2417,14.6,0.395,0.4094,0.0424,0.0312,0.025,0.4094,0.02,0.9329,0.0671,False,True,False,0.5,100
309,59,network_focused,500,50.0,250,16.0,2.0,35.0,0.15,10,0.3139,1225.0,1030.0,195.0,6862.5,31200.0,0.3277,0,78,0,14,42.0,195.0,0.061,0.09,2,0.156,78,0.844,1.0,24.2,0.395,0.7794,0.2858,0.5409,0.26,0.7794,0.156,0.6244,0.3756,False,True,False,0.5,100
310,60,network_focused,500,25.0,125,28.0,5.0,28.0,0.15,6,0.0589,1889.175,1875.0,14.175,11313.7875,2100.0,0.028,0,7,0,9,27.0,195.0,0.061,0.09,2,0.014,7,0.986,0.825,20.2,0.395,0.6377,0.0422,0.0216,0.0175,0.6377,0.014,0.911,0.089,False,True,False,0.5,100
311,61,network_focused,500,50.0,250,18.0,2.0,35.0,0.25,6,0.2443,1129.125,1030.0,99.125,6626.0625,7320.0,0.1613,0,61,0,14,42.0,195.0,0.061,0.09,2,0.122,61,0.878,1.0,24.2,0.395,0.7794,0.1991,0.275,0.061,0.7794,0.122,0.7618,0.2382,False,True,False,0.5,100
312,62,network_focused,50,10.0,5,18.0,2.0,35.0,0.15,6,0.067,103.0,103.0,0.0,618.0,0.0,0.0172,0,0,0,2,6.0,195.0,0.061,0.06,2,0.0,0,1.0,0.2417,14.6,0.395,0.4094,0.0411,0.0,0.0,0.4094,0.0,0.9441,0.0559,False,True,False,0.5,100
313,63,network_focused,100,5.0,5,18.0,5.0,28.0,0.35,6,0.046,375.0,375.0,0.0,2250.0,0.0,0.0,0,0,0,4,12.0,195.0,0.061,0.06,2,0.0,0,1.0,0.4083,16.2,0.395,0.466,0.0253,0.0,0.0,0.466,0.0,0.9458,0.0542,False,True,False,0.5,100
314,64,network_focused,500,25.0,125,18.0,2.0,35.0,0.35,10,0.0849,1047.875,1030.0,17.875,6242.5625,942.8571,0.0374,0,11,0,9,27.0,195.0,0.061,0.09,2,0.022,11,0.978,0.825,20.2,0.395,0.6377,0.0604,0.0496,0.0079,0.6377,0.022,0.8992,0.1008,False,True,False,0.5,100
315,65,network_focused,100,5.0,5,16.0,2.0,28.0,0.25,8,0.0462,150.0,150.0,0.0,900.0,0.0,0.0092,0,0,0,4,12.0,195.0,0.061,0.06,2,0.0,0,1.0,0.4083,16.2,0.395,0.466,0.0277,0.0,0.0,0.466,0.0,0.9437,0.0563,False,True,False,0.5,100
316,66,network_focused,500,50.0,250,18.0,5.0,30.0,0.25,6,0.2197,2253.75,2075.0,178.75,13254.375,6600.0,0.1371,0,55,0,14,42.0,195.0,0.061,0.09,2,0.11,55,0.89,1.0,24.2,0.395,0.7794,0.1771,0.2461,0.055,0.7794,0.11,0.7799,0.2201,False,True,False,0.5,100
317,67,network_focused,100,50.0,50,16.0,5.0,35.0,0.25,10,0.3739,633.75,515.0,118.75,3505.625,4560.0,0.3786,0,19,0,6,18.0,195.0,0.061,0.06,2,0.19,19,0.81,0.575,17.8,0.395,0.5227,0.3383,0.6588,0.19,0.5227,0.19,0.6102,0.3898,False,True,False,0.5,100
318,68,network_focused,50,5.0,2,16.0,2.0,30.0,0.35,8,0.0569,83.0,83.0,0.0,498.0,0.0,0.0,0,0,0,2,6.0,195.0,0.061,0.06,2,0.0,0,1.0,0.2417,14.6,0.395,0.4094,0.0313,0.0,0.0,0.4094,0.0,0.9497,0.0503,False,True,False,0.5,100
319,69,network_focused,100,25.0,25,18.0,2.0,28.0,0.25,6,0.1263,153.51,150.0,3.51,915.795,360.0,0.0515,0,3,0,5,15.0,195.0,0.061,0.06,2,0.03,3,0.97,0.4917,17.0,0.395,0.4944,0.0883,0.0669,0.015,0.4944,0.03,0.8977,0.1023,False,True,False,0.5,100
320,70,network_focused,50,10.0,5,16.0,2.5,30.0,0.35,6,0.083,103.75,103.75,0.0,622.5,0.0,0.0129,0,0,0,2,6.0,195.0,0.061,0.06,2,0.0,0,1.0,0.2417,14.6,0.395,0.4094,0.0489,0.0,0.0,0.4094,0.0,0.9425,0.0575,False,True,False,0.5,100
321,71,network_focused,50,5.0,2,18.0,2.0,35.0,0.35,10,0.043,103.0,103.0,0.0,618.0,0.0,0.0173,0,0,0,2,6.0,195.0,0.061,0.06,2,0.0,0,1.0,0.2417,14.6,0.395,0.4094,0.028,0.0,0.0,0.4094,0.0,0.9481,0.0519,False,True,False,0.5,100
322,72,network_focused,50,25.0,12,18.0,2.0,35.0,0.35,8,0.1539,106.25,103.0,3.25,631.0,171.4286,0.0691,0,2,0,2,6.0,195.0,0.061,0.06,2,0.04,2,0.96,0.2417,14.6,0.395,0.4094,0.1099,0.0902,0.0143,0.4094,0.04,0.8915,0.1085,False,True,False,0.5,100
323,73,network_focused,500,10.0,50,28.0,2.0,28.0,0.25,8,0.024,750.81,750.0,0.81,4503.24,180.0,0.0019,0,1,0,6,18.0,195.0,0.061,0.09,2,0.002,1,0.998,0.575,17.8,0.395,0.5527,0.014,0.0031,0.0015,0.5527,0.002,0.9392,0.0608,False,True,False,0.5,100
324,74,network_focused,50,10.0,5,18.0,2.5,30.0,0.25,8,0.0688,103.75,103.75,0.0,622.5,0.0,0.0034,0,0,0,2,6.0,195.0,0.061,0.06,2,0.0,0,1.0,0.2417,14.6,0.395,0.4094,0.0387,0.0,0.0,0.4094,0.0,0.9469,0.0531,False,True,False,0.5,100
325,75,network_focused,50,50.0,25,28.0,2.0,30.0,0.15,10,0.1576,86.6,83.0,3.6,510.6,1200.0,0.0512,0,4,0,3,9.0,195.0,0.061,0.06,2,0.08,4,0.92,0.325,15.4,0.395,0.4377,0.1155,0.1239,0.1,0.4377,0.08,0.8661,0.1339,False,True,False,0.5,100
326,76,network_focused,100,25.0,25,28.0,2.5,30.0,0.25,8,0.0856,209.75,207.5,2.25,1254.0,360.0,0.0322,0,2,0,5,15.0,195.0,0.061,0.06,2,0.02,2,0.98,0.4917,17.0,0.395,0.4944,0.0591,0.031,0.015,0.4944,0.02,0.9176,0.0824,False,True,False,0.5,100
327,77,network_focused,500,10.0,50,18.0,5.0,35.0,0.15,8,0.0506,2587.1875,2575.0,12.1875,15498.75,600.0,0.0,0,3,0,6,18.0,195.0,0.061,0.09,2,0.006,3,0.994,0.575,17.8,0.395,0.5527,0.029,0.0135,0.005,0.5527,0.006,0.932,0.068,False,True,False,0.5,100
328,78,network_focused,100,25.0,25,18.0,5.0,35.0,0.25,10,0.1577,531.25,515.0,16.25,3146.875,480.0,0.0625,0,4,0,5,15.0,195.0,0.061,0.06,2,0.04,4,0.96,0.4917,17.0,0.395,0.4944,0.1103,0.0902,0.02,0.4944,0.04,0.8831,0.1169,False,True,False,0.5,100
329,79,network_focused,100,50.0,50,18.0,2.5,28.0,0.35,8,0.2412,205.05,187.5,17.55,1195.2,1028.5714,0.1767,0,12,0,6,18.0,195.0,0.061,0.06,2,0.12,12,0.88,0.575,17.8,0.395,0.5227,0.2008,0.2674,0.0429,0.5227,0.12,0.7891,0.2109,False,True,False,0.5,100
330,80,network_focused,50,5.0,2,28.0,5.0,28.0,0.25,8,0.0358,187.5,187.5,0.0,1125.0,0.0,0.0149,0,0,0,2,6.0,195.0,0.061,0.06,2,0.0,0,1.0,0.2417,14.6,0.395,0.4094,0.0234,0.0,0.0,0.4094,0.0,0.9498,0.0502,False,True,False,0.5,100
331,81,network_focused,50,50.0,25,28.0,2.0,35.0,0.25,8,0.164,107.5,103.0,4.5,636.0,720.0,0.0801,0,4,0,3,9.0,195.0,0.061,0.06,2,0.08,4,0.92,0.325,15.4,0.395,0.4377,0.1262,0.1248,0.06,0.4377,0.08,0.8644,0.1356,False,True,False,0.5,100
332,82,network_focused,500,50.0,250,18.0,2.5,35.0,0.25,6,0.2252,1401.25,1287.5,113.75,8236.875,6720.0,0.1478,0,56,0,14,42.0,195.0,0.061,0.09,2,0.112,56,0.888,1.0,24.2,0.395,0.7794,0.1832,0.2524,0.056,0.7794,0.112,0.7748,0.2252,False,True,False,0.5,100
333,83,network_focused,500,50.0,250,28.0,2.5,35.0,0.35,6,0.1582,1343.75,1287.5,56.25,7978.125,5142.8571,0.0877,0,40,0,14,42.0,195.0,0.061,0.09,2,0.08,40,0.92,1.0,24.2,0.395,0.7794,0.1249,0.1248,0.0429,0.7794,0.08,0.832,0.168,False,True,False,0.5,100
334,84,network_focused,50,10.0,5,28.0,2.5,28.0,0.35,10,0.0426,93.75,93.75,0.0,562.5,0.0,0.0064,0,0,0,2,6.0,195.0,0.061,0.06,2,0.0,0,1.0,0.2417,14.6,0.395,0.4094,0.025,0.0,0.0,0.4094,0.0,0.9506,0.0494,False,True,False,0.5,100
335,85,network_focused,500,50.0,250,18.0,2.0,28.0,0.15,8,0.2058,809.67,750.0,59.67,4738.68,10200.0,0.1342,0,51,0,14,42.0,195.0,0.061,0.09,2,0.102,51,0.898,1.0,24.2,0.395,0.7794,0.1672,0.2273,0.085,0.7794,0.102,0.7834,0.2166,False,True,False,0.5,100
336,86,network_focused,500,10.0,50,18.0,2.5,30.0,0.35,8,0.0572,1042.375,1037.5,4.875,6244.5,257.1429,0.0074,0,3,0,6,18.0,195.0,0.061,0.09,2,0.006,3,0.994,0.575,17.8,0.395,0.5527,0.0345,0.0134,0.0021,0.5527,0.006,0.9297,0.0703,False,True,False,0.5,100
337,87,network_focused,100,5.0,5,18.0,2.5,30.0,0.15,6,0.0029,207.5,207.5,0.0,1245.0,0.0,0.0178,0,0,0,4,12.0,195.0,0.061,0.06,2,0.0,0,1.0,0.4083,16.2,0.395,0.466,0.006,0.0,0.0,0.466,0.0,0.9489,0.0511,False,True,False,0.5,100
338,88,network_focused,50,25.0,12,18.0,2.5,28.0,0.35,8,0.1286,96.675,93.75,2.925,574.2,171.4286,0.0408,0,2,0,2,6.0,195.0,0.061,0.06,2,0.04,2,0.96,0.2417,14.6,0.395,0.4094,0.0889,0.0891,0.0143,0.4094,0.04,0.9023,0.0977,False,True,False,0.5,100
339,89,network_focused,100,50.0,50,18.0,2.5,28.0,0.35,6,0.2361,205.05,187.5,17.55,1203.975,1028.5714,0.1674,0,12,0,6,18.0,195.0,0.061,0.06,2,0.12,12,0.88,0.575,17.8,0.395,0.5227,0.1957,0.2674,0.0429,0.5227,0.12,0.792,0.208,False,True,False,0.5,100
340,90,network_focused,500,5.0,25,28.0,5.0,28.0,0.35,6,0.0,1875.0,1875.0,0.0,11250.0,0.0,0.0,0,0,0,5,15.0,195.0,0.061,0.09,2,0.0,0,1.0,0.4917,17.0,0.395,0.5244,0.0,0.0,0.0,0.5244,0.0,0.9476,0.0524,False,True,False,0.5,100
341,91,network_focused,500,50.0,250,18.0,2.5,35.0,0.15,6,0.2015,1389.0625,1287.5,101.5625,8182.0312,10000.0,0.1373,0,50,0,14,42.0,195.0,0.061,0.09,2,0.1,50,0.9,1.0,24.2,0.395,0.7794,0.1651,0.2254,0.0833,0.7794,0.1,0.7844,0.2156,False,True,False,0.5,100
342,92,network_focused,100,5.0,5,28.0,2.0,30.0,0.35,10,0.0137,166.0,166.0,0.0,996.0,0.0,0.0,0,0,0,4,12.0,195.0,0.061,0.06,2,0.0,0,1.0,0.4083,16.2,0.395,0.466,0.0075,0.0,0.0,0.466,0.0,0.9511,0.0489,False,True,False,0.5,100
343,93,network_focused,50,10.0,5,18.0,2.0,35.0,0.15,10,0.0698,103.0,103.0,0.0,618.0,0.0,0.0106,0,0,0,2,6.0,195.0,0.061,0.06,2,0.0,0,1.0,0.2417,14.6,0.395,0.4094,0.041,0.0,0.0,0.4094,0.0,0.9452,0.0548,False,True,False,0.5,100
344,94,network_focused,100,25.0,25,16.0,2.0,30.0,0.35,8,0.2211,178.0,166.0,12.0,1044.0,1028.5714,0.1117,0,6,0,5,15.0,195.0,0.061,0.06,2,0.06,6,0.94,0.4917,17.0,0.395,0.4944,0.1615,0.2065,0.0429,0.4944,0.06,0.8316,0.1684,False,True,False,0.5,100
345,95,network_focused,500,25.0,125,28.0,5.0,30.0,0.35,8,0.0531,2090.75,2075.0,15.75,12513.0,900.0,0.006,0,7,0,9,27.0,195.0,0.061,0.09,2,0.014,7,0.986,0.825,20.2,0.395,0.6377,0.0335,0.0217,0.0075,0.6377,0.014,0.9184,0.0816,False,True,False,0.5,100
346,96,network_focused,100,10.0,10,28.0,2.5,35.0,0.35,10,0.011,257.5,257.5,0.0,1545.0,0.0,0.0,0,0,0,4,12.0,195.0,0.061,0.06,2,0.0,0,1.0,0.4083,16.2,0.395,0.466,0.006,0.0,0.0,0.466,0.0,0.9516,0.0484,False,True,False,0.5,100
347,97,network_focused,50,10.0,5,18.0,2.0,30.0,0.35,6,0.0303,83.0,83.0,0.0,498.0,0.0,0.0,0,0,0,2,6.0,195.0,0.061,0.06,2,0.0,0,1.0,0.2417,14.6,0.395,0.4094,0.0167,0.0,0.0,0.4094,0.0,0.9541,0.0459,False,True,False,0.5,100
348,98,network_focused,500,10.0,50,28.0,2.5,28.0,0.25,8,0.044,939.525,937.5,2.025,5633.1,360.0,0.0117,0,2,0,6,18.0,195.0,0.061,0.09,2,0.004,2,0.996,0.575,17.8,0.395,0.5527,0.0279,0.0062,0.003,0.5527,0.004,0.9325,0.0675,False,True,False,0.5,100
349,99,network_focused,500,10.0,50,28.0,2.5,30.0,0.15,6,0.0171,1038.625,1037.5,1.125,6230.0625,300.0,0.0152,0,1,0,6,18.0,195.0,0.061,0.09,2,0.002,1,0.998,0.575,17.8,0.395,0.5527,0.0136,0.0031,0.0025,0.5527,0.002,0.9372,0.0628,False,True,False,0.5,100
350,100,network_focused,500,5.0,25,18.0,2.5,28.0,0.15,6,0.0448,938.9625,937.5,1.4625,5631.5813,200.0,0.0215,0,1,0,5,15.0,195.0,0.061,0.09,2,0.002,1,0.998,0.4917,17.0,0.395,0.5244,0.0304,0.0045,0.0017,0.5244,0.002,0.9339,0.0661,False,True,False,0.5,100
351,101,network_focused,500,50.0,250,18.0,2.5,30.0,0.35,10,0.2407,1135.0,1037.5,97.5,6566.25,5142.8571,0.156,0,60,0,14,42.0,195.0,0.061,0.09,2,0.12,60,0.88,1.0,24.2,0.395,0.7794,0.1954,0.2685,0.0429,0.7794,0.12,0.7679,0.2321,False,True,False,0.5,100
352,102,network_focused,50,5.0,2,16.0,2.0,30.0,0.15,8,0.0421,83.0,83.0,0.0,498.0,0.0,0.0,0,0,0,2,6.0,195.0,0.061,0.06,2,0.0,0,1.0,0.2417,14.6,0.395,0.4094,0.0232,0.0,0.0,0.4094,0.0,0.9521,0.0479,False,True,False,0.5,100
353,103,network_focused,100,50.0,50,28.0,2.0,35.0,0.15,10,0.1655,215.0,206.0,9.0,1267.5,2400.0,0.0762,0,8,0,6,18.0,195.0,0.061,0.06,2,0.08,8,0.92,0.575,17.8,0.395,0.5227,0.1261,0.1248,0.1,0.5227,0.08,0.8505,0.1495,False,True,False,0.5,100
354,104,network_focused,100,5.0,5,28.0,5.0,28.0,0.25,8,0.0,375.0,375.0,0.0,2250.0,0.0,0.0132,0,0,0,4,12.0,195.0,0.061,0.06,2,0.0,0,1.0,0.4083,16.2,0.395,0.466,0.0033,0.0,0.0,0.466,0.0,0.9504,0.0496,False,True,False,0.5,100
355,105,network_focused,50,25.0,12,16.0,2.5,30.0,0.15,8,0.1957,108.75,103.75,5.0,642.5,800.0,0.1176,0,2,0,2,6.0,195.0,0.061,0.06,2,0.04,2,0.96,0.2417,14.6,0.395,0.4094,0.1451,0.1377,0.0667,0.4094,0.04,0.8564,0.1436,False,True,False,0.5,100
356,106,network_focused,50,10.0,5,28.0,5.0,30.0,0.35,10,0.0425,207.5,207.5,0.0,1245.0,0.0,0.001,0,0,0,2,6.0,195.0,0.061,0.06,2,0.0,0,1.0,0.2417,14.6,0.395,0.4094,0.0236,0.0,0.0,0.4094,0.0,0.9518,0.0482,False,True,False,0.5,100
357,107,network_focused,500,10.0,50,16.0,2.0,35.0,0.25,6,0.0817,1040.0,1030.0,10.0,6225.0,960.0,0.0202,0,4,0,6,18.0,195.0,0.061,0.09,2,0.008,4,0.992,0.575,17.8,0.395,0.5527,0.0516,0.0277,0.008,0.5527,0.008,0.9187,0.0813,False,True,False,0.5,100
358,108,network_focused,50,25.0,12,28.0,2.5,35.0,0.25,8,0.1169,130.1562,128.75,1.4062,778.125,180.0,0.0269,0,1,0,2,6.0,195.0,0.061,0.06,2,0.02,1,0.98,0.2417,14.6,0.395,0.4094,0.075,0.0312,0.015,0.4094,0.02,0.922,0.078,False,True,False,0.5,100
359,109,network_focused,500,5.0,25,16.0,2.0,30.0,0.35,8,0.0175,830.0,830.0,0.0,4980.0,0.0,0.0164,0,0,0,5,15.0,195.0,0.061,0.09,2,0.0,0,1.0,0.4917,17.0,0.395,0.5244,0.0137,0.0,0.0,0.5244,0.0,0.941,0.059,False,True,False,0.5,100
360,110,network_focused,50,10.0,5,28.0,2.0,35.0,0.25,8,0.0353,103.0,103.0,0.0,618.0,0.0,0.0063,0,0,0,2,6.0,195.0,0.061,0.06,2,0.0,0,1.0,0.2417,14.6,0.395,0.4094,0.021,0.0,0.0,0.4094,0.0,0.9518,0.0482,False,True,False,0.5,100
361,111,network_focused,100,50.0,50,18.0,2.0,35.0,0.15,8,0.2534,227.125,206.0,21.125,1320.5,2600.0,0.1747,0,13,0,6,18.0,195.0,0.061,0.06,2,0.13,13,0.87,0.575,17.8,0.395,0.5227,0.209,0.293,0.1083,0.5227,0.13,0.771,0.229,False,True,False,0.5,100
362,112,network_focused,500,25.0,125,18.0,2.5,35.0,0.15,8,0.1323,1322.0312,1287.5,34.5312,7863.125,3400.0,0.0569,0,17,0,9,27.0,195.0,0.061,0.09,2,0.034,17,0.966,0.825,20.2,0.395,0.6377,0.0938,0.0766,0.0283,0.6377,0.034,0.8766,0.1234,False,True,False,0.5,100
363,113,network_focused,50,50.0,25,28.0,5.0,30.0,0.15,10,0.1972,218.75,207.5,11.25,1284.375,1500.0,0.0846,0,5,0,3,9.0,195.0,0.061,0.06,2,0.1,5,0.9,0.325,15.4,0.395,0.4377,0.1496,0.1549,0.125,0.4377,0.1,0.8389,0.1611,False,True,False,0.5,100
364,114,network_focused,100,10.0,10,18.0,2.5,30.0,0.25,8,0.0547,209.125,207.5,1.625,1251.5,120.0,0.0,0,1,0,4,12.0,195.0,0.061,0.06,2,0.01,1,0.99,0.4083,16.2,0.395,0.466,0.0321,0.0224,0.005,0.466,0.01,0.9376,0.0624,False,True,False,0.5,100
365,115,network_focused,100,25.0,25,28.0,2.0,28.0,0.35,6,0.1068,152.43,150.0,2.43,910.935,385.7143,0.0224,0,3,0,5,15.0,195.0,0.061,0.06,2,0.03,3,0.97,0.4917,17.0,0.395,0.4944,0.0703,0.0463,0.0161,0.4944,0.03,0.9114,0.0886,False,True,False,0.5,100
366,116,network_focused,50,10.0,5,18.0,2.0,30.0,0.15,8,0.0816,83.0,83.0,0.0,498.0,0.0,0.027,0,0,0,2,6.0,195.0,0.061,0.06,2,0.0,0,1.0,0.2417,14.6,0.395,0.4094,0.0516,0.0,0.0,0.4094,0.0,0.9395,0.0605,False,True,False,0.5,100
367,117,network_focused,500,25.0,125,16.0,2.0,35.0,0.25,8,0.1545,1077.5,1030.0,47.5,6370.0,4560.0,0.0721,0,19,0,9,27.0,195.0,0.061,0.09,2,0.038,19,0.962,0.825,20.2,0.395,0.6377,0.1106,0.1318,0.038,0.6377,0.038,0.8564,0.1436,False,True,False,0.5,100
368,118,network_focused,500,10.0,50,16.0,5.0,30.0,0.35,8,0.0917,2100.0,2075.0,25.0,12550.0,857.1429,0.0077,0,5,0,6,18.0,195.0,0.061,0.09,2,0.01,5,0.99,0.575,17.8,0.395,0.5527,0.0544,0.0344,0.0071,0.5527,0.01,0.9183,0.0817,False,True,False,0.5,100
369,119,network_focused,500,5.0,25,28.0,2.0,28.0,0.25,6,0.0,750.0,750.0,0.0,4500.0,0.0,0.0037,0,0,0,5,15.0,195.0,0.061,0.09,2,0.0,0,1.0,0.4917,17.0,0.395,0.5244,0.0009,0.0,0.0,0.5244,0.0,0.9467,0.0533,False,True,False,0.5,100
370,120,network_focused,500,50.0,250,16.0,5.0,30.0,0.15,6,0.3682,2535.0,2075.0,460.0,14520.0,36800.0,0.3651,0,92,0,14,42.0,195.0,0.061,0.09,2,0.184,92,0.816,1.0,24.2,0.395,0.7794,0.3306,0.6334,0.3067,0.7794,0.184,0.577,0.423,False,True,False,0.5,100
371,121,network_focused,50,50.0,25,16.0,2.5,28.0,0.35,6,0.4171,116.25,93.75,22.5,663.75,1714.2857,0.4012,0,10,0,3,9.0,195.0,0.061,0.06,2,0.2,10,0.8,0.325,15.4,0.395,0.4377,0.3697,0.6857,0.1429,0.4377,0.2,0.6066,0.3934,False,True,False,0.5,100
372,122,network_focused,100,25.0,25,16.0,2.0,35.0,0.35,8,0.1779,216.0,206.0,10.0,1276.0,685.7143,0.0902,0,4,0,5,15.0,195.0,0.061,0.06,2,0.04,4,0.96,0.4917,17.0,0.395,0.4944,0.1284,0.1387,0.0286,0.4944,0.04,0.8625,0.1375,False,True,False,0.5,100
373,123,network_focused,50,10.0,5,18.0,5.0,28.0,0.35,8,0.0667,187.5,187.5,0.0,1125.0,0.0,0.0255,0,0,0,2,6.0,195.0,0.061,0.06,2,0.0,0,1.0,0.2417,14.6,0.395,0.4094,0.0431,0.0,0.0,0.4094,0.0,0.9423,0.0577,False,True,False,0.5,100
374,124,network_focused,500,50.0,250,16.0,2.0,28.0,0.15,6,0.3443,904.8,750.0,154.8,5196.6,34400.0,0.3397,0,86,0,14,42.0,195.0,0.061,0.09,2,0.172,86,0.828,1.0,24.2,0.395,0.7794,0.3087,0.5897,0.2867,0.7794,0.172,0.6004,0.3996,False,True,False,0.5,100
375,125,network_focused,100,25.0,25,16.0,2.5,35.0,0.15,6,0.1843,273.125,257.5,15.625,1615.3125,2000.0,0.0962,0,5,0,5,15.0,195.0,0.061,0.06,2,0.05,5,0.95,0.4917,17.0,0.395,0.4944,0.1354,0.1734,0.0833,0.4944,0.05,0.8433,0.1567,False,True,False,0.5,100
376,126,network_focused,500,25.0,125,28.0,5.0,30.0,0.15,6,0.0773,2097.5,2075.0,22.5,12551.25,3000.0,0.0178,0,10,0,9,27.0,195.0,0.061,0.09,2,0.02,10,0.98,0.825,20.2,0.395,0.6377,0.051,0.031,0.025,0.6377,0.02,0.9063,0.0937,False,True,False,0.5,100
377,127,network_focused,500,50.0,250,18.0,2.0,28.0,0.25,10,0.2135,812.01,750.0,62.01,4717.035,6360.0,0.1284,0,53,0,14,42.0,195.0,0.061,0.09,2,0.106,53,0.894,1.0,24.2,0.395,0.7794,0.1707,0.2362,0.053,0.7794,0.106,0.7858,0.2142,False,True,False,0.5,100
378,128,network_focused,500,5.0,25,28.0,2.5,30.0,0.15,6,0.0112,1037.5,1037.5,0.0,6225.0,0.0,0.0141,0,0,0,5,15.0,195.0,0.061,0.09,2,0.0,0,1.0,0.4917,17.0,0.395,0.5244,0.0096,0.0,0.0,0.5244,0.0,0.9426,0.0574,False,True,False,0.5,100
379,129,network_focused,100,25.0,25,28.0,2.0,30.0,0.15,10,0.0607,167.8,166.0,1.8,1002.3,600.0,0.0,0,2,0,5,15.0,195.0,0.061,0.06,2,0.02,2,0.98,0.4917,17.0,0.395,0.4944,0.0374,0.031,0.025,0.4944,0.02,0.9274,0.0726,False,True,False,0.5,100
380,130,network_focused,100,10.0,10,16.0,2.5,35.0,0.25,6,0.0875,260.625,257.5,3.125,1559.0625,240.0,0.0175,0,1,0,4,12.0,195.0,0.061,0.06,2,0.01,1,0.99,0.4083,16.2,0.395,0.466,0.0545,0.0347,0.01,0.466,0.01,0.925,0.075,False,True,False,0.5,100
381,131,network_focused,100,50.0,50,28.0,2.0,35.0,0.35,8,0.1817,216.125,206.0,10.125,1276.5,1157.1429,0.0679,0,9,0,6,18.0,195.0,0.061,0.06,2,0.09,9,0.91,0.575,17.8,0.395,0.5227,0.1349,0.1404,0.0482,0.5227,0.09,0.8528,0.1472,False,True,False,0.5,100
382,132,network_focused,50,25.0,12,16.0,2.0,28.0,0.35,10,0.189,78.6,75.0,3.6,462.6,342.8571,0.0979,0,2,0,2,6.0,195.0,0.061,0.06,2,0.04,2,0.96,0.2417,14.6,0.395,0.4094,0.1364,0.1371,0.0286,0.4094,0.04,0.8677,0.1323,False,True,False,0.5,100
383,133,network_focused,500,5.0,25,18.0,2.5,35.0,0.15,10,0.0,1287.5,1287.5,0.0,7725.0,0.0,0.0,0,0,0,5,15.0,195.0,0.061,0.09,2,0.0,0,1.0,0.4917,17.0,0.395,0.5244,0.0,0.0,0.0,0.5244,0.0,0.9476,0.0524,False,True,False,0.5,100
384,134,network_focused,100,5.0,5,18.0,5.0,28.0,0.25,10,0.0359,375.0,375.0,0.0,2250.0,0.0,0.0087,0,0,0,4,12.0,195.0,0.061,0.06,2,0.0,0,1.0,0.4083,16.2,0.395,0.466,0.0219,0.0,0.0,0.466,0.0,0.9455,0.0545,False,True,False,0.5,100
385,135,network_focused,50,5.0,2,16.0,2.0,35.0,0.15,10,0.0197,103.0,103.0,0.0,618.0,0.0,0.0201,0,0,0,2,6.0,195.0,0.061,0.06,2,0.0,0,1.0,0.2417,14.6,0.395,0.4094,0.0159,0.0,0.0,0.4094,0.0,0.9513,0.0487,False,True,False,0.5,100
386,136,network_focused,500,25.0,125,16.0,2.0,35.0,0.25,8,0.1834,1087.5,1030.0,57.5,6410.0,5520.0,0.0764,0,23,0,9,27.0,195.0,0.061,0.09,2,0.046,23,0.954,0.825,20.2,0.395,0.6377,0.1292,0.1595,0.046,0.6377,0.046,0.8426,0.1574,False,True,False,0.5,100
387,137,network_focused,50,25.0,12,18.0,5.0,28.0,0.25,8,0.1423,193.35,187.5,5.85,1148.4,240.0,0.0493,0,2,0,2,6.0,195.0,0.061,0.06,2,0.04,2,0.96,0.2417,14.6,0.395,0.4094,0.0986,0.0891,0.02,0.4094,0.04,0.8973,0.1027,False,True,False,0.5,100
388,138,network_focused,50,50.0,25,18.0,2.5,28.0,0.25,10,0.2807,103.9875,93.75,10.2375,598.3312,840.0,0.1692,0,7,0,3,9.0,195.0,0.061,0.06,2,0.14,7,0.86,0.325,15.4,0.395,0.4377,0.2247,0.312,0.07,0.4377,0.14,0.7765,0.2235,False,True,False,0.5,100
389,139,network_focused,50,25.0,12,16.0,5.0,35.0,0.15,10,0.1831,270.0,257.5,12.5,1588.75,800.0,0.0919,0,2,0,2,6.0,195.0,0.061,0.06,2,0.04,2,0.96,0.2417,14.6,0.395,0.4094,0.1317,0.1387,0.0667,0.4094,0.04,0.864,0.136,False,True,False,0.5,100
390,140,network_focused,50,5.0,2,16.0,2.5,30.0,0.25,6,0.0651,103.75,103.75,0.0,622.5,0.0,0.0,0,0,0,2,6.0,195.0,0.061,0.06,2,0.0,0,1.0,0.2417,14.6,0.395,0.4094,0.0358,0.0,0.0,0.4094,0.0,0.9483,0.0517,False,True,False,0.5,100
391,141,network_focused,50,50.0,25,16.0,2.0,30.0,0.35,8,0.3879,103.0,83.0,20.0,578.0,1714.2857,0.401,0,10,0,3,9.0,195.0,0.061,0.06,2,0.2,10,0.8,0.325,15.4,0.395,0.4377,0.3536,0.6885,0.1429,0.4377,0.2,0.6109,0.3891,False,True,False,0.5,100
392,142,network_focused,500,25.0,125,16.0,5.0,28.0,0.15,10,0.1529,1960.5,1875.0,85.5,11549.25,7600.0,0.0771,0,19,0,9,27.0,195.0,0.061,0.09,2,0.038,19,0.962,0.825,20.2,0.395,0.6377,0.1109,0.1303,0.0633,0.6377,0.038,0.852,0.148,False,True,False,0.5,100
393,143,network_focused,50,50.0,25,16.0,2.5,30.0,0.25,8,0.3739,126.25,103.75,22.5,712.5,2160.0,0.3722,0,9,0,3,9.0,195.0,0.061,0.06,2,0.18,9,0.82,0.325,15.4,0.395,0.4377,0.3347,0.6196,0.18,0.4377,0.18,0.6311,0.3689,False,True,False,0.5,100
394,144,network_focused,100,10.0,10,18.0,2.5,35.0,0.35,10,0.0364,257.5,257.5,0.0,1545.0,0.0,0.0,0,0,0,4,12.0,195.0,0.061,0.06,2,0.0,0,1.0,0.4083,16.2,0.395,0.466,0.02,0.0,0.0,0.466,0.0,0.9474,0.0526,False,True,False,0.5,100
395,145,network_focused,100,10.0,10,28.0,2.0,28.0,0.15,10,0.0618,150.81,150.0,0.81,902.835,300.0,0.0,0,1,0,4,12.0,195.0,0.061,0.06,2,0.01,1,0.99,0.4083,16.2,0.395,0.466,0.036,0.0154,0.0125,0.466,0.01,0.9366,0.0634,False,True,False,0.5,100
396,146,network_focused,500,25.0,125,28.0,2.0,30.0,0.15,10,0.0918,839.9,830.0,9.9,5014.65,3300.0,0.0157,0,11,0,9,27.0,195.0,0.061,0.09,2,0.022,11,0.978,0.825,20.2,0.395,0.6377,0.0588,0.0341,0.0275,0.6377,0.022,0.9031,0.0969,False,True,False,0.5,100
397,147,network_focused,500,25.0,125,16.0,5.0,28.0,0.25,6,0.169,1969.5,1875.0,94.5,11675.25,5040.0,0.0669,0,21,0,9,27.0,195.0,0.061,0.09,2,0.042,21,0.958,0.825,20.2,0.395,0.6377,0.1181,0.144,0.042,0.6377,0.042,0.8515,0.1485,False,True,False,0.5,100
398,148,network_focused,50,25.0,12,16.0,2.0,35.0,0.25,6,0.2114,110.5,103.0,7.5,651.75,720.0,0.1006,0,3,0,2,6.0,195.0,0.061,0.06,2,0.06,3,0.94,0.2417,14.6,0.395,0.4094,0.1534,0.208,0.06,0.4094,0.06,0.8413,0.1587,False,True,False,0.5,100
399,149,network_focused,500,5.0,25,28.0,5.0,28.0,0.35,6,0.0371,1877.025,1875.0,2.025,11259.1125,128.5714,0.0,0,1,0,5,15.0,195.0,0.061,0.09,2,0.002,1,0.998,0.4917,17.0,0.395,0.5244,0.0208,0.0031,0.0011,0.5244,0.002,0.9403,0.0597,False,True,False,0.5,100
400,150,network_focused,500,5.0,25,18.0,2.0,28.0,0.25,10,0.0116,750.0,750.0,0.0,4500.0,0.0,0.0,0,0,0,5,15.0,195.0,0.061,0.09,2,0.0,0,1.0,0.4917,17.0,0.395,0.5244,0.0064,0.0,0.0,0.5244,0.0,0.9457,0.0543,False,True,False,0.5,100
401,151,network_focused,100,25.0,25,18.0,2.5,28.0,0.15,8,0.1562,193.35,187.5,5.85,1148.4,800.0,0.0362,0,4,0,5,15.0,195.0,0.061,0.06,2,0.04,4,0.96,0.4917,17.0,0.395,0.4944,0.103,0.0891,0.0333,0.4944,0.04,0.8874,0.1126,False,True,False,0.5,100
402,152,network_focused,500,5.0,25,16.0,2.0,30.0,0.25,6,0.0287,832.0,830.0,2.0,4989.0,240.0,0.0,0,1,0,5,15.0,195.0,0.061,0.09,2,0.002,1,0.998,0.4917,17.0,0.395,0.5244,0.0162,0.0069,0.002,0.5244,0.002,0.9408,0.0592,False,True,False,0.5,100
403,153,network_focused,100,10.0,10,18.0,2.5,30.0,0.15,8,0.0273,207.5,207.5,0.0,1245.0,0.0,0.0158,0,0,0,4,12.0,195.0,0.061,0.06,2,0.0,0,1.0,0.4083,16.2,0.395,0.466,0.019,0.0,0.0,0.466,0.0,0.9453,0.0547,False,True,False,0.5,100
404,154,network_focused,100,5.0,5,16.0,2.0,28.0,0.35,8,0.0248,150.0,150.0,0.0,900.0,0.0,0.0,0,0,0,4,12.0,195.0,0.061,0.06,2,0.0,0,1.0,0.4083,16.2,0.395,0.466,0.0136,0.0,0.0,0.466,0.0,0.9493,0.0507,False,True,False,0.5,100
405,155,network_focused,500,5.0,25,28.0,2.5,28.0,0.15,8,0.0451,938.5125,937.5,1.0125,5629.05,300.0,0.0162,0,1,0,5,15.0,195.0,0.061,0.09,2,0.002,1,0.998,0.4917,17.0,0.395,0.5244,0.0292,0.0031,0.0025,0.5244,0.002,0.9352,0.0648,False,True,False,0.5,100
406,156,network_focused,500,10.0,50,16.0,2.0,28.0,0.15,8,0.0505,755.4,750.0,5.4,4521.6,1200.0,0.0233,0,3,0,6,18.0,195.0,0.061,0.09,2,0.006,3,0.994,0.575,17.8,0.395,0.5527,0.0348,0.0206,0.01,0.5527,0.006,0.9246,0.0754,False,True,False,0.5,100
407,157,network_focused,50,10.0,5,16.0,2.5,35.0,0.35,8,0.106,131.875,128.75,3.125,785.0,171.4286,0.0046,0,1,0,2,6.0,195.0,0.061,0.06,2,0.02,1,0.98,0.2417,14.6,0.395,0.4094,0.0634,0.0693,0.0143,0.4094,0.02,0.9213,0.0787,False,True,False,0.5,100
408,158,network_focused,500,25.0,125,16.0,2.0,28.0,0.35,6,0.1661,787.8,750.0,37.8,4670.1,3600.0,0.0682,0,21,0,9,27.0,195.0,0.061,0.09,2,0.042,21,0.958,0.825,20.2,0.395,0.6377,0.1168,0.144,0.03,0.6377,0.042,0.8535,0.1465,False,True,False,0.5,100
409,159,network_focused,100,5.0,5,16.0,2.0,28.0,0.35,8,0.0359,150.0,150.0,0.0,900.0,0.0,0.0126,0,0,0,4,12.0,195.0,0.061,0.06,2,0.0,0,1.0,0.4083,16.2,0.395,0.466,0.0229,0.0,0.0,0.466,0.0,0.9447,0.0553,False,True,False,0.5,100
410,160,network_focused,100,5.0,5,18.0,2.5,28.0,0.25,10,0.0088,187.5,187.5,0.0,1125.0,0.0,0.0,0,0,0,4,12.0,195.0,0.061,0.06,2,0.0,0,1.0,0.4083,16.2,0.395,0.466,0.0048,0.0,0.0,0.466,0.0,0.9519,0.0481,False,True,False,0.5,100
411,161,network_focused,100,50.0,50,16.0,5.0,35.0,0.35,6,0.3835,633.75,515.0,118.75,3624.375,3257.1429,0.3753,0,19,0,6,18.0,195.0,0.061,0.06,2,0.19,19,0.81,0.575,17.8,0.395,0.5227,0.3427,0.6588,0.1357,0.5227,0.19,0.6175,0.3825,False,True,False,0.5,100
412,162,network_focused,100,50.0,50,16.0,2.5,30.0,0.15,6,0.3939,257.5,207.5,50.0,1470.0,8000.0,0.3996,0,20,0,6,18.0,195.0,0.061,0.06,2,0.2,20,0.8,0.575,17.8,0.395,0.5227,0.3565,0.6885,0.3333,0.5227,0.2,0.5731,0.4269,False,True,False,0.5,100
413,163,network_focused,500,10.0,50,28.0,2.0,30.0,0.35,10,0.0274,830.9,830.0,0.9,4983.15,128.5714,0.0042,0,1,0,6,18.0,195.0,0.061,0.09,2,0.002,1,0.998,0.575,17.8,0.395,0.5527,0.0166,0.0031,0.0011,0.5527,0.002,0.9381,0.0619,False,True,False,0.5,100
414,164,network_focused,100,25.0,25,28.0,2.5,30.0,0.25,10,0.0705,209.75,207.5,2.25,1252.875,360.0,0.0086,0,2,0,5,15.0,195.0,0.061,0.06,2,0.02,2,0.98,0.4917,17.0,0.395,0.4944,0.0449,0.031,0.015,0.4944,0.02,0.9253,0.0747,False,True,False,0.5,100
415,165,network_focused,50,5.0,2,18.0,2.5,35.0,0.25,6,0.0419,128.75,128.75,0.0,772.5,0.0,0.0227,0,0,0,2,6.0,195.0,0.061,0.06,2,0.0,0,1.0,0.2417,14.6,0.395,0.4094,0.0287,0.0,0.0,0.4094,0.0,0.947,0.053,False,True,False,0.5,100
416,166,network_focused,50,5.0,2,16.0,2.0,30.0,0.35,10,0.0589,83.0,83.0,0.0,498.0,0.0,0.0226,0,0,0,2,6.0,195.0,0.061,0.06,2,0.0,0,1.0,0.2417,14.6,0.395,0.4094,0.038,0.0,0.0,0.4094,0.0,0.9443,0.0557,False,True,False,0.5,100
417,167,network_focused,50,10.0,5,28.0,2.5,28.0,0.15,8,0.0201,93.75,93.75,0.0,562.5,0.0,0.0,0,0,0,2,6.0,195.0,0.061,0.06,2,0.0,0,1.0,0.2417,14.6,0.395,0.4094,0.011,0.0,0.0,0.4094,0.0,0.9558,0.0442,False,True,False,0.5,100
418,168,network_focused,500,25.0,125,28.0,5.0,35.0,0.25,6,0.1031,2611.5625,2575.0,36.5625,15614.5312,2340.0,0.0257,0,13,0,9,27.0,195.0,0.061,0.09,2,0.026,13,0.974,0.825,20.2,0.395,0.6377,0.0683,0.0406,0.0195,0.6377,0.026,0.8982,0.1018,False,True,False,0.5,100
419,169,network_focused,500,10.0,50,18.0,2.5,28.0,0.25,10,0.0241,938.9625,937.5,1.4625,5630.1187,120.0,0.0,0,1,0,6,18.0,195.0,0.061,0.09,2,0.002,1,0.998,0.575,17.8,0.395,0.5527,0.0137,0.0045,0.001,0.5527,0.002,0.9394,0.0606,False,True,False,0.5,100
420,170,network_focused,500,10.0,50,16.0,2.5,28.0,0.25,10,0.1048,948.75,937.5,11.25,5664.375,1200.0,0.009,0,5,0,6,18.0,195.0,0.061,0.09,2,0.01,5,0.99,0.575,17.8,0.395,0.5527,0.0619,0.0343,0.01,0.5527,0.01,0.9154,0.0846,False,True,False,0.5,100
421,171,network_focused,50,25.0,12,28.0,2.5,28.0,0.15,6,0.0686,94.7625,93.75,1.0125,567.0562,300.0,0.0236,0,1,0,2,6.0,195.0,0.061,0.06,2,0.02,1,0.98,0.2417,14.6,0.395,0.4094,0.0476,0.0309,0.025,0.4094,0.02,0.9293,0.0707,False,True,False,0.5,100
422,172,network_focused,50,5.0,2,28.0,2.0,30.0,0.35,8,0.0445,83.0,83.0,0.0,498.0,0.0,0.0,0,0,0,2,6.0,195.0,0.061,0.06,2,0.0,0,1.0,0.2417,14.6,0.395,0.4094,0.0245,0.0,0.0,0.4094,0.0,0.9517,0.0483,False,True,False,0.5,100
423,173,network_focused,50,25.0,12,18.0,2.0,28.0,0.35,8,0.1565,77.34,75.0,2.34,459.36,171.4286,0.0625,0,2,0,2,6.0,195.0,0.061,0.06,2,0.04,2,0.96,0.2417,14.6,0.395,0.4094,0.1097,0.0891,0.0143,0.4094,0.04,0.8928,0.1072,False,True,False,0.5,100
424,174,network_focused,100,25.0,25,16.0,5.0,35.0,0.35,10,0.2166,546.25,515.0,31.25,3199.375,857.1429,0.0972,0,5,0,5,15.0,195.0,0.061,0.06,2,0.05,5,0.95,0.4917,17.0,0.395,0.4944,0.1534,0.1734,0.0357,0.4944,0.05,0.8449,0.1551,False,True,False,0.5,100
425,175,network_focused,500,10.0,50,18.0,5.0,35.0,0.25,8,0.0295,2579.0625,2575.0,4.0625,15466.25,120.0,0.013,0,1,0,6,18.0,195.0,0.061,0.09,2,0.002,1,0.998,0.575,17.8,0.395,0.5527,0.0199,0.0045,0.001,0.5527,0.002,0.9356,0.0644,False,True,False,0.5,100
426,176,network_focused,500,50.0,250,28.0,2.0,35.0,0.25,6,0.1778,1079.5,1030.0,49.5,6402.75,7920.0,0.0987,0,44,0,14,42.0,195.0,0.061,0.09,2,0.088,44,0.912,1.0,24.2,0.395,0.7794,0.1401,0.1373,0.066,0.7794,0.088,0.8191,0.1809,False,True,False,0.5,100
427,177,network_focused,50,5.0,2,18.0,2.5,35.0,0.15,6,0.0102,128.75,128.75,0.0,772.5,0.0,0.02,0,0,0,2,6.0,195.0,0.061,0.06,2,0.0,0,1.0,0.2417,14.6,0.395,0.4094,0.0106,0.0,0.0,0.4094,0.0,0.9529,0.0471,False,True,False,0.5,100
428,178,network_focused,50,5.0,2,28.0,5.0,35.0,0.25,10,0.0147,257.5,257.5,0.0,1545.0,0.0,0.0,0,0,0,2,6.0,195.0,0.061,0.06,2,0.0,0,1.0,0.2417,14.6,0.395,0.4094,0.0081,0.0,0.0,0.4094,0.0,0.9566,0.0434,False,True,False,0.5,100
429,179,network_focused,50,5.0,2,18.0,2.0,35.0,0.15,8,0.0,103.0,103.0,0.0,618.0,0.0,0.0,0,0,0,2,6.0,195.0,0.061,0.06,2,0.0,0,1.0,0.2417,14.6,0.395,0.4094,0.0,0.0,0.0,0.4094,0.0,0.9591,0.0409,False,True,False,0.5,100
430,180,network_focused,100,10.0,10,18.0,2.5,30.0,0.35,8,0.0444,207.5,207.5,0.0,1245.0,0.0,0.0189,0,0,0,4,12.0,195.0,0.061,0.06,2,0.0,0,1.0,0.4083,16.2,0.395,0.466,0.0291,0.0,0.0,0.466,0.0,0.9418,0.0582,False,True,False,0.5,100
431,181,network_focused,500,10.0,50,16.0,2.0,28.0,0.25,8,0.051,755.4,750.0,5.4,4521.6,720.0,0.0006,0,3,0,6,18.0,195.0,0.061,0.09,2,0.006,3,0.994,0.575,17.8,0.395,0.5527,0.0294,0.0206,0.006,0.5527,0.006,0.9302,0.0698,False,True,False,0.5,100
432,182,network_focused,50,5.0,2,18.0,2.5,28.0,0.35,6,0.0004,93.75,93.75,0.0,562.5,0.0,0.0177,0,0,0,2,6.0,195.0,0.061,0.06,2,0.0,0,1.0,0.2417,14.6,0.395,0.4094,0.0047,0.0,0.0,0.4094,0.0,0.955,0.045,False,True,False,0.5,100
433,183,network_focused,50,25.0,12,28.0,2.5,35.0,0.15,10,0.0856,130.1562,128.75,1.4062,777.4219,300.0,0.0254,0,1,0,2,6.0,195.0,0.061,0.06,2,0.02,1,0.98,0.2417,14.6,0.395,0.4094,0.0574,0.0312,0.025,0.4094,0.02,0.926,0.074,False,True,False,0.5,100
434,184,network_focused,500,50.0,250,16.0,2.0,30.0,0.15,6,0.3674,1014.0,830.0,184.0,5808.0,36800.0,0.3638,0,92,0,14,42.0,195.0,0.061,0.09,2,0.184,92,0.816,1.0,24.2,0.395,0.7794,0.3298,0.6334,0.3067,0.7794,0.184,0.5775,0.4225,False,True,False,0.5,100
435,185,network_focused,500,25.0,125,28.0,2.5,28.0,0.15,8,0.0492,943.575,937.5,6.075,5649.3,1800.0,0.0139,0,6,0,9,27.0,195.0,0.061,0.09,2,0.012,6,0.988,0.825,20.2,0.395,0.6377,0.033,0.0185,0.015,0.6377,0.012,0.9171,0.0829,False,True,False,0.5,100
436,186,network_focused,100,10.0,10,16.0,2.0,30.0,0.15,8,0.0674,168.0,166.0,2.0,1004.0,400.0,0.02,0,1,0,4,12.0,195.0,0.061,0.06,2,0.01,1,0.99,0.4083,16.2,0.395,0.466,0.0441,0.0344,0.0167,0.466,0.01,0.9268,0.0732,False,True,False,0.5,100
437,187,network_focused,500,50.0,250,16.0,2.0,28.0,0.15,6,0.3472,906.6,750.0,156.6,5204.7,34800.0,0.3663,0,87,0,14,42.0,195.0,0.061,0.09,2,0.174,87,0.826,1.0,24.2,0.395,0.7794,0.3174,0.5966,0.29,0.7794,0.174,0.5917,0.4083,False,True,False,0.5,100
438,188,network_focused,100,5.0,5,18.0,2.5,30.0,0.35,8,0.0118,207.5,207.5,0.0,1245.0,0.0,0.0064,0,0,0,4,12.0,195.0,0.061,0.06,2,0.0,0,1.0,0.4083,16.2,0.395,0.466,0.0081,0.0,0.0,0.466,0.0,0.95,0.05,False,True,False,0.5,100
439,189,network_focused,100,10.0,10,18.0,2.5,28.0,0.25,8,0.0245,187.5,187.5,0.0,1125.0,0.0,0.0008,0,0,0,4,12.0,195.0,0.061,0.06,2,0.0,0,1.0,0.4083,16.2,0.395,0.466,0.0137,0.0,0.0,0.466,0.0,0.9492,0.0508,False,True,False,0.5,100
440,190,network_focused,100,10.0,10,18.0,2.0,28.0,0.35,10,0.0619,151.17,150.0,1.17,904.095,85.7143,0.0,0,1,0,4,12.0,195.0,0.061,0.06,2,0.01,1,0.99,0.4083,16.2,0.395,0.466,0.036,0.0223,0.0036,0.466,0.01,0.9366,0.0634,False,True,False,0.5,100
441,191,network_focused,100,50.0,50,28.0,5.0,28.0,0.25,6,0.1985,395.25,375.0,20.25,2341.125,1800.0,0.0861,0,10,0,6,18.0,195.0,0.061,0.06,2,0.1,10,0.9,0.575,17.8,0.395,0.5227,0.1507,0.1543,0.075,0.5227,0.1,0.8375,0.1625,False,True,False,0.5,100
442,192,network_focused,500,50.0,250,28.0,2.5,30.0,0.15,6,0.1462,1079.125,1037.5,41.625,6412.3125,11100.0,0.08,0,37,0,14,42.0,195.0,0.061,0.09,2,0.074,37,0.926,1.0,24.2,0.395,0.7794,0.1152,0.1146,0.0925,0.7794,0.074,0.8313,0.1687,False,True,False,0.5,100
443,193,network_focused,50,10.0,5,16.0,2.0,28.0,0.15,8,0.0983,75.0,75.0,0.0,450.0,0.0,0.0047,0,0,0,2,6.0,195.0,0.061,0.06,2,0.0,0,1.0,0.2417,14.6,0.395,0.4094,0.0552,0.0,0.0,0.4094,0.0,0.9418,0.0582,False,True,False,0.5,100
444,194,network_focused,100,5.0,5,28.0,2.0,35.0,0.15,8,0.038,206.0,206.0,0.0,1236.0,0.0,0.0,0,0,0,4,12.0,195.0,0.061,0.06,2,0.0,0,1.0,0.4083,16.2,0.395,0.466,0.0209,0.0,0.0,0.466,0.0,0.9471,0.0529,False,True,False,0.5,100
445,195,network_focused,500,5.0,25,16.0,5.0,30.0,0.35,8,0.0294,2080.0,2075.0,5.0,12470.0,171.4286,0.0,0,1,0,5,15.0,195.0,0.061,0.09,2,0.002,1,0.998,0.4917,17.0,0.395,0.5244,0.0166,0.0069,0.0014,0.5244,0.002,0.9408,0.0592,False,True,False,0.5,100
446,196,network_focused,100,5.0,5,28.0,5.0,35.0,0.25,10,0.0,515.0,515.0,0.0,3090.0,0.0,0.0,0,0,0,4,12.0,195.0,0.061,0.06,2,0.0,0,1.0,0.4083,16.2,0.395,0.466,0.0,0.0,0.0,0.466,0.0,0.9534,0.0466,False,True,False,0.5,100
447,197,network_focused,500,5.0,25,16.0,2.0,30.0,0.35,10,0.0627,834.0,830.0,4.0,4994.0,342.8571,0.0214,0,2,0,5,15.0,195.0,0.061,0.09,2,0.004,2,0.996,0.4917,17.0,0.395,0.5244,0.0406,0.0138,0.0029,0.5244,0.004,0.9286,0.0714,False,True,False,0.5,100
448,198,network_focused,100,50.0,50,28.0,5.0,35.0,0.25,8,0.1517,537.5,515.0,22.5,3180.0,1440.0,0.0593,0,8,0,6,18.0,195.0,0.061,0.06,2,0.08,8,0.92,0.575,17.8,0.395,0.5227,0.1142,0.1248,0.06,0.5227,0.08,0.8626,0.1374,False,True,False,0.5,100
449,199,network_focused,50,50.0,25,16.0,2.5,35.0,0.15,8,0.3717,156.875,128.75,28.125,885.0,3600.0,0.3707,0,9,0,3,9.0,195.0,0.061,0.06,2,0.18,9,0.82,0.325,15.4,0.395,0.4377,0.3331,0.6241,0.3,0.4377,0.18,0.6129,0.3871,False,True,False,0.5,100
450,200,network_focused,100,25.0,25,16.0,2.5,30.0,0.25,8,0.2199,220.0,207.5,12.5,1295.0,1200.0,0.1243,0,5,0,5,15.0,195.0,0.061,0.06,2,0.05,5,0.95,0.4917,17.0,0.395,0.4944,0.162,0.1721,0.05,0.4944,0.05,0.8364,0.1636,False,True,False,0.5,100
451,201,network_focused,500,5.0,25,16.0,2.5,35.0,0.25,6,0.0563,1290.625,1287.5,3.125,7739.0625,240.0,0.0,0,1,0,5,15.0,195.0,0.061,0.09,2,0.002,1,0.998,0.4917,17.0,0.395,0.5244,0.0314,0.0069,0.002,0.5244,0.002,0.9363,0.0637,False,True,False,0.5,100
452,202,network_focused,500,50.0,250,28.0,2.0,28.0,0.25,10,0.1352,777.54,750.0,27.54,4596.39,6120.0,0.0738,0,34,0,14,42.0,195.0,0.061,0.09,2,0.068,34,0.932,1.0,24.2,0.395,0.7794,0.1064,0.1049,0.051,0.7794,0.068,0.8436,0.1564,False,True,False,0.5,100
453,203,network_focused,500,50.0,250,28.0,2.0,35.0,0.15,8,0.1265,1066.0,1030.0,36.0,6324.0,9600.0,0.0653,0,32,0,14,42.0,195.0,0.061,0.09,2,0.064,32,0.936,1.0,24.2,0.395,0.7794,0.0987,0.0999,0.08,0.7794,0.064,0.8443,0.1557,False,True,False,0.5,100
454,204,network_focused,100,10.0,10,28.0,2.0,28.0,0.15,10,0.0584,150.81,150.0,0.81,902.835,300.0,0.0,0,1,0,4,12.0,195.0,0.061,0.06,2,0.01,1,0.99,0.4083,16.2,0.395,0.466,0.0341,0.0154,0.0125,0.466,0.01,0.9372,0.0628,False,True,False,0.5,100
455,205,network_focused,50,10.0,5,16.0,2.0,30.0,0.35,8,0.0617,83.0,83.0,0.0,498.0,0.0,0.0071,0,0,0,2,6.0,195.0,0.061,0.06,2,0.0,0,1.0,0.2417,14.6,0.395,0.4094,0.0357,0.0,0.0,0.4094,0.0,0.9473,0.0527,False,True,False,0.5,100
456,206,network_focused,100,50.0,50,28.0,5.0,28.0,0.15,6,0.1718,393.225,375.0,18.225,2332.0125,2700.0,0.0811,0,9,0,6,18.0,195.0,0.061,0.06,2,0.09,9,0.91,0.575,17.8,0.395,0.5227,0.1327,0.1389,0.1125,0.5227,0.09,0.8421,0.1579,False,True,False,0.5,100
457,207,network_focused,50,50.0,25,28.0,2.5,30.0,0.15,10,0.1997,109.375,103.75,5.625,642.1875,1500.0,0.0802,0,5,0,3,9.0,195.0,0.061,0.06,2,0.1,5,0.9,0.325,15.4,0.395,0.4377,0.1499,0.1549,0.125,0.4377,0.1,0.8395,0.1605,False,True,False,0.5,100
458,208,network_focused,500,5.0,25,18.0,2.5,28.0,0.15,6,0.0471,938.9625,937.5,1.4625,5631.5813,200.0,0.0143,0,1,0,5,15.0,195.0,0.061,0.09,2,0.002,1,0.998,0.4917,17.0,0.395,0.5244,0.0299,0.0045,0.0017,0.5244,0.002,0.9351,0.0649,False,True,False,0.5,100
459,209,network_focused,50,10.0,5,28.0,5.0,28.0,0.25,6,0.045,187.5,187.5,0.0,1125.0,0.0,0.0046,0,0,0,2,6.0,195.0,0.061,0.06,2,0.0,0,1.0,0.2417,14.6,0.395,0.4094,0.0259,0.0,0.0,0.4094,0.0,0.9506,0.0494,False,True,False,0.5,100
460,210,network_focused,500,5.0,25,18.0,5.0,28.0,0.35,6,0.044,1877.925,1875.0,2.925,11263.1625,85.7143,0.0,0,1,0,5,15.0,195.0,0.061,0.09,2,0.002,1,0.998,0.4917,17.0,0.395,0.5244,0.0246,0.0045,0.0007,0.5244,0.002,0.939,0.061,False,True,False,0.5,100
461,211,network_focused,500,25.0,125,28.0,5.0,30.0,0.25,10,0.1,2102.0,2075.0,27.0,12544.5,2160.0,0.0366,0,12,0,9,27.0,195.0,0.061,0.09,2,0.024,12,0.976,0.825,20.2,0.395,0.6377,0.0689,0.0372,0.018,0.6377,0.024,0.8975,0.1025,False,True,False,0.5,100
462,212,network_focused,100,25.0,25,16.0,2.5,35.0,0.35,8,0.2188,273.125,257.5,15.625,1607.5,857.1429,0.1053,0,5,0,5,15.0,195.0,0.061,0.06,2,0.05,5,0.95,0.4917,17.0,0.395,0.4944,0.1567,0.1734,0.0357,0.4944,0.05,0.8427,0.1573,False,True,False,0.5,100
463,213,network_focused,50,5.0,2,28.0,2.5,35.0,0.35,10,0.0236,128.75,128.75,0.0,772.5,0.0,0.0,0,0,0,2,6.0,195.0,0.061,0.06,2,0.0,0,1.0,0.2417,14.6,0.395,0.4094,0.013,0.0,0.0,0.4094,0.0,0.9552,0.0448,False,True,False,0.5,100
464,214,network_focused,500,5.0,25,18.0,2.5,30.0,0.35,6,0.0154,1037.5,1037.5,0.0,6225.0,0.0,0.0,0,0,0,5,15.0,195.0,0.061,0.09,2,0.0,0,1.0,0.4917,17.0,0.395,0.5244,0.0085,0.0,0.0,0.5244,0.0,0.945,0.055,False,True,False,0.5,100
465,215,network_focused,500,25.0,125,16.0,5.0,28.0,0.15,6,0.1878,1978.5,1875.0,103.5,11715.75,9200.0,0.106,0,23,0,9,27.0,195.0,0.061,0.09,2,0.046,23,0.954,0.825,20.2,0.395,0.6377,0.139,0.1577,0.0767,0.6377,0.046,0.831,0.169,False,True,False,0.5,100
466,216,network_focused,500,50.0,250,28.0,5.0,28.0,0.35,8,0.124,1937.775,1875.0,62.775,11501.1,3985.7143,0.0557,0,31,0,14,42.0,195.0,0.061,0.09,2,0.062,31,0.938,1.0,24.2,0.395,0.7794,0.0946,0.0957,0.0332,0.7794,0.062,0.855,0.145,False,True,False,0.5,100
467,217,network_focused,100,25.0,25,18.0,2.5,35.0,0.15,8,0.1346,263.5938,257.5,6.0938,1569.375,600.0,0.0635,0,3,0,5,15.0,195.0,0.061,0.06,2,0.03,3,0.97,0.4917,17.0,0.395,0.4944,0.0959,0.0676,0.025,0.4944,0.03,0.892,0.108,False,True,False,0.5,100
468,218,network_focused,50,25.0,12,28.0,2.0,35.0,0.35,10,0.098,104.125,103.0,1.125,621.9375,128.5714,0.0211,0,1,0,2,6.0,195.0,0.061,0.06,2,0.02,1,0.98,0.2417,14.6,0.395,0.4094,0.0632,0.0312,0.0107,0.4094,0.02,0.9271,0.0729,False,True,False,0.5,100
469,219,network_focused,500,25.0,125,28.0,2.0,35.0,0.35,8,0.0571,1037.875,1030.0,7.875,6211.5,900.0,0.0,0,7,0,9,27.0,195.0,0.061,0.09,2,0.014,7,0.986,0.825,20.2,0.395,0.6377,0.0342,0.0218,0.0075,0.6377,0.014,0.9191,0.0809,False,True,False,0.5,100
470,220,network_focused,50,25.0,12,28.0,2.0,35.0,0.25,10,0.099,104.125,103.0,1.125,621.9375,180.0,0.0112,0,1,0,2,6.0,195.0,0.061,0.06,2,0.02,1,0.98,0.2417,14.6,0.395,0.4094,0.0612,0.0312,0.015,0.4094,0.02,0.9285,0.0715,False,True,False,0.5,100
471,221,network_focused,50,25.0,12,18.0,2.5,30.0,0.35,8,0.1172,105.375,103.75,1.625,629.0,85.7143,0.0522,0,1,0,2,6.0,195.0,0.061,0.06,2,0.02,1,0.98,0.2417,14.6,0.395,0.4094,0.0815,0.0448,0.0071,0.4094,0.02,0.9148,0.0852,False,True,False,0.5,100
472,222,network_focused,100,5.0,5,28.0,5.0,35.0,0.15,10,0.0163,515.0,515.0,0.0,3090.0,0.0,0.0,0,0,0,4,12.0,195.0,0.061,0.06,2,0.0,0,1.0,0.4083,16.2,0.395,0.466,0.009,0.0,0.0,0.466,0.0,0.9507,0.0493,False,True,False,0.5,100
473,223,network_focused,50,50.0,25,28.0,2.5,28.0,0.15,8,0.1577,97.8,93.75,4.05,578.7,1200.0,0.059,0,4,0,3,9.0,195.0,0.061,0.06,2,0.08,4,0.92,0.325,15.4,0.395,0.4377,0.1175,0.1234,0.1,0.4377,0.08,0.8645,0.1355,False,True,False,0.5,100
474,224,network_focused,100,50.0,50,16.0,5.0,28.0,0.15,8,0.398,465.0,375.0,90.0,2610.0,8000.0,0.4032,0,20,0,6,18.0,195.0,0.061,0.06,2,0.2,20,0.8,0.575,17.8,0.395,0.5227,0.3597,0.6857,0.3333,0.5227,0.2,0.5722,0.4278,False,True,False,0.5,100
475,225,network_focused,50,25.0,12,28.0,2.0,30.0,0.25,6,0.0723,83.9,83.0,0.9,502.05,180.0,0.0272,0,1,0,2,6.0,195.0,0.061,0.06,2,0.02,1,0.98,0.2417,14.6,0.395,0.4094,0.0506,0.031,0.015,0.4094,0.02,0.9294,0.0706,False,True,False,0.5,100
476,226,network_focused,500,10.0,50,18.0,2.0,35.0,0.25,6,0.0598,1034.875,1030.0,4.875,6201.9375,360.0,0.0039,0,3,0,6,18.0,195.0,0.061,0.09,2,0.006,3,0.994,0.575,17.8,0.395,0.5527,0.0351,0.0135,0.003,0.5527,0.006,0.9299,0.0701,False,True,False,0.5,100
477,227,network_focused,100,50.0,50,16.0,5.0,28.0,0.35,6,0.3911,465.0,375.0,90.0,2655.0,3428.5714,0.3717,0,20,0,6,18.0,195.0,0.061,0.06,2,0.2,20,0.8,0.575,17.8,0.395,0.5227,0.348,0.6857,0.1429,0.5227,0.2,0.609,0.391,False,True,False,0.5,100
478,228,network_focused,100,10.0,10,16.0,2.0,35.0,0.35,10,0.0647,208.5,206.0,2.5,1244.75,171.4286,0.0207,0,1,0,4,12.0,195.0,0.061,0.06,2,0.01,1,0.99,0.4083,16.2,0.395,0.466,0.0427,0.0347,0.0071,0.466,0.01,0.9285,0.0715,False,True,False,0.5,100
479,229,network_focused,100,25.0,25,16.0,2.5,35.0,0.35,6,0.1877,273.125,257.5,15.625,1615.3125,857.1429,0.0765,0,5,0,5,15.0,195.0,0.061,0.06,2,0.05,5,0.95,0.4917,17.0,0.395,0.4944,0.1324,0.1734,0.0357,0.4944,0.05,0.8543,0.1457,False,True,False,0.5,100
480,230,network_focused,50,25.0,12,18.0,5.0,35.0,0.35,8,0.131,265.625,257.5,8.125,1577.5,171.4286,0.0399,0,2,0,2,6.0,195.0,0.061,0.06,2,0.04,2,0.96,0.2417,14.6,0.395,0.4094,0.0901,0.0902,0.0143,0.4094,0.04,0.9019,0.0981,False,True,False,0.5,100
481,231,network_focused,500,10.0,50,18.0,2.5,28.0,0.15,8,0.0787,943.35,937.5,5.85,5648.4,800.0,0.027,0,4,0,6,18.0,195.0,0.061,0.09,2,0.008,4,0.992,0.575,17.8,0.395,0.5527,0.0516,0.0178,0.0067,0.5527,0.008,0.9198,0.0802,False,True,False,0.5,100
482,232,network_focused,100,5.0,5,16.0,5.0,28.0,0.15,6,0.0539,375.0,375.0,0.0,2250.0,0.0,0.009,0,0,0,4,12.0,195.0,0.061,0.06,2,0.0,0,1.0,0.4083,16.2,0.395,0.466,0.0319,0.0,0.0,0.466,0.0,0.9425,0.0575,False,True,False,0.5,100
483,233,network_focused,50,5.0,2,18.0,5.0,28.0,0.25,10,0.0485,187.5,187.5,0.0,1125.0,0.0,0.0,0,0,0,2,6.0,195.0,0.061,0.06,2,0.0,0,1.0,0.2417,14.6,0.395,0.4094,0.0267,0.0,0.0,0.4094,0.0,0.9511,0.0489,False,True,False,0.5,100
484,234,network_focused,500,5.0,25,28.0,5.0,28.0,0.35,6,0.0381,1877.025,1875.0,2.025,11259.1125,128.5714,0.0,0,1,0,5,15.0,195.0,0.061,0.09,2,0.002,1,0.998,0.4917,17.0,0.395,0.5244,0.0214,0.0031,0.0011,0.5244,0.002,0.9402,0.0598,False,True,False,0.5,100
485,235,network_focused,50,50.0,25,18.0,2.0,35.0,0.25,8,0.2577,112.75,103.0,9.75,657.0,720.0,0.1536,0,6,0,3,9.0,195.0,0.061,0.06,2,0.12,6,0.88,0.325,15.4,0.395,0.4377,0.2041,0.2705,0.06,0.4377,0.12,0.7969,0.2031,False,True,False,0.5,100
486,236,network_focused,500,5.0,25,18.0,5.0,28.0,0.35,8,0.0271,1877.925,1875.0,2.925,11261.7,85.7143,0.0067,0,1,0,5,15.0,195.0,0.061,0.09,2,0.002,1,0.998,0.4917,17.0,0.395,0.5244,0.017,0.0045,0.0007,0.5244,0.002,0.9403,0.0597,False,True,False,0.5,100
487,237,network_focused,500,10.0,50,18.0,5.0,35.0,0.35,6,0.0289,2579.0625,2575.0,4.0625,15468.2812,85.7143,0.0,0,1,0,6,18.0,195.0,0.061,0.09,2,0.002,1,0.998,0.575,17.8,0.395,0.5527,0.0163,0.0045,0.0007,0.5527,0.002,0.9386,0.0614,False,True,False,0.5,100
488,238,network_focused,50,50.0,25,16.0,2.0,30.0,0.35,10,0.4271,105.0,83.0,22.0,575.0,1885.7143,0.4215,0,11,0,3,9.0,195.0,0.061,0.06,2,0.22,11,0.78,0.325,15.4,0.395,0.4377,0.3843,0.7573,0.1571,0.4377,0.22,0.5807,0.4193,False,True,False,0.5,100
489,239,network_focused,100,25.0,25,16.0,5.0,30.0,0.15,6,0.2107,440.0,415.0,25.0,2602.5,2000.0,0.1046,0,5,0,5,15.0,195.0,0.061,0.06,2,0.05,5,0.95,0.4917,17.0,0.395,0.4944,0.152,0.1721,0.0833,0.4944,0.05,0.8374,0.1626,False,True,False,0.5,100
490,240,network_focused,50,5.0,2,16.0,2.0,28.0,0.35,10,0.05,75.0,75.0,0.0,450.0,0.0,0.0,0,0,0,2,6.0,195.0,0.061,0.06,2,0.0,0,1.0,0.2417,14.6,0.395,0.4094,0.0275,0.0,0.0,0.4094,0.0,0.9508,0.0492,False,True,False,0.5,100
491,241,network_focused,50,5.0,2,28.0,2.0,30.0,0.35,10,0.0018,83.0,83.0,0.0,498.0,0.0,0.0196,0,0,0,2,6.0,195.0,0.061,0.06,2,0.0,0,1.0,0.2417,14.6,0.395,0.4094,0.0059,0.0,0.0,0.4094,0.0,0.9543,0.0457,False,True,False,0.5,100
492,242,network_focused,100,25.0,25,18.0,2.0,28.0,0.15,6,0.1507,154.68,150.0,4.68,921.06,800.0,0.0434,0,4,0,5,15.0,195.0,0.061,0.06,2,0.04,4,0.96,0.4917,17.0,0.395,0.4944,0.1017,0.0891,0.0333,0.4944,0.04,0.8867,0.1133,False,True,False,0.5,100
493,243,network_focused,500,25.0,125,18.0,2.0,28.0,0.15,10,0.0807,761.7,750.0,11.7,4540.95,2000.0,0.0118,0,10,0,9,27.0,195.0,0.061,0.09,2,0.02,10,0.98,0.825,20.2,0.395,0.6377,0.0513,0.0446,0.0167,0.6377,0.02,0.9056,0.0944,False,True,False,0.5,100
494,244,network_focused,500,10.0,50,18.0,2.5,35.0,0.25,8,0.0745,1295.625,1287.5,8.125,7757.5,480.0,0.0,0,4,0,6,18.0,195.0,0.061,0.09,2,0.008,4,0.992,0.575,17.8,0.395,0.5527,0.0426,0.018,0.004,0.5527,0.008,0.9269,0.0731,False,True,False,0.5,100
495,245,network_focused,100,10.0,10,16.0,2.5,30.0,0.25,8,0.0999,210.0,207.5,2.5,1255.0,240.0,0.0276,0,1,0,4,12.0,195.0,0.061,0.06,2,0.01,1,0.99,0.4083,16.2,0.395,0.466,0.0638,0.0344,0.01,0.466,0.01,0.9207,0.0793,False,True,False,0.5,100
496,246,network_focused,100,50.0,50,28.0,2.0,28.0,0.35,6,0.193,158.1,150.0,8.1,936.45,1285.7143,0.1061,0,10,0,6,18.0,195.0,0.061,0.06,2,0.1,10,0.9,0.575,17.8,0.395,0.5227,0.1527,0.1543,0.0536,0.5227,0.1,0.8371,0.1629,False,True,False,0.5,100
497,247,network_focused,50,5.0,2,18.0,2.5,35.0,0.35,10,0.0222,128.75,128.75,0.0,772.5,0.0,0.0059,0,0,0,2,6.0,195.0,0.061,0.06,2,0.0,0,1.0,0.2417,14.6,0.395,0.4094,0.0137,0.0,0.0,0.4094,0.0,0.9541,0.0459,False,True,False,0.5,100
498,248,network_focused,100,5.0,5,28.0,2.0,30.0,0.25,10,0.0,166.0,166.0,0.0,996.0,0.0,0.0,0,0,0,4,12.0,195.0,0.061,0.06,2,0.0,0,1.0,0.4083,16.2,0.395,0.466,0.0,0.0,0.0,0.466,0.0,0.9534,0.0466,False,True,False,0.5,100
499,249,network_focused,50,5.0,2,18.0,2.5,28.0,0.35,10,0.048,93.75,93.75,0.0,562.5,0.0,0.0041,0,0,0,2,6.0,195.0,0.061,0.06,2,0.0,0,1.0,0.2417,14.6,0.395,0.4094,0.0274,0.0,0.0,0.4094,0.0,0.9502,0.0498,False,True,False,0.5,100
500,250,network_focused,500,10.0,50,28.0,5.0,35.0,0.35,8,0.0479,2580.625,2575.0,5.625,15472.5,257.1429,0.0,0,2,0,6,18.0,195.0,0.061,0.09,2,0.004,2,0.996,0.575,17.8,0.395,0.5527,0.0272,0.0062,0.0021,0.5527,0.004,0.9346,0.0654,False,True,False,0.5,100
501,1,firmware_focused,500,10.0,50,18.0,5.0,35.0,0.35,8,0.0067,2575.0,2575.0,0.0,15450.0,0.0,0.0144,0,0,0,6,18.0,230.0,0.061,0.09,16,0.0,0,1.0,0.575,31.8,0.645,0.7277,0.0073,0.0,0.0,0.7277,0.0,0.9229,0.0771,True,True,True,0.5,100
502,2,firmware_focused,500,5.0,25,16.0,2.0,35.0,0.25,10,0.0316,1032.5,1030.0,2.5,6188.75,108.0,0.0179,6,1,1,5,15.0,230.0,0.061,0.09,16,0.0013,1,0.9987,0.4917,31.0,0.645,0.6994,0.0223,0.0069,0.0009,0.6994,0.0013,0.919,0.081,True,True,True,0.5,100
503,3,firmware_focused,50,50.0,25,18.0,2.5,30.0,0.15,6,0.0685,107.0,103.75,3.25,637.125,180.0,0.0465,6,2,2,3,9.0,230.0,0.061,0.06,16,0.026,1,0.974,0.325,29.4,0.645,0.6127,0.0573,0.0895,0.015,0.6127,0.026,0.8918,0.1082,True,True,True,0.5,100
504,4,firmware_focused,100,50.0,50,16.0,2.5,30.0,0.35,6,0.1016,220.0,207.5,12.5,1301.25,385.7143,0.1158,6,5,5,6,18.0,230.0,0.061,0.06,16,0.0325,3,0.9675,0.575,31.8,0.645,0.6977,0.0948,0.1721,0.0161,0.6977,0.0325,0.8443,0.1557,True,True,True,0.5,100
505,5,firmware_focused,100,25.0,25,16.0,5.0,35.0,0.15,8,0.0285,521.25,515.0,6.25,3115.0,180.0,0.0107,6,1,1,5,15.0,230.0,0.061,0.06,16,0.0065,1,0.9935,0.4917,31.0,0.645,0.6694,0.0204,0.0347,0.0075,0.6694,0.0065,0.9166,0.0834,True,True,True,0.5,100
506,6,firmware_focused,500,5.0,25,16.0,5.0,35.0,0.25,10,0.0339,2581.25,2575.0,6.25,15471.875,108.0,0.0059,6,1,1,5,15.0,230.0,0.061,0.09,16,0.0013,1,0.9987,0.4917,31.0,0.645,0.6994,0.0205,0.0069,0.0009,0.6994,0.0013,0.9214,0.0786,True,True,True,0.5,100
507,7,firmware_focused,500,50.0,250,18.0,2.0,28.0,0.25,8,0.0477,764.04,750.0,14.04,4556.16,648.0,0.0417,6,12,12,14,42.0,230.0,0.061,0.09,16,0.0156,8,0.9844,1.0,38.2,0.645,0.9544,0.0415,0.0535,0.0054,0.9544,0.0156,0.8728,0.1272,True,True,True,0.5,100
508,8,firmware_focused,500,50.0,250,28.0,2.5,35.0,0.25,10,0.0169,1293.125,1287.5,5.625,7744.6875,324.0,0.018,6,4,4,14,42.0,230.0,0.061,0.09,16,0.0052,3,0.9948,1.0,38.2,0.645,0.9544,0.0154,0.0125,0.0027,0.9544,0.0052,0.8938,0.1062,True,True,True,0.5,100
509,9,firmware_focused,50,5.0,2,18.0,5.0,30.0,0.35,8,0.0081,207.5,207.5,0.0,1245.0,0.0,0.0086,0,0,0,2,6.0,230.0,0.061,0.06,16,0.0,0,1.0,0.2417,28.6,0.645,0.5844,0.0066,0.0,0.0,0.5844,0.0,0.9383,0.0617,True,True,True,0.5,100
510,10,firmware_focused,50,10.0,5,18.0,5.0,35.0,0.35,6,0.0082,257.5,257.5,0.0,1545.0,0.0,0.0,0,0,0,2,6.0,230.0,0.061,0.06,16,0.0,0,1.0,0.2417,28.6,0.645,0.5844,0.0045,0.0,0.0,0.5844,0.0,0.9402,0.0598,True,True,True,0.5,100
511,11,firmware_focused,50,10.0,5,16.0,2.0,30.0,0.15,8,0.0339,83.0,83.0,0.0,498.0,0.0,0.0,0,0,0,2,6.0,230.0,0.061,0.06,16,0.0,0,1.0,0.2417,28.6,0.645,0.5844,0.0187,0.0,0.0,0.5844,0.0,0.936,0.064,True,True,True,0.5,100
512,12,firmware_focused,100,5.0,5,28.0,5.0,28.0,0.25,10,0.0022,375.0,375.0,0.0,2250.0,0.0,0.0037,0,0,0,4,12.0,230.0,0.061,0.06,16,0.0,0,1.0,0.4083,30.2,0.645,0.641,0.0021,0.0,0.0,0.641,0.0,0.9347,0.0653,True,True,True,0.5,100
513,13,firmware_focused,500,10.0,50,18.0,5.0,35.0,0.15,6,0.0168,2579.0625,2575.0,4.0625,15468.2812,90.0,0.0,6,1,1,6,18.0,230.0,0.061,0.09,16,0.0013,1,0.9987,0.575,31.8,0.645,0.7277,0.0096,0.0045,0.0008,0.7277,0.0013,0.9232,0.0768,True,True,True,0.5,100
514,14,firmware_focused,500,50.0,250,28.0,5.0,35.0,0.15,6,0.0539,2611.5625,2575.0,36.5625,15614.5312,1755.0,0.0094,6,13,13,14,42.0,230.0,0.061,0.09,16,0.0169,8,0.9831,1.0,38.2,0.645,0.9544,0.0372,0.0406,0.0146,0.9544,0.0169,0.88,0.12,True,True,True,0.5,100
515,15,firmware_focused,100,25.0,25,28.0,2.5,35.0,0.35,8,0.0393,258.9062,257.5,1.4062,1550.625,57.8571,0.0,6,1,1,5,15.0,230.0,0.061,0.06,16,0.0065,1,0.9935,0.4917,31.0,0.645,0.6694,0.0236,0.0156,0.0024,0.6694,0.0065,0.9218,0.0782,True,True,True,0.5,100
516,16,firmware_focused,100,25.0,25,18.0,2.0,30.0,0.35,6,0.046,167.3,166.0,1.3,1001.85,38.5714,0.0249,6,1,1,5,15.0,230.0,0.061,0.06,16,0.0065,1,0.9935,0.4917,31.0,0.645,0.6694,0.0335,0.0224,0.0016,0.6694,0.0065,0.9139,0.0861,True,True,True,0.5,100
517,17,firmware_focused,100,25.0,25,28.0,5.0,35.0,0.15,10,0.0056,515.0,515.0,0.0,3090.0,0.0,0.0062,0,0,0,5,15.0,230.0,0.061,0.06,16,0.0,0,1.0,0.4917,31.0,0.645,0.6694,0.0046,0.0,0.0,0.6694,0.0,0.9307,0.0693,True,True,True,0.5,100
518,18,firmware_focused,100,25.0,25,28.0,5.0,35.0,0.15,6,0.0238,517.8125,515.0,2.8125,3102.6562,135.0,0.0131,6,1,1,5,15.0,230.0,0.061,0.06,16,0.0065,1,0.9935,0.4917,31.0,0.645,0.6694,0.0184,0.0156,0.0056,0.6694,0.0065,0.921,0.079,True,True,True,0.5,100
519,19,firmware_focused,100,5.0,5,18.0,2.5,35.0,0.35,10,0.0334,257.5,257.5,0.0,1545.0,0.0,0.0106,0,0,0,4,12.0,230.0,0.061,0.06,16,0.0,0,1.0,0.4083,30.2,0.645,0.641,0.021,0.0,0.0,0.641,0.0,0.928,0.072,True,True,True,0.5,100
520,20,firmware_focused,500,25.0,125,18.0,5.0,28.0,0.15,6,0.0218,1883.775,1875.0,8.775,11289.4875,270.0,0.0,6,3,3,9,27.0,230.0,0.061,0.09,16,0.0039,2,0.9961,0.825,34.2,0.645,0.8127,0.0132,0.0134,0.0022,0.8127,0.0039,0.9114,0.0886,True,True,True,0.5,100
521,21,firmware_focused,50,10.0,5,18.0,2.5,35.0,0.25,6,0.0,128.75,128.75,0.0,772.5,0.0,0.0,0,0,0,2,6.0,230.0,0.061,0.06,16,0.0,0,1.0,0.2417,28.6,0.645,0.5844,0.0,0.0,0.0,0.5844,0.0,0.9416,0.0584,True,True,True,0.5,100
522,22,firmware_focused,100,10.0,10,28.0,2.5,30.0,0.15,6,0.0164,207.5,207.5,0.0,1245.0,0.0,0.0085,0,0,0,4,12.0,230.0,0.061,0.06,16,0.0,0,1.0,0.4083,30.2,0.645,0.641,0.0111,0.0,0.0,0.641,0.0,0.9313,0.0687,True,True,True,0.5,100
523,23,firmware_focused,500,10.0,50,28.0,5.0,30.0,0.15,10,0.0101,2077.25,2075.0,2.25,12457.875,135.0,0.0128,6,1,1,6,18.0,230.0,0.061,0.09,16,0.0013,1,0.9987,0.575,31.8,0.645,0.7277,0.0091,0.0031,0.0011,0.7277,0.0013,0.9217,0.0783,True,True,True,0.5,100
524,24,firmware_focused,500,25.0,125,28.0,2.0,30.0,0.25,10,0.015,831.8,830.0,1.8,4986.3,162.0,0.0149,6,2,2,9,27.0,230.0,0.061,0.09,16,0.0026,1,0.9974,0.825,34.2,0.645,0.8127,0.0128,0.0062,0.0014,0.8127,0.0026,0.911,0.089,True,True,True,0.5,100
525,25,firmware_focused,500,25.0,125,28.0,2.0,35.0,0.25,6,0.0022,1030.0,1030.0,0.0,6180.0,0.0,0.0152,0,0,0,9,27.0,230.0,0.061,0.09,16,0.0,0,1.0,0.825,34.2,0.645,0.8127,0.005,0.0,0.0,0.8127,0.0,0.9149,0.0851,True,True,True,0.5,100
526,26,firmware_focused,100,10.0,10,28.0,5.0,35.0,0.25,10,0.0247,515.0,515.0,0.0,3090.0,0.0,0.0041,0,0,0,4,12.0,230.0,0.061,0.06,16,0.0,0,1.0,0.4083,30.2,0.645,0.641,0.0146,0.0,0.0,0.641,0.0,0.9309,0.0691,True,True,True,0.5,100
527,27,firmware_focused,500,10.0,50,28.0,2.5,30.0,0.15,6,0.0384,1039.75,1037.5,2.25,6235.125,270.0,0.0,6,2,2,6,18.0,230.0,0.061,0.09,16,0.0026,1,0.9974,0.575,31.8,0.645,0.7277,0.0219,0.0062,0.0022,0.7277,0.0026,0.9188,0.0812,True,True,True,0.5,100
528,28,firmware_focused,50,5.0,2,18.0,2.5,30.0,0.35,6,0.0,103.75,103.75,0.0,622.5,0.0,0.0,0,0,0,2,6.0,230.0,0.061,0.06,16,0.0,0,1.0,0.2417,28.6,0.645,0.5844,0.0,0.0,0.0,0.5844,0.0,0.9416,0.0584,True,True,True,0.5,100
529,29,firmware_focused,100,5.0,5,18.0,5.0,28.0,0.15,8,0.0,375.0,375.0,0.0,2250.0,0.0,0.0,0,0,0,4,12.0,230.0,0.061,0.06,16,0.0,0,1.0,0.4083,30.2,0.645,0.641,0.0,0.0,0.0,0.641,0.0,0.9359,0.0641,True,True,True,0.5,100
530,30,firmware_focused,50,25.0,12,18.0,5.0,30.0,0.15,10,0.0511,210.75,207.5,3.25,1256.375,90.0,0.0093,6,1,1,2,6.0,230.0,0.061,0.06,16,0.013,1,0.987,0.2417,28.6,0.645,0.5844,0.0344,0.0448,0.0075,0.5844,0.013,0.9185,0.0815,True,True,True,0.5,100
531,31,firmware_focused,50,10.0,5,28.0,5.0,28.0,0.25,6,0.012,187.5,187.5,0.0,1125.0,0.0,0.0,0,0,0,2,6.0,230.0,0.061,0.06,16,0.0,0,1.0,0.2417,28.6,0.645,0.5844,0.0066,0.0,0.0,0.5844,0.0,0.9396,0.0604,True,True,True,0.5,100
532,32,firmware_focused,100,10.0,10,16.0,2.5,30.0,0.25,10,0.0085,207.5,207.5,0.0,1245.0,0.0,0.0197,0,0,0,4,12.0,230.0,0.061,0.06,16,0.0,0,1.0,0.4083,30.2,0.645,0.641,0.0096,0.0,0.0,0.641,0.0,0.93,0.07,True,True,True,0.5,100
533,33,firmware_focused,500,50.0,250,28.0,2.0,28.0,0.35,10,0.0308,756.48,750.0,6.48,4522.68,462.8571,0.0035,6,8,8,14,42.0,230.0,0.061,0.09,16,0.0104,5,0.9896,1.0,38.2,0.645,0.9544,0.021,0.0247,0.0039,0.9544,0.0104,0.8912,0.1088,True,True,True,0.5,100
534,34,firmware_focused,500,10.0,50,16.0,2.5,30.0,0.15,10,0.0141,1040.0,1037.5,2.5,6233.75,180.0,0.0044,6,1,1,6,18.0,230.0,0.061,0.09,16,0.0013,1,0.9987,0.575,31.8,0.645,0.7277,0.0093,0.0069,0.0015,0.7277,0.0013,0.9221,0.0779,True,True,True,0.5,100
535,35,firmware_focused,100,5.0,5,28.0,5.0,35.0,0.25,8,0.0039,515.0,515.0,0.0,3090.0,0.0,0.0,0,0,0,4,12.0,230.0,0.061,0.06,16,0.0,0,1.0,0.4083,30.2,0.645,0.641,0.0022,0.0,0.0,0.641,0.0,0.9353,0.0647,True,True,True,0.5,100
536,36,firmware_focused,500,10.0,50,18.0,2.0,28.0,0.15,10,0.0419,752.34,750.0,2.34,4508.19,180.0,0.0164,6,2,2,6,18.0,230.0,0.061,0.09,16,0.0026,1,0.9974,0.575,31.8,0.645,0.7277,0.0279,0.0089,0.0015,0.7277,0.0026,0.9141,0.0859,True,True,True,0.5,100
537,37,firmware_focused,500,5.0,25,28.0,2.0,35.0,0.35,6,0.0211,1031.125,1030.0,1.125,6185.0625,57.8571,0.0155,6,1,1,5,15.0,230.0,0.061,0.09,16,0.0013,1,0.9987,0.4917,31.0,0.645,0.6994,0.0159,0.0031,0.0005,0.6994,0.0013,0.9221,0.0779,True,True,True,0.5,100
538,38,firmware_focused,100,5.0,5,16.0,5.0,35.0,0.25,10,0.0193,515.0,515.0,0.0,3090.0,0.0,0.0195,0,0,0,4,12.0,230.0,0.061,0.06,16,0.0,0,1.0,0.4083,30.2,0.645,0.641,0.0155,0.0,0.0,0.641,0.0,0.9283,0.0717,True,True,True,0.5,100
539,39,firmware_focused,500,10.0,50,16.0,5.0,30.0,0.15,8,0.0,2075.0,2075.0,0.0,12450.0,0.0,0.0,0,0,0,6,18.0,230.0,0.061,0.09,16,0.0,0,1.0,0.575,31.8,0.645,0.7277,0.0,0.0,0.0,0.7277,0.0,0.9272,0.0728,True,True,True,0.5,100
540,40,firmware_focused,100,5.0,5,28.0,2.5,30.0,0.25,6,0.0018,207.5,207.5,0.0,1245.0,0.0,0.0,0,0,0,4,12.0,230.0,0.061,0.06,16,0.0,0,1.0,0.4083,30.2,0.645,0.641,0.001,0.0,0.0,0.641,0.0,0.9356,0.0644,True,True,True,0.5,100
541,41,firmware_focused,100,5.0,5,18.0,2.0,35.0,0.15,10,0.0153,206.0,206.0,0.0,1236.0,0.0,0.0057,0,0,0,4,12.0,230.0,0.061,0.06,16,0.0,0,1.0,0.4083,30.2,0.645,0.641,0.0098,0.0,0.0,0.641,0.0,0.9321,0.0679,True,True,True,0.5,100
542,42,firmware_focused,500,5.0,25,28.0,2.5,35.0,0.15,6,0.0,1287.5,1287.5,0.0,7725.0,0.0,0.0074,0,0,0,5,15.0,230.0,0.061,0.09,16,0.0,0,1.0,0.4917,31.0,0.645,0.6994,0.0019,0.0,0.0,0.6994,0.0,0.9284,0.0716,True,True,True,0.5,100
543,43,firmware_focused,500,5.0,25,18.0,2.5,30.0,0.35,8,0.0,1037.5,1037.5,0.0,6225.0,0.0,0.0,0,0,0,5,15.0,230.0,0.061,0.09,16,0.0,0,1.0,0.4917,31.0,0.645,0.6994,0.0,0.0,0.0,0.6994,0.0,0.9301,0.0699,True,True,True,0.5,100
544,44,firmware_focused,50,10.0,5,28.0,5.0,30.0,0.35,8,0.0,207.5,207.5,0.0,1245.0,0.0,0.0071,0,0,0,2,6.0,230.0,0.061,0.06,16,0.0,0,1.0,0.2417,28.6,0.645,0.5844,0.0018,0.0,0.0,0.5844,0.0,0.94,0.06,True,True,True,0.5,100
545,45,firmware_focused,500,25.0,125,16.0,5.0,28.0,0.15,10,0.017,1884.0,1875.0,9.0,11281.5,360.0,0.0114,6,2,2,9,27.0,230.0,0.061,0.09,16,0.0026,1,0.9974,0.825,34.2,0.645,0.8127,0.013,0.0137,0.003,0.8127,0.0026,0.9097,0.0903,True,True,True,0.5,100
546,46,firmware_focused,100,5.0,5,18.0,5.0,35.0,0.35,6,0.0,515.0,515.0,0.0,3090.0,0.0,0.0,0,0,0,4,12.0,230.0,0.061,0.06,16,0.0,0,1.0,0.4083,30.2,0.645,0.641,0.0,0.0,0.0,0.641,0.0,0.9359,0.0641,True,True,True,0.5,100
547,47,firmware_focused,500,10.0,50,16.0,2.0,35.0,0.25,6,0.0026,1030.0,1030.0,0.0,6180.0,0.0,0.0,0,0,0,6,18.0,230.0,0.061,0.09,16,0.0,0,1.0,0.575,31.8,0.645,0.7277,0.0014,0.0,0.0,0.7277,0.0,0.9268,0.0732,True,True,True,0.5,100
548,48,firmware_focused,500,5.0,25,28.0,5.0,35.0,0.15,8,0.0,2575.0,2575.0,0.0,15450.0,0.0,0.0,0,0,0,5,15.0,230.0,0.061,0.09,16,0.0,0,1.0,0.4917,31.0,0.645,0.6994,0.0,0.0,0.0,0.6994,0.0,0.9301,0.0699,True,True,True,0.5,100
549,49,firmware_focused,50,10.0,5,28.0,2.5,30.0,0.25,10,0.0,103.75,103.75,0.0,622.5,0.0,0.0062,0,0,0,2,6.0,230.0,0.061,0.06,16,0.0,0,1.0,0.2417,28.6,0.645,0.5844,0.0016,0.0,0.0,0.5844,0.0,0.9402,0.0598,True,True,True,0.5,100
550,50,firmware_focused,50,25.0,12,28.0,2.0,30.0,0.25,6,0.0206,83.0,83.0,0.0,498.0,0.0,0.0093,0,0,0,2,6.0,230.0,0.061,0.06,16,0.0,0,1.0,0.2417,28.6,0.645,0.5844,0.0136,0.0,0.0,0.5844,0.0,0.9361,0.0639,True,True,True,0.5,100
551,51,firmware_focused,100,10.0,10,28.0,2.5,30.0,0.25,10,0.0,207.5,207.5,0.0,1245.0,0.0,0.0,0,0,0,4,12.0,230.0,0.061,0.06,16,0.0,0,1.0,0.4083,30.2,0.645,0.641,0.0,0.0,0.0,0.641,0.0,0.9359,0.0641,True,True,True,0.5,100
552,52,firmware_focused,50,50.0,25,18.0,2.0,35.0,0.35,8,0.0579,104.625,103.0,1.625,624.5,38.5714,0.0369,6,1,1,3,9.0,230.0,0.061,0.06,16,0.013,1,0.987,0.325,29.4,0.645,0.6127,0.0451,0.0451,0.0032,0.6127,0.013,0.9089,0.0911,True,True,True,0.5,100
553,53,firmware_focused,100,25.0,25,18.0,5.0,28.0,0.15,8,0.0428,377.925,375.0,2.925,2261.7,90.0,0.0,6,1,1,5,15.0,230.0,0.061,0.06,16,0.0065,1,0.9935,0.4917,31.0,0.645,0.6694,0.0255,0.0223,0.0037,0.6694,0.0065,0.9197,0.0803,True,True,True,0.5,100
554,54,firmware_focused,100,10.0,10,28.0,2.5,35.0,0.35,6,0.0,257.5,257.5,0.0,1545.0,0.0,0.0,0,0,0,4,12.0,230.0,0.061,0.06,16,0.0,0,1.0,0.4083,30.2,0.645,0.641,0.0,0.0,0.0,0.641,0.0,0.9359,0.0641,True,True,True,0.5,100
555,55,firmware_focused,50,5.0,2,28.0,2.5,35.0,0.15,10,0.0291,128.75,128.75,0.0,772.5,0.0,0.0034,0,0,0,2,6.0,230.0,0.061,0.06,16,0.0,0,1.0,0.2417,28.6,0.645,0.5844,0.0168,0.0,0.0,0.5844,0.0,0.936,0.064,True,True,True,0.5,100
556,56,firmware_focused,500,50.0,250,28.0,2.5,30.0,0.15,6,0.0635,1055.5,1037.5,18.0,6306.0,2160.0,0.0322,6,16,16,14,42.0,230.0,0.061,0.09,16,0.0208,10,0.9792,1.0,38.2,0.645,0.9544,0.0494,0.0496,0.018,0.9544,0.0208,0.8702,0.1298,True,True,True,0.5,100
557,57,firmware_focused,100,10.0,10,18.0,5.0,28.0,0.25,10,0.0054,375.0,375.0,0.0,2250.0,0.0,0.0,0,0,0,4,12.0,230.0,0.061,0.06,16,0.0,0,1.0,0.4083,30.2,0.645,0.641,0.003,0.0,0.0,0.641,0.0,0.935,0.065,True,True,True,0.5,100
558,58,firmware_focused,50,10.0,5,28.0,2.5,28.0,0.15,6,0.0134,93.75,93.75,0.0,562.5,0.0,0.0038,0,0,0,2,6.0,230.0,0.061,0.06,16,0.0,0,1.0,0.2417,28.6,0.645,0.5844,0.0083,0.0,0.0,0.5844,0.0,0.9385,0.0615,True,True,True,0.5,100
559,59,firmware_focused,50,50.0,25,18.0,2.0,30.0,0.15,6,0.0418,84.3,83.0,1.3,503.85,90.0,0.022,6,1,1,3,9.0,230.0,0.061,0.06,16,0.013,1,0.987,0.325,29.4,0.645,0.6127,0.0325,0.0448,0.0075,0.6127,0.013,0.9143,0.0857,True,True,True,0.5,100
560,60,firmware_focused,50,10.0,5,28.0,2.5,30.0,0.25,8,0.0323,103.75,103.75,0.0,622.5,0.0,0.0,0,0,0,2,6.0,230.0,0.061,0.06,16,0.0,0,1.0,0.2417,28.6,0.645,0.5844,0.0178,0.0,0.0,0.5844,0.0,0.9362,0.0638,True,True,True,0.5,100
561,61,firmware_focused,500,25.0,125,16.0,5.0,35.0,0.25,10,0.0646,2625.0,2575.0,50.0,15625.0,864.0,0.0228,6,8,8,9,27.0,230.0,0.061,0.09,16,0.0104,5,0.9896,0.825,34.2,0.645,0.8127,0.0444,0.0555,0.0072,0.8127,0.0104,0.8888,0.1112,True,True,True,0.5,100
562,62,firmware_focused,500,10.0,50,18.0,2.5,30.0,0.35,10,0.0228,1039.125,1037.5,1.625,6230.6875,38.5714,0.0164,6,1,1,6,18.0,230.0,0.061,0.09,16,0.0013,1,0.9987,0.575,31.8,0.645,0.7277,0.017,0.0045,0.0003,0.7277,0.0013,0.9186,0.0814,True,True,True,0.5,100
563,63,firmware_focused,500,25.0,125,18.0,5.0,30.0,0.25,6,0.0479,2094.5,2075.0,19.5,12537.75,324.0,0.0094,6,6,6,9,27.0,230.0,0.061,0.09,16,0.0078,4,0.9922,0.825,34.2,0.645,0.8127,0.0311,0.0269,0.0027,0.8127,0.0078,0.9014,0.0986,True,True,True,0.5,100
564,64,firmware_focused,100,5.0,5,28.0,2.5,28.0,0.15,6,0.0,187.5,187.5,0.0,1125.0,0.0,0.0057,0,0,0,4,12.0,230.0,0.061,0.06,16,0.0,0,1.0,0.4083,30.2,0.645,0.641,0.0014,0.0,0.0,0.641,0.0,0.9346,0.0654,True,True,True,0.5,100
565,65,firmware_focused,50,10.0,5,16.0,2.5,35.0,0.35,6,0.04,128.75,128.75,0.0,772.5,0.0,0.0144,0,0,0,2,6.0,230.0,0.061,0.06,16,0.0,0,1.0,0.2417,28.6,0.645,0.5844,0.0256,0.0,0.0,0.5844,0.0,0.9317,0.0683,True,True,True,0.5,100
566,66,firmware_focused,100,25.0,25,28.0,2.5,35.0,0.25,6,0.0223,258.9062,257.5,1.4062,1551.3281,81.0,0.0086,6,1,1,5,15.0,230.0,0.061,0.06,16,0.0065,1,0.9935,0.4917,31.0,0.645,0.6694,0.0164,0.0156,0.0034,0.6694,0.0065,0.9226,0.0774,True,True,True,0.5,100
567,67,firmware_focused,500,50.0,250,16.0,2.0,28.0,0.35,6,0.0945,793.2,750.0,43.2,4694.4,1851.4286,0.0799,6,24,24,14,42.0,230.0,0.061,0.09,16,0.0312,16,0.9688,1.0,38.2,0.645,0.9544,0.0816,0.1646,0.0154,0.9544,0.0312,0.8298,0.1702,True,True,True,0.5,100
568,68,firmware_focused,500,5.0,25,28.0,2.0,28.0,0.25,6,0.0301,750.81,750.0,0.81,4503.645,81.0,0.002,6,1,1,5,15.0,230.0,0.061,0.09,16,0.0013,1,0.9987,0.4917,31.0,0.645,0.6994,0.0174,0.0031,0.0007,0.6994,0.0013,0.9237,0.0763,True,True,True,0.5,100
569,69,firmware_focused,100,5.0,5,28.0,5.0,30.0,0.15,10,0.0,415.0,415.0,0.0,2490.0,0.0,0.0043,0,0,0,4,12.0,230.0,0.061,0.06,16,0.0,0,1.0,0.4083,30.2,0.645,0.641,0.0011,0.0,0.0,0.641,0.0,0.9349,0.0651,True,True,True,0.5,100
570,70,firmware_focused,100,50.0,50,16.0,2.5,35.0,0.15,6,0.1223,276.25,257.5,18.75,1629.375,1080.0,0.1352,6,6,6,6,18.0,230.0,0.061,0.06,16,0.039,4,0.961,0.575,31.8,0.645,0.6977,0.1131,0.208,0.045,0.6977,0.039,0.8238,0.1762,True,True,True,0.5,100
571,71,firmware_focused,50,25.0,12,16.0,5.0,30.0,0.25,10,0.0581,212.5,207.5,5.0,1262.5,108.0,0.0118,6,1,1,2,6.0,230.0,0.061,0.06,16,0.013,1,0.987,0.2417,28.6,0.645,0.5844,0.0389,0.0688,0.009,0.5844,0.013,0.9117,0.0883,True,True,True,0.5,100
572,72,firmware_focused,100,50.0,50,16.0,2.0,28.0,0.35,6,0.1262,160.8,150.0,10.8,948.6,462.8571,0.1264,6,6,6,6,18.0,230.0,0.061,0.06,16,0.039,4,0.961,0.575,31.8,0.645,0.6977,0.113,0.2057,0.0193,0.6977,0.039,0.8294,0.1706,True,True,True,0.5,100
573,73,firmware_focused,100,10.0,10,28.0,2.0,30.0,0.35,6,0.0154,166.0,166.0,0.0,996.0,0.0,0.0165,0,0,0,4,12.0,230.0,0.061,0.06,16,0.0,0,1.0,0.4083,30.2,0.645,0.641,0.0126,0.0,0.0,0.641,0.0,0.9296,0.0704,True,True,True,0.5,100
574,74,firmware_focused,500,5.0,25,16.0,5.0,28.0,0.35,8,0.0128,1875.0,1875.0,0.0,11250.0,0.0,0.0,0,0,0,5,15.0,230.0,0.061,0.09,16,0.0,0,1.0,0.4917,31.0,0.645,0.6994,0.0071,0.0,0.0,0.6994,0.0,0.9279,0.0721,True,True,True,0.5,100
575,75,firmware_focused,500,50.0,250,28.0,2.5,28.0,0.35,8,0.0418,947.625,937.5,10.125,5665.5,578.5714,0.008,6,10,10,14,42.0,230.0,0.061,0.09,16,0.013,7,0.987,1.0,38.2,0.645,0.9544,0.029,0.0309,0.0048,0.9544,0.013,0.8865,0.1135,True,True,True,0.5,100
576,76,firmware_focused,100,50.0,50,18.0,5.0,35.0,0.35,10,0.0439,523.125,515.0,8.125,3118.4375,77.1429,0.0139,6,2,2,6,18.0,230.0,0.061,0.06,16,0.013,1,0.987,0.575,31.8,0.645,0.6977,0.0316,0.0451,0.0032,0.6977,0.013,0.9079,0.0921,True,True,True,0.5,100
577,77,firmware_focused,100,10.0,10,16.0,5.0,35.0,0.25,8,0.0064,515.0,515.0,0.0,3090.0,0.0,0.0,0,0,0,4,12.0,230.0,0.061,0.06,16,0.0,0,1.0,0.4083,30.2,0.645,0.641,0.0035,0.0,0.0,0.641,0.0,0.9348,0.0652,True,True,True,0.5,100
578,78,firmware_focused,500,5.0,25,28.0,2.0,35.0,0.15,10,0.0,1030.0,1030.0,0.0,6180.0,0.0,0.0,0,0,0,5,15.0,230.0,0.061,0.09,16,0.0,0,1.0,0.4917,31.0,0.645,0.6994,0.0,0.0,0.0,0.6994,0.0,0.9301,0.0699,True,True,True,0.5,100
579,79,firmware_focused,100,50.0,50,18.0,2.0,30.0,0.35,6,0.0732,171.2,166.0,5.2,1019.4,154.2857,0.038,6,4,4,6,18.0,230.0,0.061,0.06,16,0.026,3,0.974,0.575,31.8,0.645,0.6977,0.0577,0.0895,0.0064,0.6977,0.026,0.8857,0.1143,True,True,True,0.5,100
580,80,firmware_focused,500,50.0,250,28.0,5.0,30.0,0.35,8,0.0339,2093.0,2075.0,18.0,12522.0,462.8571,0.0034,6,8,8,14,42.0,230.0,0.061,0.09,16,0.0104,5,0.9896,1.0,38.2,0.645,0.9544,0.0227,0.0248,0.0039,0.9544,0.0104,0.8907,0.1093,True,True,True,0.5,100
581,81,firmware_focused,500,50.0,250,16.0,5.0,35.0,0.25,8,0.0742,2693.75,2575.0,118.75,15925.0,2052.0,0.0665,6,19,19,14,42.0,230.0,0.061,0.09,16,0.0247,12,0.9753,1.0,38.2,0.645,0.9544,0.065,0.1318,0.0171,0.9544,0.0247,0.8437,0.1563,True,True,True,0.5,100
582,82,firmware_focused,100,50.0,50,28.0,5.0,28.0,0.35,6,0.0309,379.05,375.0,4.05,2268.225,115.7143,0.0252,6,2,2,6,18.0,230.0,0.061,0.06,16,0.013,1,0.987,0.575,31.8,0.645,0.6977,0.0273,0.0309,0.0048,0.6977,0.013,0.9101,0.0899,True,True,True,0.5,100
583,83,firmware_focused,50,5.0,2,16.0,2.5,30.0,0.35,10,0.0173,103.75,103.75,0.0,622.5,0.0,0.0091,0,0,0,2,6.0,230.0,0.061,0.06,16,0.0,0,1.0,0.2417,28.6,0.645,0.5844,0.0118,0.0,0.0,0.5844,0.0,0.9367,0.0633,True,True,True,0.5,100
584,84,firmware_focused,50,10.0,5,18.0,2.0,28.0,0.15,10,0.0119,75.0,75.0,0.0,450.0,0.0,0.0056,0,0,0,2,6.0,230.0,0.061,0.06,16,0.0,0,1.0,0.2417,28.6,0.645,0.5844,0.0079,0.0,0.0,0.5844,0.0,0.9383,0.0617,True,True,True,0.5,100
585,85,firmware_focused,50,5.0,2,18.0,2.5,28.0,0.35,6,0.0,93.75,93.75,0.0,562.5,0.0,0.0,0,0,0,2,6.0,230.0,0.061,0.06,16,0.0,0,1.0,0.2417,28.6,0.645,0.5844,0.0,0.0,0.0,0.5844,0.0,0.9416,0.0584,True,True,True,0.5,100
586,86,firmware_focused,100,25.0,25,28.0,2.0,28.0,0.35,10,0.0232,150.81,150.0,0.81,902.835,57.8571,0.0,6,1,1,5,15.0,230.0,0.061,0.06,16,0.0065,1,0.9935,0.4917,31.0,0.645,0.6694,0.0148,0.0154,0.0024,0.6694,0.0065,0.9245,0.0755,True,True,True,0.5,100
587,87,firmware_focused,500,25.0,125,16.0,5.0,35.0,0.35,6,0.0564,2618.75,2575.0,43.75,15646.875,540.0,0.0328,6,7,7,9,27.0,230.0,0.061,0.09,16,0.0091,5,0.9909,0.825,34.2,0.645,0.8127,0.042,0.0485,0.0045,0.8127,0.0091,0.8899,0.1101,True,True,True,0.5,100
588,88,firmware_focused,500,5.0,25,18.0,5.0,28.0,0.15,6,0.0,1875.0,1875.0,0.0,11250.0,0.0,0.0,0,0,0,5,15.0,230.0,0.061,0.09,16,0.0,0,1.0,0.4917,31.0,0.645,0.6994,0.0,0.0,0.0,0.6994,0.0,0.9301,0.0699,True,True,True,0.5,100
589,89,firmware_focused,100,25.0,25,28.0,2.5,35.0,0.15,8,0.0246,258.9062,257.5,1.4062,1550.625,135.0,0.015,6,1,1,5,15.0,230.0,0.061,0.06,16,0.0065,1,0.9935,0.4917,31.0,0.645,0.6694,0.0193,0.0156,0.0056,0.6694,0.0065,0.9204,0.0796,True,True,True,0.5,100
590,90,firmware_focused,50,5.0,2,28.0,5.0,35.0,0.35,8,0.0,257.5,257.5,0.0,1545.0,0.0,0.0185,0,0,0,2,6.0,230.0,0.061,0.06,16,0.0,0,1.0,0.2417,28.6,0.645,0.5844,0.0046,0.0,0.0,0.5844,0.0,0.9374,0.0626,True,True,True,0.5,100
591,91,firmware_focused,100,10.0,10,28.0,2.5,30.0,0.35,6,0.0,207.5,207.5,0.0,1245.0,0.0,0.0,0,0,0,4,12.0,230.0,0.061,0.06,16,0.0,0,1.0,0.4083,30.2,0.645,0.641,0.0,0.0,0.0,0.641,0.0,0.9359,0.0641,True,True,True,0.5,100
592,92,firmware_focused,500,5.0,25,28.0,5.0,30.0,0.25,6,0.0315,2077.25,2075.0,2.25,12460.125,81.0,0.0135,6,1,1,5,15.0,230.0,0.061,0.09,16,0.0013,1,0.9987,0.4917,31.0,0.645,0.6994,0.0211,0.0031,0.0007,0.6994,0.0013,0.9208,0.0792,True,True,True,0.5,100
593,93,firmware_focused,100,25.0,25,28.0,2.5,35.0,0.25,8,0.0397,258.9062,257.5,1.4062,1550.625,81.0,0.0192,6,1,1,5,15.0,230.0,0.061,0.06,16,0.0065,1,0.9935,0.4917,31.0,0.645,0.6694,0.0287,0.0156,0.0034,0.6694,0.0065,0.9173,0.0827,True,True,True,0.5,100
594,94,firmware_focused,100,50.0,50,28.0,2.5,28.0,0.25,6,0.0212,188.5125,187.5,1.0125,1129.5563,81.0,0.0149,6,1,1,6,18.0,230.0,0.061,0.06,16,0.0065,1,0.9935,0.575,31.8,0.645,0.6977,0.0174,0.0154,0.0034,0.6977,0.0065,0.9186,0.0814,True,True,True,0.5,100
595,95,firmware_focused,50,10.0,5,18.0,2.5,35.0,0.35,8,0.0,128.75,128.75,0.0,772.5,0.0,0.0133,0,0,0,2,6.0,230.0,0.061,0.06,16,0.0,0,1.0,0.2417,28.6,0.645,0.5844,0.0033,0.0,0.0,0.5844,0.0,0.9386,0.0614,True,True,True,0.5,100
596,96,firmware_focused,50,25.0,12,16.0,5.0,35.0,0.25,8,0.0269,257.5,257.5,0.0,1545.0,0.0,0.0307,0,0,0,2,6.0,230.0,0.061,0.06,16,0.0,0,1.0,0.2417,28.6,0.645,0.5844,0.0225,0.0,0.0,0.5844,0.0,0.9302,0.0698,True,True,True,0.5,100
597,97,firmware_focused,100,25.0,25,18.0,5.0,30.0,0.15,6,0.0608,421.5,415.0,6.5,2519.25,180.0,0.0271,6,2,2,5,15.0,230.0,0.061,0.06,16,0.013,1,0.987,0.4917,31.0,0.645,0.6694,0.0442,0.0448,0.0075,0.6694,0.013,0.9044,0.0956,True,True,True,0.5,100
598,98,firmware_focused,50,50.0,25,28.0,2.0,35.0,0.15,6,0.0695,105.25,103.0,2.25,628.125,270.0,0.0195,6,2,2,3,9.0,230.0,0.061,0.06,16,0.026,1,0.974,0.325,29.4,0.645,0.6127,0.0511,0.0624,0.0225,0.6127,0.026,0.902,0.098,True,True,True,0.5,100
599,99,firmware_focused,50,10.0,5,28.0,2.0,28.0,0.15,8,0.0346,75.0,75.0,0.0,450.0,0.0,0.0101,0,0,0,2,6.0,230.0,0.061,0.06,16,0.0,0,1.0,0.2417,28.6,0.645,0.5844,0.0216,0.0,0.0,0.5844,0.0,0.9336,0.0664,True,True,True,0.5,100
600,100,firmware_focused,500,50.0,250,28.0,5.0,28.0,0.25,6,0.0323,1891.2,1875.0,16.2,11322.9,648.0,0.0072,6,8,8,14,42.0,230.0,0.061,0.09,16,0.0104,5,0.9896,1.0,38.2,0.645,0.9544,0.0228,0.0247,0.0054,0.9544,0.0104,0.8899,0.1101,True,True,True,0.5,100
601,101,firmware_focused,500,25.0,125,18.0,5.0,30.0,0.25,6,0.0122,2081.5,2075.0,6.5,12479.25,108.0,0.007,6,2,2,9,27.0,230.0,0.061,0.09,16,0.0026,1,0.9974,0.825,34.2,0.645,0.8127,0.0093,0.009,0.0009,0.8127,0.0026,0.9127,0.0873,True,True,True,0.5,100
602,102,firmware_focused,50,50.0,25,18.0,2.0,35.0,0.25,10,0.0617,106.25,103.0,3.25,629.375,108.0,0.0475,6,2,2,3,9.0,230.0,0.061,0.06,16,0.026,1,0.974,0.325,29.4,0.645,0.6127,0.0538,0.0902,0.009,0.6127,0.026,0.8935,0.1065,True,True,True,0.5,100
603,103,firmware_focused,50,50.0,25,16.0,5.0,30.0,0.25,10,0.116,222.5,207.5,15.0,1297.5,324.0,0.0965,6,3,3,3,9.0,230.0,0.061,0.06,16,0.039,2,0.961,0.325,29.4,0.645,0.6127,0.0999,0.2065,0.027,0.6127,0.039,0.845,0.155,True,True,True,0.5,100
604,104,firmware_focused,50,50.0,25,28.0,2.5,30.0,0.35,6,0.0688,106.0,103.75,2.25,632.625,115.7143,0.0185,6,2,2,3,9.0,230.0,0.061,0.06,16,0.026,1,0.974,0.325,29.4,0.645,0.6127,0.0505,0.062,0.0096,0.6127,0.026,0.9044,0.0956,True,True,True,0.5,100
605,105,firmware_focused,100,10.0,10,18.0,5.0,30.0,0.25,8,0.0,415.0,415.0,0.0,2490.0,0.0,0.0,0,0,0,4,12.0,230.0,0.061,0.06,16,0.0,0,1.0,0.4083,30.2,0.645,0.641,0.0,0.0,0.0,0.641,0.0,0.9359,0.0641,True,True,True,0.5,100
606,106,firmware_focused,100,25.0,25,18.0,2.5,30.0,0.15,8,0.0383,209.125,207.5,1.625,1251.5,90.0,0.0316,6,1,1,5,15.0,230.0,0.061,0.06,16,0.0065,1,0.9935,0.4917,31.0,0.645,0.6694,0.031,0.0224,0.0037,0.6694,0.0065,0.9133,0.0867,True,True,True,0.5,100
607,107,firmware_focused,500,10.0,50,16.0,2.5,28.0,0.35,10,0.0169,939.75,937.5,2.25,5632.875,77.1429,0.0,6,1,1,6,18.0,230.0,0.061,0.09,16,0.0013,1,0.9987,0.575,31.8,0.645,0.7277,0.0097,0.0069,0.0006,0.7277,0.0013,0.9227,0.0773,True,True,True,0.5,100
608,108,firmware_focused,50,10.0,5,18.0,2.0,30.0,0.25,6,0.0,83.0,83.0,0.0,498.0,0.0,0.0157,0,0,0,2,6.0,230.0,0.061,0.06,16,0.0,0,1.0,0.2417,28.6,0.645,0.5844,0.0039,0.0,0.0,0.5844,0.0,0.938,0.062,True,True,True,0.5,100
609,109,firmware_focused,500,25.0,125,18.0,2.5,35.0,0.35,8,0.0018,1287.5,1287.5,0.0,7725.0,0.0,0.0,0,0,0,9,27.0,230.0,0.061,0.09,16,0.0,0,1.0,0.825,34.2,0.645,0.8127,0.001,0.0,0.0,0.8127,0.0,0.9184,0.0816,True,True,True,0.5,100
610,110,firmware_focused,50,5.0,2,16.0,2.5,35.0,0.15,8,0.0075,128.75,128.75,0.0,772.5,0.0,0.0,0,0,0,2,6.0,230.0,0.061,0.06,16,0.0,0,1.0,0.2417,28.6,0.645,0.5844,0.0041,0.0,0.0,0.5844,0.0,0.9403,0.0597,True,True,True,0.5,100
611,111,firmware_focused,100,25.0,25,28.0,2.5,30.0,0.15,10,0.0183,207.5,207.5,0.0,1245.0,0.0,0.0,0,0,0,5,15.0,230.0,0.061,0.06,16,0.0,0,1.0,0.4917,31.0,0.645,0.6694,0.01,0.0,0.0,0.6694,0.0,0.9301,0.0699,True,True,True,0.5,100
612,112,firmware_focused,500,10.0,50,28.0,5.0,35.0,0.35,10,0.0,2575.0,2575.0,0.0,15450.0,0.0,0.0112,0,0,0,6,18.0,230.0,0.061,0.09,16,0.0,0,1.0,0.575,31.8,0.645,0.7277,0.0028,0.0,0.0,0.7277,0.0,0.9247,0.0753,True,True,True,0.5,100
613,113,firmware_focused,100,25.0,25,28.0,2.5,35.0,0.25,10,0.0469,258.9062,257.5,1.4062,1549.9219,81.0,0.0058,6,1,1,5,15.0,230.0,0.061,0.06,16,0.0065,1,0.9935,0.4917,31.0,0.645,0.6694,0.0293,0.0156,0.0034,0.6694,0.0065,0.9191,0.0809,True,True,True,0.5,100
614,114,firmware_focused,100,50.0,50,28.0,2.0,35.0,0.25,6,0.0424,208.25,206.0,2.25,1246.125,162.0,0.0236,6,2,2,6,18.0,230.0,0.061,0.06,16,0.013,1,0.987,0.575,31.8,0.645,0.6977,0.0332,0.0312,0.0067,0.6977,0.013,0.9082,0.0918,True,True,True,0.5,100
615,115,firmware_focused,100,5.0,5,16.0,2.5,28.0,0.25,6,0.0,187.5,187.5,0.0,1125.0,0.0,0.0,0,0,0,4,12.0,230.0,0.061,0.06,16,0.0,0,1.0,0.4083,30.2,0.645,0.641,0.0,0.0,0.0,0.641,0.0,0.9359,0.0641,True,True,True,0.5,100
616,116,firmware_focused,100,50.0,50,18.0,2.5,35.0,0.35,8,0.0693,263.5938,257.5,6.0938,1569.375,115.7143,0.0431,6,3,3,6,18.0,230.0,0.061,0.06,16,0.0195,2,0.9805,0.575,31.8,0.645,0.6977,0.0549,0.0676,0.0048,0.6977,0.0195,0.8911,0.1089,True,True,True,0.5,100
617,117,firmware_focused,50,10.0,5,16.0,5.0,28.0,0.35,6,0.006,187.5,187.5,0.0,1125.0,0.0,0.011,0,0,0,2,6.0,230.0,0.061,0.06,16,0.0,0,1.0,0.2417,28.6,0.645,0.5844,0.0061,0.0,0.0,0.5844,0.0,0.9381,0.0619,True,True,True,0.5,100
618,118,firmware_focused,500,5.0,25,16.0,2.5,28.0,0.15,6,0.0,937.5,937.5,0.0,5625.0,0.0,0.0151,0,0,0,5,15.0,230.0,0.061,0.09,16,0.0,0,1.0,0.4917,31.0,0.645,0.6994,0.0038,0.0,0.0,0.6994,0.0,0.9267,0.0733,True,True,True,0.5,100
619,119,firmware_focused,500,5.0,25,16.0,5.0,28.0,0.15,8,0.0,1875.0,1875.0,0.0,11250.0,0.0,0.0,0,0,0,5,15.0,230.0,0.061,0.09,16,0.0,0,1.0,0.4917,31.0,0.645,0.6994,0.0,0.0,0.0,0.6994,0.0,0.9301,0.0699,True,True,True,0.5,100
620,120,firmware_focused,500,50.0,250,18.0,2.0,35.0,0.25,6,0.0544,1052.75,1030.0,22.75,6282.375,756.0,0.0204,6,14,14,14,42.0,230.0,0.061,0.09,16,0.0182,9,0.9818,1.0,38.2,0.645,0.9544,0.0406,0.0631,0.0063,0.9544,0.0182,0.8739,0.1261,True,True,True,0.5,100
621,121,firmware_focused,500,10.0,50,16.0,5.0,30.0,0.25,6,0.0428,2085.0,2075.0,10.0,12495.0,216.0,0.0072,6,2,2,6,18.0,230.0,0.061,0.09,16,0.0026,1,0.9974,0.575,31.8,0.645,0.7277,0.0261,0.0138,0.0018,0.7277,0.0026,0.915,0.085,True,True,True,0.5,100
622,122,firmware_focused,500,25.0,125,28.0,2.0,35.0,0.35,8,0.0006,1030.0,1030.0,0.0,6180.0,0.0,0.004,0,0,0,9,27.0,230.0,0.061,0.09,16,0.0,0,1.0,0.825,34.2,0.645,0.8127,0.0014,0.0,0.0,0.8127,0.0,0.9177,0.0823,True,True,True,0.5,100
623,123,firmware_focused,500,50.0,250,28.0,5.0,35.0,0.25,10,0.0646,2620.0,2575.0,45.0,15607.5,1296.0,0.0283,6,16,16,14,42.0,230.0,0.061,0.09,16,0.0208,10,0.9792,1.0,38.2,0.645,0.9544,0.049,0.0499,0.0108,0.9544,0.0208,0.8719,0.1281,True,True,True,0.5,100
624,124,firmware_focused,50,5.0,2,18.0,2.5,30.0,0.25,8,0.0,103.75,103.75,0.0,622.5,0.0,0.0,0,0,0,2,6.0,230.0,0.061,0.06,16,0.0,0,1.0,0.2417,28.6,0.645,0.5844,0.0,0.0,0.0,0.5844,0.0,0.9416,0.0584,True,True,True,0.5,100
625,125,firmware_focused,500,10.0,50,18.0,2.5,35.0,0.15,8,0.0249,1289.5312,1287.5,2.0312,7733.125,90.0,0.0029,6,1,1,6,18.0,230.0,0.061,0.09,16,0.0013,1,0.9987,0.575,31.8,0.645,0.7277,0.0148,0.0045,0.0008,0.7277,0.0013,0.9212,0.0788,True,True,True,0.5,100
626,126,firmware_focused,100,25.0,25,16.0,2.5,35.0,0.15,8,0.0701,263.75,257.5,6.25,1570.0,360.0,0.037,6,2,2,5,15.0,230.0,0.061,0.06,16,0.013,1,0.987,0.4917,31.0,0.645,0.6694,0.0518,0.0693,0.015,0.6694,0.013,0.8945,0.1055,True,True,True,0.5,100
627,127,firmware_focused,50,50.0,25,28.0,2.5,28.0,0.15,8,0.06,94.7625,93.75,1.0125,566.55,135.0,0.0328,6,1,1,3,9.0,230.0,0.061,0.06,16,0.013,1,0.987,0.325,29.4,0.645,0.6127,0.0452,0.0309,0.0112,0.6127,0.013,0.9111,0.0889,True,True,True,0.5,100
628,128,firmware_focused,100,10.0,10,18.0,2.5,35.0,0.15,6,0.0146,257.5,257.5,0.0,1545.0,0.0,0.0139,0,0,0,4,12.0,230.0,0.061,0.06,16,0.0,0,1.0,0.4083,30.2,0.645,0.641,0.0115,0.0,0.0,0.641,0.0,0.9304,0.0696,True,True,True,0.5,100
629,129,firmware_focused,500,25.0,125,18.0,5.0,35.0,0.25,10,0.0237,2587.1875,2575.0,12.1875,15492.6562,162.0,0.0218,6,3,3,9,27.0,230.0,0.061,0.09,16,0.0039,2,0.9961,0.825,34.2,0.645,0.8127,0.0197,0.0135,0.0014,0.8127,0.0039,0.9063,0.0937,True,True,True,0.5,100
630,130,firmware_focused,50,10.0,5,18.0,5.0,30.0,0.35,6,0.0108,207.5,207.5,0.0,1245.0,0.0,0.0094,0,0,0,2,6.0,230.0,0.061,0.06,16,0.0,0,1.0,0.2417,28.6,0.645,0.5844,0.0083,0.0,0.0,0.5844,0.0,0.9377,0.0623,True,True,True,0.5,100
631,131,firmware_focused,100,10.0,10,18.0,2.0,28.0,0.35,6,0.0,150.0,150.0,0.0,900.0,0.0,0.0189,0,0,0,4,12.0,230.0,0.061,0.06,16,0.0,0,1.0,0.4083,30.2,0.645,0.641,0.0047,0.0,0.0,0.641,0.0,0.9316,0.0684,True,True,True,0.5,100
632,132,firmware_focused,100,25.0,25,16.0,2.5,35.0,0.15,10,0.0363,260.625,257.5,3.125,1555.9375,180.0,0.0042,6,1,1,5,15.0,230.0,0.061,0.06,16,0.0065,1,0.9935,0.4917,31.0,0.645,0.6694,0.023,0.0347,0.0075,0.6694,0.0065,0.9168,0.0832,True,True,True,0.5,100
633,133,firmware_focused,100,10.0,10,18.0,2.5,30.0,0.25,8,0.0114,207.5,207.5,0.0,1245.0,0.0,0.0131,0,0,0,4,12.0,230.0,0.061,0.06,16,0.0,0,1.0,0.4083,30.2,0.645,0.641,0.0096,0.0,0.0,0.641,0.0,0.9311,0.0689,True,True,True,0.5,100
634,134,firmware_focused,100,5.0,5,16.0,2.5,30.0,0.15,6,0.0131,207.5,207.5,0.0,1245.0,0.0,0.0,0,0,0,4,12.0,230.0,0.061,0.06,16,0.0,0,1.0,0.4083,30.2,0.645,0.641,0.0072,0.0,0.0,0.641,0.0,0.9337,0.0663,True,True,True,0.5,100
635,135,firmware_focused,100,50.0,50,16.0,5.0,28.0,0.25,6,0.1209,402.0,375.0,27.0,2371.5,648.0,0.1187,6,6,6,6,18.0,230.0,0.061,0.06,16,0.039,4,0.961,0.575,31.8,0.645,0.6977,0.1082,0.2057,0.027,0.6977,0.039,0.8309,0.1691,True,True,True,0.5,100
636,136,firmware_focused,500,5.0,25,16.0,5.0,28.0,0.35,8,0.0204,1879.5,1875.0,4.5,11268.0,77.1429,0.0,6,1,1,5,15.0,230.0,0.061,0.09,16,0.0013,1,0.9987,0.4917,31.0,0.645,0.6994,0.0116,0.0069,0.0006,0.6994,0.0013,0.925,0.075,True,True,True,0.5,100
637,137,firmware_focused,100,25.0,25,18.0,5.0,35.0,0.15,6,0.0487,519.0625,515.0,4.0625,3108.2812,90.0,0.0178,6,1,1,5,15.0,230.0,0.061,0.06,16,0.0065,1,0.9935,0.4917,31.0,0.645,0.6694,0.0332,0.0225,0.0037,0.6694,0.0065,0.9147,0.0853,True,True,True,0.5,100
638,138,firmware_focused,50,25.0,12,18.0,2.5,28.0,0.25,10,0.0573,95.2125,93.75,1.4625,567.6187,54.0,0.0332,6,1,1,2,6.0,230.0,0.061,0.06,16,0.013,1,0.987,0.2417,28.6,0.645,0.5844,0.0438,0.0446,0.0045,0.5844,0.013,0.9126,0.0874,True,True,True,0.5,100
639,139,firmware_focused,50,5.0,2,16.0,2.5,30.0,0.15,10,0.0,103.75,103.75,0.0,622.5,0.0,0.0,0,0,0,2,6.0,230.0,0.061,0.06,16,0.0,0,1.0,0.2417,28.6,0.645,0.5844,0.0,0.0,0.0,0.5844,0.0,0.9416,0.0584,True,True,True,0.5,100
640,140,firmware_focused,50,50.0,25,16.0,2.0,35.0,0.35,6,0.1032,110.5,103.0,7.5,651.75,231.4286,0.107,6,3,3,3,9.0,230.0,0.061,0.06,16,0.039,2,0.961,0.325,29.4,0.645,0.6127,0.0955,0.208,0.0193,0.6127,0.039,0.8456,0.1544,True,True,True,0.5,100
641,141,firmware_focused,100,5.0,5,16.0,2.5,28.0,0.35,6,0.0176,187.5,187.5,0.0,1125.0,0.0,0.019,0,0,0,4,12.0,230.0,0.061,0.06,16,0.0,0,1.0,0.4083,30.2,0.645,0.641,0.0144,0.0,0.0,0.641,0.0,0.9287,0.0713,True,True,True,0.5,100
642,142,firmware_focused,500,5.0,25,16.0,5.0,28.0,0.35,8,0.0126,1875.0,1875.0,0.0,11250.0,0.0,0.0,0,0,0,5,15.0,230.0,0.061,0.09,16,0.0,0,1.0,0.4917,31.0,0.645,0.6994,0.007,0.0,0.0,0.6994,0.0,0.928,0.072,True,True,True,0.5,100
643,143,firmware_focused,100,10.0,10,18.0,5.0,30.0,0.25,10,0.0276,415.0,415.0,0.0,2490.0,0.0,0.0,0,0,0,4,12.0,230.0,0.061,0.06,16,0.0,0,1.0,0.4083,30.2,0.645,0.641,0.0152,0.0,0.0,0.641,0.0,0.9313,0.0687,True,True,True,0.5,100
644,144,firmware_focused,100,25.0,25,28.0,2.5,28.0,0.25,6,0.0359,188.5125,187.5,1.0125,1129.5563,81.0,0.0104,6,1,1,5,15.0,230.0,0.061,0.06,16,0.0065,1,0.9935,0.4917,31.0,0.645,0.6694,0.0244,0.0154,0.0034,0.6694,0.0065,0.9199,0.0801,True,True,True,0.5,100
645,145,firmware_focused,500,50.0,250,16.0,2.0,35.0,0.25,10,0.0784,1080.0,1030.0,50.0,6355.0,2160.0,0.0771,6,20,20,14,42.0,230.0,0.061,0.09,16,0.026,13,0.974,1.0,38.2,0.645,0.9544,0.0704,0.1387,0.018,0.9544,0.026,0.8388,0.1612,True,True,True,0.5,100
646,146,firmware_focused,500,10.0,50,16.0,2.0,30.0,0.25,10,0.0401,834.0,830.0,4.0,4994.0,216.0,0.0097,6,2,2,6,18.0,230.0,0.061,0.09,16,0.0026,1,0.9974,0.575,31.8,0.645,0.7277,0.0253,0.0138,0.0018,0.7277,0.0026,0.9149,0.0851,True,True,True,0.5,100
647,147,firmware_focused,100,5.0,5,28.0,2.5,35.0,0.15,10,0.0277,257.5,257.5,0.0,1545.0,0.0,0.006,0,0,0,4,12.0,230.0,0.061,0.06,16,0.0,0,1.0,0.4083,30.2,0.645,0.641,0.0167,0.0,0.0,0.641,0.0,0.93,0.07,True,True,True,0.5,100
648,148,firmware_focused,100,10.0,10,18.0,2.0,35.0,0.35,10,0.0328,206.0,206.0,0.0,1236.0,0.0,0.0,0,0,0,4,12.0,230.0,0.061,0.06,16,0.0,0,1.0,0.4083,30.2,0.645,0.641,0.018,0.0,0.0,0.641,0.0,0.9305,0.0695,True,True,True,0.5,100
649,149,firmware_focused,500,50.0,250,28.0,5.0,30.0,0.25,6,0.0346,2095.25,2075.0,20.25,12541.125,729.0,0.0085,6,9,9,14,42.0,230.0,0.061,0.09,16,0.0117,6,0.9883,1.0,38.2,0.645,0.9544,0.0248,0.0279,0.0061,0.9544,0.0117,0.8882,0.1118,True,True,True,0.5,100
650,150,firmware_focused,50,5.0,2,16.0,2.0,28.0,0.15,6,0.0,75.0,75.0,0.0,450.0,0.0,0.0,0,0,0,2,6.0,230.0,0.061,0.06,16,0.0,0,1.0,0.2417,28.6,0.645,0.5844,0.0,0.0,0.0,0.5844,0.0,0.9416,0.0584,True,True,True,0.5,100
651,151,firmware_focused,50,50.0,25,28.0,5.0,35.0,0.35,8,0.0525,260.3125,257.5,2.8125,1556.25,57.8571,0.0056,6,1,1,3,9.0,230.0,0.061,0.06,16,0.013,1,0.987,0.325,29.4,0.645,0.6127,0.0343,0.0312,0.0048,0.6127,0.013,0.9193,0.0807,True,True,True,0.5,100
652,152,firmware_focused,50,5.0,2,16.0,5.0,30.0,0.15,6,0.0086,207.5,207.5,0.0,1245.0,0.0,0.0064,0,0,0,2,6.0,230.0,0.061,0.06,16,0.0,0,1.0,0.2417,28.6,0.645,0.5844,0.0063,0.0,0.0,0.5844,0.0,0.9387,0.0613,True,True,True,0.5,100
653,153,firmware_focused,100,50.0,50,18.0,2.0,35.0,0.25,10,0.0698,210.875,206.0,4.875,1253.0625,162.0,0.0547,6,3,3,6,18.0,230.0,0.061,0.06,16,0.0195,2,0.9805,0.575,31.8,0.645,0.6977,0.0581,0.0676,0.0067,0.6977,0.0195,0.8881,0.1119,True,True,True,0.5,100
654,154,firmware_focused,100,5.0,5,16.0,2.0,28.0,0.35,10,0.0,150.0,150.0,0.0,900.0,0.0,0.0,0,0,0,4,12.0,230.0,0.061,0.06,16,0.0,0,1.0,0.4083,30.2,0.645,0.641,0.0,0.0,0.0,0.641,0.0,0.9359,0.0641,True,True,True,0.5,100
655,155,firmware_focused,50,10.0,5,28.0,2.0,35.0,0.35,10,0.0129,103.0,103.0,0.0,618.0,0.0,0.011,0,0,0,2,6.0,230.0,0.061,0.06,16,0.0,0,1.0,0.2417,28.6,0.645,0.5844,0.0099,0.0,0.0,0.5844,0.0,0.937,0.063,True,True,True,0.5,100
656,156,firmware_focused,500,25.0,125,28.0,5.0,35.0,0.25,8,0.043,2589.0625,2575.0,14.0625,15506.25,405.0,0.0,6,5,5,9,27.0,230.0,0.061,0.09,16,0.0065,3,0.9935,0.825,34.2,0.645,0.8127,0.0256,0.0156,0.0034,0.8127,0.0065,0.9068,0.0932,True,True,True,0.5,100
657,157,firmware_focused,50,50.0,25,28.0,5.0,28.0,0.35,8,0.077,191.55,187.5,4.05,1141.2,115.7143,0.0324,6,2,2,3,9.0,230.0,0.061,0.06,16,0.026,1,0.974,0.325,29.4,0.645,0.6127,0.0584,0.0617,0.0096,0.6127,0.026,0.9,0.1,True,True,True,0.5,100
658,158,firmware_focused,100,25.0,25,28.0,2.5,30.0,0.35,8,0.0194,207.5,207.5,0.0,1245.0,0.0,0.0134,0,0,0,5,15.0,230.0,0.061,0.06,16,0.0,0,1.0,0.4917,31.0,0.645,0.6694,0.014,0.0,0.0,0.6694,0.0,0.9269,0.0731,True,True,True,0.5,100
659,159,firmware_focused,500,10.0,50,28.0,2.0,30.0,0.35,10,0.035,831.8,830.0,1.8,4986.3,115.7143,0.0,6,2,2,6,18.0,230.0,0.061,0.09,16,0.0026,1,0.9974,0.575,31.8,0.645,0.7277,0.02,0.0062,0.001,0.7277,0.0026,0.9196,0.0804,True,True,True,0.5,100
660,160,firmware_focused,100,50.0,50,18.0,5.0,28.0,0.25,6,0.0738,386.7,375.0,11.7,2302.65,216.0,0.0487,6,4,4,6,18.0,230.0,0.061,0.06,16,0.026,3,0.974,0.575,31.8,0.645,0.6977,0.0607,0.0891,0.009,0.6977,0.026,0.8829,0.1171,True,True,True,0.5,100
661,161,firmware_focused,100,5.0,5,18.0,2.0,30.0,0.15,6,0.0231,166.0,166.0,0.0,996.0,0.0,0.0192,0,0,0,4,12.0,230.0,0.061,0.06,16,0.0,0,1.0,0.4083,30.2,0.645,0.641,0.0175,0.0,0.0,0.641,0.0,0.9278,0.0722,True,True,True,0.5,100
662,162,firmware_focused,100,10.0,10,16.0,2.5,30.0,0.15,6,0.0,207.5,207.5,0.0,1245.0,0.0,0.0,0,0,0,4,12.0,230.0,0.061,0.06,16,0.0,0,1.0,0.4083,30.2,0.645,0.641,0.0,0.0,0.0,0.641,0.0,0.9359,0.0641,True,True,True,0.5,100
663,163,firmware_focused,500,10.0,50,16.0,2.5,28.0,0.35,8,0.0149,939.75,937.5,2.25,5634.0,77.1429,0.0197,6,1,1,6,18.0,230.0,0.061,0.09,16,0.0013,1,0.9987,0.575,31.8,0.645,0.7277,0.0135,0.0069,0.0006,0.7277,0.0013,0.9186,0.0814,True,True,True,0.5,100
664,164,firmware_focused,500,5.0,25,28.0,2.5,28.0,0.25,8,0.0243,938.5125,937.5,1.0125,5629.05,81.0,0.0087,6,1,1,5,15.0,230.0,0.061,0.09,16,0.0013,1,0.9987,0.4917,31.0,0.645,0.6994,0.0159,0.0031,0.0007,0.6994,0.0013,0.9231,0.0769,True,True,True,0.5,100
665,165,firmware_focused,500,5.0,25,28.0,2.5,28.0,0.35,10,0.0232,938.5125,937.5,1.0125,5628.5437,57.8571,0.0,6,1,1,5,15.0,230.0,0.061,0.09,16,0.0013,1,0.9987,0.4917,31.0,0.645,0.6994,0.0132,0.0031,0.0005,0.6994,0.0013,0.9253,0.0747,True,True,True,0.5,100
666,166,firmware_focused,50,25.0,12,18.0,2.5,28.0,0.15,8,0.0489,95.2125,93.75,1.4625,568.35,90.0,0.0299,6,1,1,2,6.0,230.0,0.061,0.06,16,0.013,1,0.987,0.2417,28.6,0.645,0.5844,0.0383,0.0446,0.0075,0.5844,0.013,0.9142,0.0858,True,True,True,0.5,100
667,167,firmware_focused,50,50.0,25,16.0,5.0,28.0,0.25,8,0.1071,201.0,187.5,13.5,1179.0,324.0,0.0931,6,3,3,3,9.0,230.0,0.061,0.06,16,0.039,2,0.961,0.325,29.4,0.645,0.6127,0.0941,0.2057,0.027,0.6127,0.039,0.8474,0.1526,True,True,True,0.5,100
668,168,firmware_focused,500,10.0,50,16.0,5.0,35.0,0.25,6,0.0492,2587.5,2575.0,12.5,15506.25,216.0,0.02,6,2,2,6,18.0,230.0,0.061,0.09,16,0.0026,1,0.9974,0.575,31.8,0.645,0.7277,0.0328,0.0139,0.0018,0.7277,0.0026,0.9111,0.0889,True,True,True,0.5,100
669,169,firmware_focused,500,5.0,25,16.0,2.5,30.0,0.15,8,0.0,1037.5,1037.5,0.0,6225.0,0.0,0.0,0,0,0,5,15.0,230.0,0.061,0.09,16,0.0,0,1.0,0.4917,31.0,0.645,0.6994,0.0,0.0,0.0,0.6994,0.0,0.9301,0.0699,True,True,True,0.5,100
670,170,firmware_focused,500,5.0,25,28.0,2.5,28.0,0.25,8,0.0048,937.5,937.5,0.0,5625.0,0.0,0.0112,0,0,0,5,15.0,230.0,0.061,0.09,16,0.0,0,1.0,0.4917,31.0,0.645,0.6994,0.0054,0.0,0.0,0.6994,0.0,0.9268,0.0732,True,True,True,0.5,100
671,171,firmware_focused,50,10.0,5,18.0,2.0,30.0,0.25,10,0.0227,83.0,83.0,0.0,498.0,0.0,0.0,0,0,0,2,6.0,230.0,0.061,0.06,16,0.0,0,1.0,0.2417,28.6,0.645,0.5844,0.0125,0.0,0.0,0.5844,0.0,0.9378,0.0622,True,True,True,0.5,100
672,172,firmware_focused,500,10.0,50,16.0,2.5,30.0,0.25,6,0.032,1042.5,1037.5,5.0,6247.5,216.0,0.0094,6,2,2,6,18.0,230.0,0.061,0.09,16,0.0026,1,0.9974,0.575,31.8,0.645,0.7277,0.0208,0.0138,0.0018,0.7277,0.0026,0.9163,0.0837,True,True,True,0.5,100
673,173,firmware_focused,50,50.0,25,18.0,2.5,28.0,0.25,8,0.0587,95.2125,93.75,1.4625,568.35,54.0,0.0444,6,1,1,3,9.0,230.0,0.061,0.06,16,0.013,1,0.987,0.325,29.4,0.645,0.6127,0.0474,0.0446,0.0045,0.6127,0.013,0.907,0.093,True,True,True,0.5,100
674,174,firmware_focused,100,10.0,10,18.0,2.5,35.0,0.15,10,0.01,257.5,257.5,0.0,1545.0,0.0,0.0183,0,0,0,4,12.0,230.0,0.061,0.06,16,0.0,0,1.0,0.4083,30.2,0.645,0.641,0.0101,0.0,0.0,0.641,0.0,0.9301,0.0699,True,True,True,0.5,100
675,175,firmware_focused,50,10.0,5,28.0,2.0,35.0,0.15,8,0.0,103.0,103.0,0.0,618.0,0.0,0.0,0,0,0,2,6.0,230.0,0.061,0.06,16,0.0,0,1.0,0.2417,28.6,0.645,0.5844,0.0,0.0,0.0,0.5844,0.0,0.9416,0.0584,True,True,True,0.5,100
676,176,firmware_focused,500,10.0,50,18.0,2.5,35.0,0.15,6,0.0019,1287.5,1287.5,0.0,7725.0,0.0,0.0,0,0,0,6,18.0,230.0,0.061,0.09,16,0.0,0,1.0,0.575,31.8,0.645,0.7277,0.0011,0.0,0.0,0.7277,0.0,0.9269,0.0731,True,True,True,0.5,100
677,177,firmware_focused,100,10.0,10,28.0,2.0,28.0,0.35,10,0.0108,150.0,150.0,0.0,900.0,0.0,0.0,0,0,0,4,12.0,230.0,0.061,0.06,16,0.0,0,1.0,0.4083,30.2,0.645,0.641,0.0059,0.0,0.0,0.641,0.0,0.9341,0.0659,True,True,True,0.5,100
678,178,firmware_focused,100,10.0,10,28.0,5.0,28.0,0.25,10,0.0144,375.0,375.0,0.0,2250.0,0.0,0.0078,0,0,0,4,12.0,230.0,0.061,0.06,16,0.0,0,1.0,0.4083,30.2,0.645,0.641,0.0099,0.0,0.0,0.641,0.0,0.9318,0.0682,True,True,True,0.5,100
679,179,firmware_focused,50,25.0,12,16.0,2.5,28.0,0.35,6,0.0594,96.0,93.75,2.25,572.625,77.1429,0.0118,6,1,1,2,6.0,230.0,0.061,0.06,16,0.013,1,0.987,0.2417,28.6,0.645,0.5844,0.0396,0.0686,0.0064,0.5844,0.013,0.9119,0.0881,True,True,True,0.5,100
680,180,firmware_focused,500,5.0,25,16.0,5.0,30.0,0.35,8,0.0316,2080.0,2075.0,5.0,12470.0,77.1429,0.0096,6,1,1,5,15.0,230.0,0.061,0.09,16,0.0013,1,0.9987,0.4917,31.0,0.645,0.6994,0.0202,0.0069,0.0006,0.6994,0.0013,0.921,0.079,True,True,True,0.5,100
681,181,firmware_focused,50,5.0,2,18.0,2.5,28.0,0.25,10,0.0073,93.75,93.75,0.0,562.5,0.0,0.0089,0,0,0,2,6.0,230.0,0.061,0.06,16,0.0,0,1.0,0.2417,28.6,0.645,0.5844,0.0062,0.0,0.0,0.5844,0.0,0.9384,0.0616,True,True,True,0.5,100
682,182,firmware_focused,100,50.0,50,28.0,2.0,28.0,0.15,10,0.0471,151.62,150.0,1.62,905.67,270.0,0.0195,6,2,2,6,18.0,230.0,0.061,0.06,16,0.013,1,0.987,0.575,31.8,0.645,0.6977,0.0348,0.0309,0.0112,0.6977,0.013,0.9077,0.0923,True,True,True,0.5,100
683,183,firmware_focused,500,5.0,25,16.0,5.0,30.0,0.25,6,0.0099,2075.0,2075.0,0.0,12450.0,0.0,0.0108,0,0,0,5,15.0,230.0,0.061,0.09,16,0.0,0,1.0,0.4917,31.0,0.645,0.6994,0.0081,0.0,0.0,0.6994,0.0,0.926,0.074,True,True,True,0.5,100
684,184,firmware_focused,50,25.0,12,28.0,2.5,35.0,0.25,8,0.0077,128.75,128.75,0.0,772.5,0.0,0.0209,0,0,0,2,6.0,230.0,0.061,0.06,16,0.0,0,1.0,0.2417,28.6,0.645,0.5844,0.0095,0.0,0.0,0.5844,0.0,0.9356,0.0644,True,True,True,0.5,100
685,185,firmware_focused,500,25.0,125,16.0,2.5,30.0,0.15,10,0.0711,1060.0,1037.5,22.5,6303.75,1620.0,0.0535,6,9,9,9,27.0,230.0,0.061,0.09,16,0.0117,6,0.9883,0.825,34.2,0.645,0.8127,0.0561,0.062,0.0135,0.8127,0.0117,0.8783,0.1217,True,True,True,0.5,100
686,186,firmware_focused,50,10.0,5,18.0,5.0,28.0,0.15,8,0.0274,187.5,187.5,0.0,1125.0,0.0,0.0044,0,0,0,2,6.0,230.0,0.061,0.06,16,0.0,0,1.0,0.2417,28.6,0.645,0.5844,0.0162,0.0,0.0,0.5844,0.0,0.9361,0.0639,True,True,True,0.5,100
687,187,firmware_focused,500,10.0,50,18.0,5.0,28.0,0.25,6,0.0418,1880.85,1875.0,5.85,11276.325,108.0,0.0218,6,2,2,6,18.0,230.0,0.061,0.09,16,0.0026,1,0.9974,0.575,31.8,0.645,0.7277,0.0293,0.0089,0.0009,0.7277,0.0026,0.913,0.087,True,True,True,0.5,100
688,188,firmware_focused,100,50.0,50,28.0,2.0,35.0,0.15,6,0.052,209.375,206.0,3.375,1251.1875,405.0,0.0307,6,3,3,6,18.0,230.0,0.061,0.06,16,0.0195,2,0.9805,0.575,31.8,0.645,0.6977,0.0423,0.0468,0.0169,0.6977,0.0195,0.8991,0.1009,True,True,True,0.5,100
689,189,firmware_focused,50,10.0,5,18.0,5.0,35.0,0.15,10,0.0094,257.5,257.5,0.0,1545.0,0.0,0.0176,0,0,0,2,6.0,230.0,0.061,0.06,16,0.0,0,1.0,0.2417,28.6,0.645,0.5844,0.0096,0.0,0.0,0.5844,0.0,0.9361,0.0639,True,True,True,0.5,100
690,190,firmware_focused,50,10.0,5,18.0,5.0,35.0,0.35,6,0.0,257.5,257.5,0.0,1545.0,0.0,0.0,0,0,0,2,6.0,230.0,0.061,0.06,16,0.0,0,1.0,0.2417,28.6,0.645,0.5844,0.0,0.0,0.0,0.5844,0.0,0.9416,0.0584,True,True,True,0.5,100
691,191,firmware_focused,50,5.0,2,18.0,2.5,30.0,0.25,8,0.0215,103.75,103.75,0.0,622.5,0.0,0.0143,0,0,0,2,6.0,230.0,0.061,0.06,16,0.0,0,1.0,0.2417,28.6,0.645,0.5844,0.0154,0.0,0.0,0.5844,0.0,0.9348,0.0652,True,True,True,0.5,100
692,192,firmware_focused,500,25.0,125,16.0,2.0,28.0,0.15,6,0.0161,753.6,750.0,3.6,4516.2,360.0,0.0275,6,2,2,9,27.0,230.0,0.061,0.09,16,0.0026,1,0.9974,0.825,34.2,0.645,0.8127,0.0165,0.0137,0.003,0.8127,0.0026,0.9062,0.0938,True,True,True,0.5,100
693,193,firmware_focused,500,25.0,125,28.0,5.0,28.0,0.35,10,0.0039,1875.0,1875.0,0.0,11250.0,0.0,0.0084,0,0,0,9,27.0,230.0,0.061,0.09,16,0.0,0,1.0,0.825,34.2,0.645,0.8127,0.0043,0.0,0.0,0.8127,0.0,0.9162,0.0838,True,True,True,0.5,100
694,194,firmware_focused,100,5.0,5,28.0,2.0,35.0,0.35,8,0.0028,206.0,206.0,0.0,1236.0,0.0,0.0061,0,0,0,4,12.0,230.0,0.061,0.06,16,0.0,0,1.0,0.4083,30.2,0.645,0.641,0.0031,0.0,0.0,0.641,0.0,0.9341,0.0659,True,True,True,0.5,100
695,195,firmware_focused,50,50.0,25,18.0,2.0,28.0,0.15,8,0.0516,76.17,75.0,1.17,454.68,90.0,0.0299,6,1,1,3,9.0,230.0,0.061,0.06,16,0.013,1,0.987,0.325,29.4,0.645,0.6127,0.0399,0.0446,0.0075,0.6127,0.013,0.9109,0.0891,True,True,True,0.5,100
696,196,firmware_focused,50,25.0,12,18.0,5.0,35.0,0.15,6,0.0495,261.5625,257.5,4.0625,1563.2812,90.0,0.0,6,1,1,2,6.0,230.0,0.061,0.06,16,0.013,1,0.987,0.2417,28.6,0.645,0.5844,0.0312,0.0451,0.0075,0.5844,0.013,0.9208,0.0792,True,True,True,0.5,100
697,197,firmware_focused,100,50.0,50,28.0,2.5,28.0,0.25,8,0.0414,189.525,187.5,2.025,1133.1,162.0,0.0003,6,2,2,6,18.0,230.0,0.061,0.06,16,0.013,1,0.987,0.575,31.8,0.645,0.6977,0.0268,0.0309,0.0067,0.6977,0.013,0.9136,0.0864,True,True,True,0.5,100
698,198,firmware_focused,500,50.0,250,28.0,2.5,35.0,0.35,8,0.0444,1302.9688,1287.5,15.4688,7786.875,636.4286,0.0214,6,11,11,14,42.0,230.0,0.061,0.09,16,0.0143,7,0.9857,1.0,38.2,0.645,0.9544,0.0341,0.0343,0.0053,0.9544,0.0143,0.882,0.118,True,True,True,0.5,100
699,199,firmware_focused,500,5.0,25,28.0,2.5,30.0,0.15,6,0.0274,1038.625,1037.5,1.125,6230.0625,135.0,0.0,6,1,1,5,15.0,230.0,0.061,0.09,16,0.0013,1,0.9987,0.4917,31.0,0.645,0.6994,0.0155,0.0031,0.0011,0.6994,0.0013,0.9245,0.0755,True,True,True,0.5,100
700,200,firmware_focused,500,50.0,250,28.0,5.0,30.0,0.35,6,0.0559,2106.5,2075.0,31.5,12591.75,810.0,0.0437,6,14,14,14,42.0,230.0,0.061,0.09,16,0.0182,9,0.9818,1.0,38.2,0.645,0.9544,0.0473,0.0434,0.0067,0.9544,0.0182,0.8723,0.1277,True,True,True,0.5,100
701,201,firmware_focused,50,25.0,12,18.0,2.5,30.0,0.25,8,0.014,103.75,103.75,0.0,622.5,0.0,0.0,0,0,0,2,6.0,230.0,0.061,0.06,16,0.0,0,1.0,0.2417,28.6,0.645,0.5844,0.0077,0.0,0.0,0.5844,0.0,0.9393,0.0607,True,True,True,0.5,100
702,202,firmware_focused,50,10.0,5,18.0,2.5,28.0,0.35,10,0.0136,93.75,93.75,0.0,562.5,0.0,0.0,0,0,0,2,6.0,230.0,0.061,0.06,16,0.0,0,1.0,0.2417,28.6,0.645,0.5844,0.0075,0.0,0.0,0.5844,0.0,0.9393,0.0607,True,True,True,0.5,100
703,203,firmware_focused,500,10.0,50,18.0,2.5,30.0,0.15,8,0.0,1037.5,1037.5,0.0,6225.0,0.0,0.0036,0,0,0,6,18.0,230.0,0.061,0.09,16,0.0,0,1.0,0.575,31.8,0.645,0.7277,0.0009,0.0,0.0,0.7277,0.0,0.9264,0.0736,True,True,True,0.5,100
704,204,firmware_focused,500,10.0,50,18.0,2.5,30.0,0.35,6,0.0225,1039.125,1037.5,1.625,6232.3125,38.5714,0.0114,6,1,1,6,18.0,230.0,0.061,0.09,16,0.0013,1,0.9987,0.575,31.8,0.645,0.7277,0.0156,0.0045,0.0003,0.7277,0.0013,0.9198,0.0802,True,True,True,0.5,100
705,205,firmware_focused,50,5.0,2,16.0,5.0,30.0,0.35,6,0.0022,207.5,207.5,0.0,1245.0,0.0,0.0012,0,0,0,2,6.0,230.0,0.061,0.06,16,0.0,0,1.0,0.2417,28.6,0.645,0.5844,0.0015,0.0,0.0,0.5844,0.0,0.9409,0.0591,True,True,True,0.5,100
706,206,firmware_focused,100,10.0,10,18.0,2.5,28.0,0.15,10,0.0383,187.5,187.5,0.0,1125.0,0.0,0.0076,0,0,0,4,12.0,230.0,0.061,0.06,16,0.0,0,1.0,0.4083,30.2,0.645,0.641,0.023,0.0,0.0,0.641,0.0,0.9279,0.0721,True,True,True,0.5,100
707,207,firmware_focused,500,10.0,50,16.0,2.0,35.0,0.15,6,0.0161,1032.5,1030.0,2.5,6191.25,180.0,0.0,6,1,1,6,18.0,230.0,0.061,0.09,16,0.0013,1,0.9987,0.575,31.8,0.645,0.7277,0.0093,0.0069,0.0015,0.7277,0.0013,0.9227,0.0773,True,True,True,0.5,100
708,208,firmware_focused,100,25.0,25,28.0,2.0,28.0,0.15,6,0.0,150.0,150.0,0.0,900.0,0.0,0.0106,0,0,0,5,15.0,230.0,0.061,0.06,16,0.0,0,1.0,0.4917,31.0,0.645,0.6694,0.0027,0.0,0.0,0.6694,0.0,0.9307,0.0693,True,True,True,0.5,100
709,209,firmware_focused,50,50.0,25,18.0,5.0,28.0,0.35,8,0.091,193.35,187.5,5.85,1148.4,77.1429,0.0487,6,2,2,3,9.0,230.0,0.061,0.06,16,0.026,1,0.974,0.325,29.4,0.645,0.6127,0.0702,0.0891,0.0064,0.6127,0.026,0.889,0.111,True,True,True,0.5,100
710,210,firmware_focused,500,50.0,250,18.0,2.5,28.0,0.35,8,0.0638,960.9,937.5,23.4,5718.6,617.1429,0.0313,6,16,16,14,42.0,230.0,0.061,0.09,16,0.0208,10,0.9792,1.0,38.2,0.645,0.9544,0.0493,0.0713,0.0051,0.9544,0.0208,0.868,0.132,True,True,True,0.5,100
711,211,firmware_focused,500,25.0,125,28.0,5.0,28.0,0.15,10,0.0011,1875.0,1875.0,0.0,11250.0,0.0,0.0,0,0,0,9,27.0,230.0,0.061,0.09,16,0.0,0,1.0,0.825,34.2,0.645,0.8127,0.0006,0.0,0.0,0.8127,0.0,0.9185,0.0815,True,True,True,0.5,100
712,212,firmware_focused,100,5.0,5,16.0,5.0,35.0,0.35,6,0.0,515.0,515.0,0.0,3090.0,0.0,0.0168,0,0,0,4,12.0,230.0,0.061,0.06,16,0.0,0,1.0,0.4083,30.2,0.645,0.641,0.0042,0.0,0.0,0.641,0.0,0.9321,0.0679,True,True,True,0.5,100
713,213,firmware_focused,50,5.0,2,18.0,2.0,35.0,0.25,6,0.0135,103.0,103.0,0.0,618.0,0.0,0.0085,0,0,0,2,6.0,230.0,0.061,0.06,16,0.0,0,1.0,0.2417,28.6,0.645,0.5844,0.0095,0.0,0.0,0.5844,0.0,0.9374,0.0626,True,True,True,0.5,100
714,214,firmware_focused,500,10.0,50,18.0,5.0,30.0,0.15,10,0.0,2075.0,2075.0,0.0,12450.0,0.0,0.0,0,0,0,6,18.0,230.0,0.061,0.09,16,0.0,0,1.0,0.575,31.8,0.645,0.7277,0.0,0.0,0.0,0.7277,0.0,0.9272,0.0728,True,True,True,0.5,100
715,215,firmware_focused,100,50.0,50,16.0,5.0,28.0,0.25,8,0.1029,397.5,375.0,22.5,2340.0,540.0,0.0878,6,5,5,6,18.0,230.0,0.061,0.06,16,0.0325,3,0.9675,0.575,31.8,0.645,0.6977,0.0886,0.1714,0.0225,0.6977,0.0325,0.8496,0.1504,True,True,True,0.5,100
716,216,firmware_focused,100,25.0,25,28.0,5.0,28.0,0.35,8,0.0061,375.0,375.0,0.0,2250.0,0.0,0.0,0,0,0,5,15.0,230.0,0.061,0.06,16,0.0,0,1.0,0.4917,31.0,0.645,0.6694,0.0034,0.0,0.0,0.6694,0.0,0.9321,0.0679,True,True,True,0.5,100
717,217,firmware_focused,500,5.0,25,18.0,5.0,35.0,0.35,10,0.0,2575.0,2575.0,0.0,15450.0,0.0,0.0044,0,0,0,5,15.0,230.0,0.061,0.09,16,0.0,0,1.0,0.4917,31.0,0.645,0.6994,0.0011,0.0,0.0,0.6994,0.0,0.9291,0.0709,True,True,True,0.5,100
718,218,firmware_focused,100,25.0,25,28.0,5.0,30.0,0.15,10,0.0304,417.25,415.0,2.25,2497.875,135.0,0.0067,6,1,1,5,15.0,230.0,0.061,0.06,16,0.0065,1,0.9935,0.4917,31.0,0.645,0.6694,0.0204,0.0155,0.0056,0.6694,0.0065,0.9213,0.0787,True,True,True,0.5,100
719,219,firmware_focused,500,50.0,250,18.0,5.0,28.0,0.35,6,0.0453,1907.175,1875.0,32.175,11394.7875,424.2857,0.0172,6,11,11,14,42.0,230.0,0.061,0.09,16,0.0143,7,0.9857,1.0,38.2,0.645,0.9544,0.0336,0.049,0.0035,0.9544,0.0143,0.8801,0.1199,True,True,True,0.5,100
720,220,firmware_focused,50,5.0,2,18.0,2.0,35.0,0.15,10,0.0248,103.0,103.0,0.0,618.0,0.0,0.0216,0,0,0,2,6.0,230.0,0.061,0.06,16,0.0,0,1.0,0.2417,28.6,0.645,0.5844,0.019,0.0,0.0,0.5844,0.0,0.9326,0.0674,True,True,True,0.5,100
721,221,firmware_focused,100,5.0,5,18.0,5.0,35.0,0.15,8,0.0,515.0,515.0,0.0,3090.0,0.0,0.0,0,0,0,4,12.0,230.0,0.061,0.06,16,0.0,0,1.0,0.4083,30.2,0.645,0.641,0.0,0.0,0.0,0.641,0.0,0.9359,0.0641,True,True,True,0.5,100
722,222,firmware_focused,100,25.0,25,16.0,2.5,35.0,0.35,8,0.0418,260.625,257.5,3.125,1557.5,77.1429,0.0011,6,1,1,5,15.0,230.0,0.061,0.06,16,0.0065,1,0.9935,0.4917,31.0,0.645,0.6694,0.0253,0.0347,0.0032,0.6694,0.0065,0.9172,0.0828,True,True,True,0.5,100
723,223,firmware_focused,500,25.0,125,18.0,5.0,35.0,0.35,8,0.0565,2603.4375,2575.0,28.4375,15563.75,270.0,0.0317,6,7,7,9,27.0,230.0,0.061,0.09,16,0.0091,5,0.9909,0.825,34.2,0.645,0.8127,0.0418,0.0316,0.0022,0.8127,0.0091,0.8939,0.1061,True,True,True,0.5,100
724,224,firmware_focused,50,25.0,12,18.0,2.5,30.0,0.15,10,0.0428,105.375,103.75,1.625,628.1875,90.0,0.0132,6,1,1,2,6.0,230.0,0.061,0.06,16,0.013,1,0.987,0.2417,28.6,0.645,0.5844,0.0308,0.0448,0.0075,0.5844,0.013,0.919,0.081,True,True,True,0.5,100
725,225,firmware_focused,500,50.0,250,28.0,2.5,30.0,0.35,8,0.0134,1040.875,1037.5,3.375,6238.5,173.5714,0.0069,6,3,3,14,42.0,230.0,0.061,0.09,16,0.0039,2,0.9961,1.0,38.2,0.645,0.9544,0.0103,0.0093,0.0014,0.9544,0.0039,0.898,0.102,True,True,True,0.5,100
726,226,firmware_focused,500,25.0,125,28.0,2.0,28.0,0.35,10,0.0311,753.24,750.0,3.24,4511.34,231.4286,0.019,6,4,4,9,27.0,230.0,0.061,0.09,16,0.0052,3,0.9948,0.825,34.2,0.645,0.8127,0.0235,0.0123,0.0019,0.8127,0.0052,0.9056,0.0944,True,True,True,0.5,100
727,227,firmware_focused,100,5.0,5,16.0,2.0,30.0,0.25,8,0.0181,166.0,166.0,0.0,996.0,0.0,0.0155,0,0,0,4,12.0,230.0,0.061,0.06,16,0.0,0,1.0,0.4083,30.2,0.645,0.641,0.0138,0.0,0.0,0.641,0.0,0.9294,0.0706,True,True,True,0.5,100
728,228,firmware_focused,500,50.0,250,16.0,2.0,30.0,0.35,10,0.1104,886.0,830.0,56.0,5176.0,2160.0,0.1188,6,28,28,14,42.0,230.0,0.061,0.09,16,0.0364,18,0.9636,1.0,38.2,0.645,0.9544,0.1017,0.1928,0.018,0.9544,0.0364,0.8113,0.1887,True,True,True,0.5,100
729,229,firmware_focused,100,50.0,50,16.0,2.0,30.0,0.25,8,0.1244,178.0,166.0,12.0,1044.0,648.0,0.1165,6,6,6,6,18.0,230.0,0.061,0.06,16,0.039,4,0.961,0.575,31.8,0.645,0.6977,0.1096,0.2065,0.027,0.6977,0.039,0.8306,0.1694,True,True,True,0.5,100
730,230,firmware_focused,500,25.0,125,16.0,2.5,28.0,0.15,6,0.0693,957.75,937.5,20.25,5716.125,1620.0,0.0324,6,9,9,9,27.0,230.0,0.061,0.09,16,0.0117,6,0.9883,0.825,34.2,0.645,0.8127,0.0498,0.0617,0.0135,0.8127,0.0117,0.8834,0.1166,True,True,True,0.5,100
731,231,firmware_focused,50,50.0,25,28.0,2.0,30.0,0.25,6,0.061,84.8,83.0,1.8,506.1,162.0,0.0284,6,2,2,3,9.0,230.0,0.061,0.06,16,0.026,1,0.974,0.325,29.4,0.645,0.6127,0.0487,0.062,0.0135,0.6127,0.026,0.9028,0.0972,True,True,True,0.5,100
732,232,firmware_focused,100,10.0,10,16.0,5.0,28.0,0.15,10,0.0344,375.0,375.0,0.0,2250.0,0.0,0.0053,0,0,0,4,12.0,230.0,0.061,0.06,16,0.0,0,1.0,0.4083,30.2,0.645,0.641,0.0202,0.0,0.0,0.641,0.0,0.929,0.071,True,True,True,0.5,100
733,233,firmware_focused,500,5.0,25,16.0,2.0,35.0,0.35,8,0.0328,1032.5,1030.0,2.5,6190.0,77.1429,0.0,6,1,1,5,15.0,230.0,0.061,0.09,16,0.0013,1,0.9987,0.4917,31.0,0.645,0.6994,0.0184,0.0069,0.0006,0.6994,0.0013,0.9229,0.0771,True,True,True,0.5,100
734,234,firmware_focused,50,5.0,2,28.0,5.0,30.0,0.15,10,0.0094,207.5,207.5,0.0,1245.0,0.0,0.0,0,0,0,2,6.0,230.0,0.061,0.06,16,0.0,0,1.0,0.2417,28.6,0.645,0.5844,0.0052,0.0,0.0,0.5844,0.0,0.94,0.06,True,True,True,0.5,100
735,235,firmware_focused,50,25.0,12,16.0,2.5,30.0,0.35,6,0.0415,103.75,103.75,0.0,622.5,0.0,0.0184,0,0,0,2,6.0,230.0,0.061,0.06,16,0.0,0,1.0,0.2417,28.6,0.645,0.5844,0.0274,0.0,0.0,0.5844,0.0,0.9306,0.0694,True,True,True,0.5,100
736,236,firmware_focused,50,25.0,12,16.0,2.5,28.0,0.15,6,0.0798,96.0,93.75,2.25,572.625,180.0,0.0423,6,1,1,2,6.0,230.0,0.061,0.06,16,0.013,1,0.987,0.2417,28.6,0.645,0.5844,0.0585,0.0686,0.015,0.5844,0.013,0.9004,0.0996,True,True,True,0.5,100
737,237,firmware_focused,50,10.0,5,28.0,5.0,30.0,0.25,8,0.0,207.5,207.5,0.0,1245.0,0.0,0.0082,0,0,0,2,6.0,230.0,0.061,0.06,16,0.0,0,1.0,0.2417,28.6,0.645,0.5844,0.002,0.0,0.0,0.5844,0.0,0.9397,0.0603,True,True,True,0.5,100
738,238,firmware_focused,100,10.0,10,16.0,2.5,35.0,0.25,6,0.0234,257.5,257.5,0.0,1545.0,0.0,0.0,0,0,0,4,12.0,230.0,0.061,0.06,16,0.0,0,1.0,0.4083,30.2,0.645,0.641,0.0129,0.0,0.0,0.641,0.0,0.932,0.068,True,True,True,0.5,100
739,239,firmware_focused,50,50.0,25,28.0,2.0,30.0,0.15,6,0.0223,83.9,83.0,0.9,502.05,135.0,0.0057,6,1,1,3,9.0,230.0,0.061,0.06,16,0.013,1,0.987,0.325,29.4,0.645,0.6127,0.0177,0.031,0.0112,0.6127,0.013,0.9234,0.0766,True,True,True,0.5,100
740,240,firmware_focused,500,50.0,250,28.0,2.5,30.0,0.15,8,0.0528,1052.125,1037.5,14.625,6283.5,1755.0,0.0306,6,13,13,14,42.0,230.0,0.061,0.09,16,0.0169,8,0.9831,1.0,38.2,0.645,0.9544,0.0419,0.0403,0.0146,0.9544,0.0169,0.8755,0.1245,True,True,True,0.5,100
741,241,firmware_focused,500,5.0,25,18.0,2.0,28.0,0.35,10,0.0049,750.0,750.0,0.0,4500.0,0.0,0.0,0,0,0,5,15.0,230.0,0.061,0.09,16,0.0,0,1.0,0.4917,31.0,0.645,0.6994,0.0027,0.0,0.0,0.6994,0.0,0.9293,0.0707,True,True,True,0.5,100
742,242,firmware_focused,500,50.0,250,18.0,2.0,28.0,0.35,6,0.0433,762.87,750.0,12.87,4557.915,424.2857,0.0227,6,11,11,14,42.0,230.0,0.061,0.09,16,0.0143,7,0.9857,1.0,38.2,0.645,0.9544,0.0339,0.049,0.0035,0.9544,0.0143,0.8792,0.1208,True,True,True,0.5,100
743,243,firmware_focused,50,25.0,12,18.0,2.5,28.0,0.15,8,0.0325,93.75,93.75,0.0,562.5,0.0,0.0046,0,0,0,2,6.0,230.0,0.061,0.06,16,0.0,0,1.0,0.2417,28.6,0.645,0.5844,0.0191,0.0,0.0,0.5844,0.0,0.9352,0.0648,True,True,True,0.5,100
744,244,firmware_focused,100,10.0,10,18.0,5.0,35.0,0.15,8,0.0141,515.0,515.0,0.0,3090.0,0.0,0.0,0,0,0,4,12.0,230.0,0.061,0.06,16,0.0,0,1.0,0.4083,30.2,0.645,0.641,0.0077,0.0,0.0,0.641,0.0,0.9336,0.0664,True,True,True,0.5,100
745,245,firmware_focused,500,5.0,25,18.0,5.0,28.0,0.25,10,0.0088,1875.0,1875.0,0.0,11250.0,0.0,0.0,0,0,0,5,15.0,230.0,0.061,0.09,16,0.0,0,1.0,0.4917,31.0,0.645,0.6994,0.0048,0.0,0.0,0.6994,0.0,0.9286,0.0714,True,True,True,0.5,100
746,246,firmware_focused,100,10.0,10,28.0,5.0,28.0,0.25,6,0.0024,375.0,375.0,0.0,2250.0,0.0,0.0,0,0,0,4,12.0,230.0,0.061,0.06,16,0.0,0,1.0,0.4083,30.2,0.645,0.641,0.0013,0.0,0.0,0.641,0.0,0.9355,0.0645,True,True,True,0.5,100
747,247,firmware_focused,500,50.0,250,18.0,2.5,35.0,0.35,10,0.042,1309.8438,1287.5,22.3438,7803.2031,424.2857,0.0338,6,11,11,14,42.0,230.0,0.061,0.09,16,0.0143,7,0.9857,1.0,38.2,0.645,0.9544,0.036,0.0496,0.0035,0.9544,0.0143,0.8768,0.1232,True,True,True,0.5,100
748,248,firmware_focused,50,50.0,25,16.0,5.0,30.0,0.25,10,0.108,222.5,207.5,15.0,1297.5,324.0,0.1209,6,3,3,3,9.0,230.0,0.061,0.06,16,0.039,2,0.961,0.325,29.4,0.645,0.6127,0.1016,0.2065,0.027,0.6127,0.039,0.8409,0.1591,True,True,True,0.5,100
749,249,firmware_focused,50,25.0,12,18.0,5.0,28.0,0.35,6,0.0529,190.425,187.5,2.925,1138.1625,38.5714,0.028,6,1,1,2,6.0,230.0,0.061,0.06,16,0.013,1,0.987,0.2417,28.6,0.645,0.5844,0.0401,0.0446,0.0032,0.5844,0.013,0.9146,0.0854,True,True,True,0.5,100
750,250,firmware_focused,100,25.0,25,18.0,5.0,28.0,0.15,10,0.0171,375.0,375.0,0.0,2250.0,0.0,0.0,0,0,0,5,15.0,230.0,0.061,0.06,16,0.0,0,1.0,0.4917,31.0,0.645,0.6694,0.0094,0.0,0.0,0.6694,0.0,0.9302,0.0698,True,True,True,0.5,100
751,1,adaptive_resilience,500,5.0,25,16.0,2.0,30.0,0.35,10,0.0,830.0,830.0,0.0,4980.0,0.0,0.0046,0,0,0,5,19.5,284.0,0.1062,0.114,16,0.0,0,1.0,0.5367,34.6,0.81,0.8928,0.0012,0.0,0.0,0.8928,0.0,0.9097,0.0903,True,True,True,0.8,20
752,2,adaptive_resilience,100,10.0,10,16.0,2.5,30.0,0.35,10,0.0338,207.5,207.5,0.0,1245.0,0.0,0.0139,0,0,0,4,15.6,284.0,0.1062,0.114,16,0.0,0,1.0,0.4533,33.8,0.81,0.8575,0.0221,0.0,0.0,0.8575,0.0,0.9055,0.0945,True,True,True,0.8,20
753,3,adaptive_resilience,100,25.0,25,16.0,2.0,35.0,0.35,10,0.0286,208.5,206.0,2.5,1244.75,77.1429,0.0,5,1,1,5,19.5,284.0,0.1062,0.114,16,0.0065,1,0.9935,0.5367,34.6,0.81,0.8928,0.0177,0.0347,0.0032,0.8928,0.0065,0.8973,0.1027,True,True,True,0.8,20
754,4,adaptive_resilience,100,5.0,5,18.0,2.0,28.0,0.35,10,0.0089,150.0,150.0,0.0,900.0,0.0,0.0197,0,0,0,4,15.6,284.0,0.1062,0.114,16,0.0,0,1.0,0.4533,33.8,0.81,0.8575,0.0098,0.0,0.0,0.8575,0.0,0.9084,0.0916,True,True,True,0.8,20
755,5,adaptive_resilience,50,25.0,12,16.0,2.5,35.0,0.35,6,0.0341,128.75,128.75,0.0,772.5,0.0,0.0098,0,0,0,4,15.6,284.0,0.1062,0.114,16,0.0,0,1.0,0.4533,33.8,0.81,0.8575,0.0212,0.0,0.0,0.8575,0.0,0.9064,0.0936,True,True,True,0.8,20
756,6,adaptive_resilience,100,50.0,50,18.0,5.0,28.0,0.35,8,0.0251,377.925,375.0,2.925,2261.7,38.5714,0.0019,5,1,1,6,23.4,284.0,0.1062,0.114,16,0.0065,1,0.9935,0.62,35.4,0.81,0.9282,0.0163,0.0223,0.0016,0.9282,0.0065,0.8967,0.1033,True,True,True,0.8,20
757,7,adaptive_resilience,500,50.0,250,18.0,2.0,30.0,0.35,8,0.0222,837.8,830.0,7.8,5011.2,231.4286,0.0,5,6,6,14,54.6,284.0,0.1062,0.114,16,0.0078,4,0.9922,1.0,41.8,0.81,1.0,0.0146,0.0269,0.0019,1.0,0.0078,0.8892,0.1108,True,True,True,0.8,20
758,8,adaptive_resilience,500,5.0,25,16.0,2.5,35.0,0.25,10,0.0354,1290.625,1287.5,3.125,7735.9375,108.0,0.0,5,1,1,5,19.5,284.0,0.1062,0.114,16,0.0013,1,0.9987,0.5367,34.6,0.81,0.8928,0.0199,0.0069,0.0009,0.8928,0.0013,0.9031,0.0969,True,True,True,0.8,20
759,9,adaptive_resilience,50,50.0,25,18.0,5.0,30.0,0.35,10,0.0255,210.75,207.5,3.25,1256.375,38.5714,0.0169,5,1,1,5,19.5,284.0,0.1062,0.114,16,0.013,1,0.987,0.5367,34.6,0.81,0.8928,0.0222,0.0448,0.0032,0.8928,0.013,0.8908,0.1092,True,True,True,0.8,20
760,10,adaptive_resilience,500,50.0,250,18.0,2.0,28.0,0.25,8,0.0509,765.21,750.0,15.21,4560.84,702.0,0.0362,5,13,13,14,54.6,284.0,0.1062,0.114,16,0.0169,8,0.9831,1.0,41.8,0.81,1.0,0.0423,0.0579,0.0059,1.0,0.0169,0.8677,0.1323,True,True,True,0.8,20
761,11,adaptive_resilience,500,10.0,50,28.0,2.5,30.0,0.35,10,0.0108,1038.625,1037.5,1.125,6228.9375,57.8571,0.0,5,1,1,6,23.4,284.0,0.1062,0.114,16,0.0013,1,0.9987,0.62,35.4,0.81,0.9282,0.0063,0.0031,0.0005,0.9282,0.0013,0.9045,0.0955,True,True,True,0.8,20
762,12,adaptive_resilience,50,50.0,25,28.0,2.0,35.0,0.25,8,0.0586,104.125,103.0,1.125,622.5,81.0,0.0096,5,1,1,5,19.5,284.0,0.1062,0.114,16,0.013,1,0.987,0.5367,34.6,0.81,0.8928,0.0386,0.0312,0.0067,0.8928,0.013,0.8891,0.1109,True,True,True,0.8,20
763,13,adaptive_resilience,500,25.0,125,18.0,2.0,35.0,0.35,10,0.0,1030.0,1030.0,0.0,6180.0,0.0,0.0,0,0,0,9,35.1,284.0,0.1062,0.114,16,0.0,0,1.0,0.87,37.8,0.81,1.0,0.0,0.0,0.0,1.0,0.0,0.9,0.1,True,True,True,0.8,20
764,14,adaptive_resilience,500,5.0,25,28.0,5.0,35.0,0.25,10,0.0099,2575.0,2575.0,0.0,15450.0,0.0,0.0166,0,0,0,5,19.5,284.0,0.1062,0.114,16,0.0,0,1.0,0.5367,34.6,0.81,0.8928,0.0096,0.0,0.0,0.8928,0.0,0.9054,0.0946,True,True,True,0.8,20
765,15,adaptive_resilience,500,5.0,25,18.0,5.0,30.0,0.35,8,0.0185,2075.0,2075.0,0.0,12450.0,0.0,0.0,0,0,0,5,19.5,284.0,0.1062,0.114,16,0.0,0,1.0,0.5367,34.6,0.81,0.8928,0.0102,0.0,0.0,0.8928,0.0,0.9077,0.0923,True,True,True,0.8,20
766,16,adaptive_resilience,100,25.0,25,16.0,5.0,35.0,0.35,6,0.0226,521.25,515.0,6.25,3118.125,77.1429,0.0227,5,1,1,5,19.5,284.0,0.1062,0.114,16,0.0065,1,0.9935,0.5367,34.6,0.81,0.8928,0.0201,0.0347,0.0032,0.8928,0.0065,0.8932,0.1068,True,True,True,0.8,20
767,17,adaptive_resilience,100,5.0,5,28.0,5.0,28.0,0.35,8,0.0,375.0,375.0,0.0,2250.0,0.0,0.0196,0,0,0,4,15.6,284.0,0.1062,0.114,16,0.0,0,1.0,0.4533,33.8,0.81,0.8575,0.0049,0.0,0.0,0.8575,0.0,0.9098,0.0902,True,True,True,0.8,20
768,18,adaptive_resilience,500,5.0,25,18.0,2.0,28.0,0.35,8,0.0,750.0,750.0,0.0,4500.0,0.0,0.0114,0,0,0,5,19.5,284.0,0.1062,0.114,16,0.0,0,1.0,0.5367,34.6,0.81,0.8928,0.0028,0.0,0.0,0.8928,0.0,0.9082,0.0918,True,True,True,0.8,20
769,19,adaptive_resilience,100,10.0,10,28.0,2.5,30.0,0.15,8,0.0218,207.5,207.5,0.0,1245.0,0.0,0.0061,0,0,0,4,15.6,284.0,0.1062,0.114,16,0.0,0,1.0,0.4533,33.8,0.81,0.8575,0.0135,0.0,0.0,0.8575,0.0,0.9093,0.0907,True,True,True,0.8,20
770,20,adaptive_resilience,500,10.0,50,28.0,2.5,28.0,0.25,8,0.0231,938.5125,937.5,1.0125,5629.05,81.0,0.0,5,1,1,6,23.4,284.0,0.1062,0.114,16,0.0013,1,0.9987,0.62,35.4,0.81,0.9282,0.0131,0.0031,0.0007,0.9282,0.0013,0.9024,0.0976,True,True,True,0.8,20
771,21,adaptive_resilience,50,5.0,2,18.0,2.0,35.0,0.15,6,0.0255,103.0,103.0,0.0,618.0,0.0,0.0118,0,0,0,4,15.6,284.0,0.1062,0.114,16,0.0,0,1.0,0.4533,33.8,0.81,0.8575,0.017,0.0,0.0,0.8575,0.0,0.9074,0.0926,True,True,True,0.8,20
772,22,adaptive_resilience,100,50.0,50,16.0,2.5,35.0,0.35,10,0.0488,263.75,257.5,6.25,1566.875,154.2857,0.0519,5,2,2,6,23.4,284.0,0.1062,0.114,16,0.013,1,0.987,0.62,35.4,0.81,0.9282,0.0438,0.0693,0.0064,0.9282,0.013,0.8701,0.1299,True,True,True,0.8,20
773,23,adaptive_resilience,100,5.0,5,28.0,2.0,28.0,0.15,8,0.0015,150.0,150.0,0.0,900.0,0.0,0.0,0,0,0,4,15.6,284.0,0.1062,0.114,16,0.0,0,1.0,0.4533,33.8,0.81,0.8575,0.0008,0.0,0.0,0.8575,0.0,0.914,0.086,True,True,True,0.8,20
774,24,adaptive_resilience,100,10.0,10,18.0,5.0,30.0,0.25,10,0.0,415.0,415.0,0.0,2490.0,0.0,0.0012,0,0,0,4,15.6,284.0,0.1062,0.114,16,0.0,0,1.0,0.4533,33.8,0.81,0.8575,0.0003,0.0,0.0,0.8575,0.0,0.914,0.086,True,True,True,0.8,20
775,25,adaptive_resilience,100,5.0,5,18.0,2.5,35.0,0.25,8,0.033,257.5,257.5,0.0,1545.0,0.0,0.0095,0,0,0,4,15.6,284.0,0.1062,0.114,16,0.0,0,1.0,0.4533,33.8,0.81,0.8575,0.0205,0.0,0.0,0.8575,0.0,0.9067,0.0933,True,True,True,0.8,20
776,26,adaptive_resilience,50,5.0,2,28.0,2.5,30.0,0.35,10,0.0287,103.75,103.75,0.0,622.5,0.0,0.0156,0,0,0,4,15.6,284.0,0.1062,0.114,16,0.0,0,1.0,0.4533,33.8,0.81,0.8575,0.0197,0.0,0.0,0.8575,0.0,0.906,0.094,True,True,True,0.8,20
777,27,adaptive_resilience,100,25.0,25,18.0,2.5,35.0,0.35,6,0.0158,257.5,257.5,0.0,1545.0,0.0,0.0161,0,0,0,5,19.5,284.0,0.1062,0.114,16,0.0,0,1.0,0.5367,34.6,0.81,0.8928,0.0127,0.0,0.0,0.8928,0.0,0.9045,0.0955,True,True,True,0.8,20
778,28,adaptive_resilience,500,10.0,50,28.0,5.0,28.0,0.35,10,0.0,1875.0,1875.0,0.0,11250.0,0.0,0.0076,0,0,0,6,23.4,284.0,0.1062,0.114,16,0.0,0,1.0,0.62,35.4,0.81,0.9282,0.0019,0.0,0.0,0.9282,0.0,0.9055,0.0945,True,True,True,0.8,20
779,29,adaptive_resilience,50,25.0,12,28.0,5.0,28.0,0.15,6,0.0,187.5,187.5,0.0,1125.0,0.0,0.0,0,0,0,4,15.6,284.0,0.1062,0.114,16,0.0,0,1.0,0.4533,33.8,0.81,0.8575,0.0,0.0,0.0,0.8575,0.0,0.9142,0.0858,True,True,True,0.8,20
780,30,adaptive_resilience,50,50.0,25,18.0,5.0,30.0,0.25,6,0.0263,210.75,207.5,3.25,1259.625,54.0,0.0,5,1,1,5,19.5,284.0,0.1062,0.114,16,0.013,1,0.987,0.5367,34.6,0.81,0.8928,0.0184,0.0448,0.0045,0.8928,0.013,0.8943,0.1057,True,True,True,0.8,20
781,31,adaptive_resilience,50,5.0,2,28.0,2.0,35.0,0.35,10,0.0,103.0,103.0,0.0,618.0,0.0,0.0183,0,0,0,4,15.6,284.0,0.1062,0.114,16,0.0,0,1.0,0.4533,33.8,0.81,0.8575,0.0046,0.0,0.0,0.8575,0.0,0.9101,0.0899,True,True,True,0.8,20
782,32,adaptive_resilience,50,10.0,5,18.0,5.0,35.0,0.15,10,0.0343,257.5,257.5,0.0,1545.0,0.0,0.0123,0,0,0,4,15.6,284.0,0.1062,0.114,16,0.0,0,1.0,0.4533,33.8,0.81,0.8575,0.0219,0.0,0.0,0.8575,0.0,0.9058,0.0942,True,True,True,0.8,20
783,33,adaptive_resilience,100,25.0,25,18.0,2.0,35.0,0.25,10,0.0477,207.625,206.0,1.625,1241.6875,54.0,0.0066,5,1,1,5,19.5,284.0,0.1062,0.114,16,0.0065,1,0.9935,0.5367,34.6,0.81,0.8928,0.0299,0.0225,0.0022,0.8928,0.0065,0.8953,0.1047,True,True,True,0.8,20
784,34,adaptive_resilience,100,25.0,25,18.0,2.0,30.0,0.15,6,0.0153,166.0,166.0,0.0,996.0,0.0,0.0,0,0,0,5,19.5,284.0,0.1062,0.114,16,0.0,0,1.0,0.5367,34.6,0.81,0.8928,0.0084,0.0,0.0,0.8928,0.0,0.9082,0.0918,True,True,True,0.8,20
785,35,adaptive_resilience,50,25.0,12,18.0,2.5,28.0,0.25,6,0.055,95.2125,93.75,1.4625,569.0812,54.0,0.0059,5,1,1,4,15.6,284.0,0.1062,0.114,16,0.013,1,0.987,0.4533,33.8,0.81,0.8575,0.0358,0.0446,0.0045,0.8575,0.013,0.8917,0.1083,True,True,True,0.8,20
786,36,adaptive_resilience,100,10.0,10,28.0,2.0,28.0,0.35,8,0.0234,150.0,150.0,0.0,900.0,0.0,0.0,0,0,0,4,15.6,284.0,0.1062,0.114,16,0.0,0,1.0,0.4533,33.8,0.81,0.8575,0.0129,0.0,0.0,0.8575,0.0,0.9104,0.0896,True,True,True,0.8,20
787,37,adaptive_resilience,500,5.0,25,18.0,2.5,28.0,0.15,10,0.0,937.5,937.5,0.0,5625.0,0.0,0.0029,0,0,0,5,19.5,284.0,0.1062,0.114,16,0.0,0,1.0,0.5367,34.6,0.81,0.8928,0.0007,0.0,0.0,0.8928,0.0,0.9101,0.0899,True,True,True,0.8,20
788,38,adaptive_resilience,100,50.0,50,16.0,2.0,35.0,0.35,8,0.0388,211.0,206.0,5.0,1256.0,154.2857,0.0203,5,2,2,6,23.4,284.0,0.1062,0.114,16,0.013,1,0.987,0.62,35.4,0.81,0.9282,0.0304,0.0693,0.0064,0.9282,0.013,0.8789,0.1211,True,True,True,0.8,20
789,39,adaptive_resilience,100,25.0,25,16.0,2.5,30.0,0.35,10,0.0046,207.5,207.5,0.0,1245.0,0.0,0.0106,0,0,0,5,19.5,284.0,0.1062,0.114,16,0.0,0,1.0,0.5367,34.6,0.81,0.8928,0.0052,0.0,0.0,0.8928,0.0,0.9076,0.0924,True,True,True,0.8,20
790,40,adaptive_resilience,100,50.0,50,18.0,5.0,28.0,0.35,8,0.0282,377.925,375.0,2.925,2261.7,38.5714,0.0137,5,1,1,6,23.4,284.0,0.1062,0.114,16,0.0065,1,0.9935,0.62,35.4,0.81,0.9282,0.021,0.0223,0.0016,0.9282,0.0065,0.8935,0.1065,True,True,True,0.8,20
791,41,adaptive_resilience,500,50.0,250,16.0,5.0,30.0,0.25,10,0.0796,2175.0,2075.0,100.0,12800.0,2160.0,0.0757,5,20,20,14,54.6,284.0,0.1062,0.114,16,0.026,13,0.974,1.0,41.8,0.81,1.0,0.0707,0.1377,0.018,1.0,0.026,0.8346,0.1654,True,True,True,0.8,20
792,42,adaptive_resilience,500,5.0,25,18.0,2.5,28.0,0.25,10,0.0201,938.9625,937.5,1.4625,5630.1187,54.0,0.0,5,1,1,5,19.5,284.0,0.1062,0.114,16,0.0013,1,0.9987,0.5367,34.6,0.81,0.8928,0.0115,0.0045,0.0004,0.8928,0.0013,0.9062,0.0938,True,True,True,0.8,20
793,43,adaptive_resilience,50,10.0,5,28.0,2.5,35.0,0.15,6,0.0,128.75,128.75,0.0,772.5,0.0,0.0,0,0,0,4,15.6,284.0,0.1062,0.114,16,0.0,0,1.0,0.4533,33.8,0.81,0.8575,0.0,0.0,0.0,0.8575,0.0,0.9142,0.0858,True,True,True,0.8,20
794,44,adaptive_resilience,50,25.0,12,18.0,5.0,30.0,0.35,6,0.0076,207.5,207.5,0.0,1245.0,0.0,0.0,0,0,0,4,15.6,284.0,0.1062,0.114,16,0.0,0,1.0,0.4533,33.8,0.81,0.8575,0.0042,0.0,0.0,0.8575,0.0,0.913,0.087,True,True,True,0.8,20
795,45,adaptive_resilience,50,10.0,5,18.0,2.0,35.0,0.35,8,0.0,103.0,103.0,0.0,618.0,0.0,0.0014,0,0,0,4,15.6,284.0,0.1062,0.114,16,0.0,0,1.0,0.4533,33.8,0.81,0.8575,0.0003,0.0,0.0,0.8575,0.0,0.9139,0.0861,True,True,True,0.8,20
796,46,adaptive_resilience,100,5.0,5,16.0,2.0,30.0,0.35,8,0.0,166.0,166.0,0.0,996.0,0.0,0.0,0,0,0,4,15.6,284.0,0.1062,0.114,16,0.0,0,1.0,0.4533,33.8,0.81,0.8575,0.0,0.0,0.0,0.8575,0.0,0.9142,0.0858,True,True,True,0.8,20
797,47,adaptive_resilience,500,50.0,250,28.0,2.0,35.0,0.35,10,0.0149,1034.5,1030.0,4.5,6195.75,231.4286,0.0,5,4,4,14,54.6,284.0,0.1062,0.114,16,0.0052,3,0.9948,1.0,41.8,0.81,1.0,0.0098,0.0125,0.0019,1.0,0.0052,0.8938,0.1062,True,True,True,0.8,20
798,48,adaptive_resilience,500,10.0,50,18.0,2.0,30.0,0.35,10,0.0,830.0,830.0,0.0,4980.0,0.0,0.0081,0,0,0,6,23.4,284.0,0.1062,0.114,16,0.0,0,1.0,0.62,35.4,0.81,0.9282,0.002,0.0,0.0,0.9282,0.0,0.9054,0.0946,True,True,True,0.8,20
799,49,adaptive_resilience,50,5.0,2,16.0,2.0,30.0,0.15,10,0.0055,83.0,83.0,0.0,498.0,0.0,0.0,0,0,0,4,15.6,284.0,0.1062,0.114,16,0.0,0,1.0,0.4533,33.8,0.81,0.8575,0.003,0.0,0.0,0.8575,0.0,0.9133,0.0867,True,True,True,0.8,20
800,50,adaptive_resilience,500,5.0,25,16.0,2.5,35.0,0.35,6,0.0,1287.5,1287.5,0.0,7725.0,0.0,0.0122,0,0,0,5,19.5,284.0,0.1062,0.114,16,0.0,0,1.0,0.5367,34.6,0.81,0.8928,0.003,0.0,0.0,0.8928,0.0,0.908,0.092,True,True,True,0.8,20
801,51,adaptive_resilience,100,25.0,25,28.0,2.5,30.0,0.15,10,0.044,208.625,207.5,1.125,1248.9375,135.0,0.0129,5,1,1,5,19.5,284.0,0.1062,0.114,16,0.0065,1,0.9935,0.5367,34.6,0.81,0.8928,0.0294,0.0155,0.0056,0.8928,0.0065,0.8953,0.1047,True,True,True,0.8,20
802,52,adaptive_resilience,50,25.0,12,16.0,5.0,28.0,0.25,6,0.0142,187.5,187.5,0.0,1125.0,0.0,0.0,0,0,0,4,15.6,284.0,0.1062,0.114,16,0.0,0,1.0,0.4533,33.8,0.81,0.8575,0.0078,0.0,0.0,0.8575,0.0,0.9119,0.0881,True,True,True,0.8,20
803,53,adaptive_resilience,100,10.0,10,28.0,5.0,28.0,0.25,8,0.0,375.0,375.0,0.0,2250.0,0.0,0.0033,0,0,0,4,15.6,284.0,0.1062,0.114,16,0.0,0,1.0,0.4533,33.8,0.81,0.8575,0.0008,0.0,0.0,0.8575,0.0,0.9135,0.0865,True,True,True,0.8,20
804,54,adaptive_resilience,50,5.0,2,28.0,2.5,28.0,0.15,10,0.0264,93.75,93.75,0.0,562.5,0.0,0.0,0,0,0,4,15.6,284.0,0.1062,0.114,16,0.0,0,1.0,0.4533,33.8,0.81,0.8575,0.0145,0.0,0.0,0.8575,0.0,0.9099,0.0901,True,True,True,0.8,20
805,55,adaptive_resilience,50,10.0,5,16.0,5.0,35.0,0.25,10,0.0111,257.5,257.5,0.0,1545.0,0.0,0.0145,0,0,0,4,15.6,284.0,0.1062,0.114,16,0.0,0,1.0,0.4533,33.8,0.81,0.8575,0.0098,0.0,0.0,0.8575,0.0,0.9091,0.0909,True,True,True,0.8,20
806,56,adaptive_resilience,100,10.0,10,16.0,5.0,30.0,0.35,6,0.0132,415.0,415.0,0.0,2490.0,0.0,0.0,0,0,0,4,15.6,284.0,0.1062,0.114,16,0.0,0,1.0,0.4533,33.8,0.81,0.8575,0.0073,0.0,0.0,0.8575,0.0,0.9121,0.0879,True,True,True,0.8,20
807,57,adaptive_resilience,50,5.0,2,28.0,5.0,30.0,0.35,6,0.0307,207.5,207.5,0.0,1245.0,0.0,0.0065,0,0,0,4,15.6,284.0,0.1062,0.114,16,0.0,0,1.0,0.4533,33.8,0.81,0.8575,0.0185,0.0,0.0,0.8575,0.0,0.9077,0.0923,True,True,True,0.8,20
808,58,adaptive_resilience,100,25.0,25,18.0,5.0,28.0,0.15,6,0.0,375.0,375.0,0.0,2250.0,0.0,0.0012,0,0,0,5,19.5,284.0,0.1062,0.114,16,0.0,0,1.0,0.5367,34.6,0.81,0.8928,0.0003,0.0,0.0,0.8928,0.0,0.9104,0.0896,True,True,True,0.8,20
809,59,adaptive_resilience,50,25.0,12,28.0,2.0,30.0,0.35,10,0.0278,83.0,83.0,0.0,498.0,0.0,0.0,0,0,0,4,15.6,284.0,0.1062,0.114,16,0.0,0,1.0,0.4533,33.8,0.81,0.8575,0.0153,0.0,0.0,0.8575,0.0,0.9097,0.0903,True,True,True,0.8,20
810,60,adaptive_resilience,50,5.0,2,16.0,2.5,30.0,0.15,10,0.0,103.75,103.75,0.0,622.5,0.0,0.0169,0,0,0,4,15.6,284.0,0.1062,0.114,16,0.0,0,1.0,0.4533,33.8,0.81,0.8575,0.0042,0.0,0.0,0.8575,0.0,0.9104,0.0896,True,True,True,0.8,20
811,61,adaptive_resilience,50,25.0,12,18.0,2.5,30.0,0.25,6,0.0333,103.75,103.75,0.0,622.5,0.0,0.0264,0,0,0,4,15.6,284.0,0.1062,0.114,16,0.0,0,1.0,0.4533,33.8,0.81,0.8575,0.0249,0.0,0.0,0.8575,0.0,0.9028,0.0972,True,True,True,0.8,20
812,62,adaptive_resilience,100,5.0,5,16.0,2.0,35.0,0.15,10,0.0,206.0,206.0,0.0,1236.0,0.0,0.0,0,0,0,4,15.6,284.0,0.1062,0.114,16,0.0,0,1.0,0.4533,33.8,0.81,0.8575,0.0,0.0,0.0,0.8575,0.0,0.9142,0.0858,True,True,True,0.8,20
813,63,adaptive_resilience,500,5.0,25,16.0,5.0,30.0,0.35,6,0.0117,2075.0,2075.0,0.0,12450.0,0.0,0.0,0,0,0,5,19.5,284.0,0.1062,0.114,16,0.0,0,1.0,0.5367,34.6,0.81,0.8928,0.0064,0.0,0.0,0.8928,0.0,0.9088,0.0912,True,True,True,0.8,20
814,64,adaptive_resilience,500,25.0,125,16.0,2.5,28.0,0.15,6,0.0186,942.0,937.5,4.5,5645.25,360.0,0.0058,5,2,2,9,35.1,284.0,0.1062,0.114,16,0.0026,1,0.9974,0.87,37.8,0.81,1.0,0.0125,0.0137,0.003,1.0,0.0026,0.8919,0.1081,True,True,True,0.8,20
815,65,adaptive_resilience,50,50.0,25,16.0,2.5,35.0,0.25,6,0.042,131.875,128.75,3.125,786.5625,108.0,0.0394,5,1,1,5,19.5,284.0,0.1062,0.114,16,0.013,1,0.987,0.5367,34.6,0.81,0.8928,0.0369,0.0693,0.009,0.8928,0.013,0.8772,0.1228,True,True,True,0.8,20
816,66,adaptive_resilience,50,50.0,25,16.0,2.5,28.0,0.25,8,0.0819,98.25,93.75,4.5,580.5,216.0,0.0872,5,2,2,5,19.5,284.0,0.1062,0.114,16,0.026,1,0.974,0.5367,34.6,0.81,0.8928,0.0748,0.1371,0.018,0.8928,0.026,0.8425,0.1575,True,True,True,0.8,20
817,67,adaptive_resilience,100,10.0,10,18.0,2.0,35.0,0.35,6,0.0,206.0,206.0,0.0,1236.0,0.0,0.0,0,0,0,4,15.6,284.0,0.1062,0.114,16,0.0,0,1.0,0.4533,33.8,0.81,0.8575,0.0,0.0,0.0,0.8575,0.0,0.9142,0.0858,True,True,True,0.8,20
818,68,adaptive_resilience,100,50.0,50,18.0,2.5,28.0,0.25,6,0.0509,191.8875,187.5,4.3875,1144.7438,162.0,0.0447,5,3,3,6,23.4,284.0,0.1062,0.114,16,0.0195,2,0.9805,0.62,35.4,0.81,0.9282,0.0452,0.0669,0.0067,0.9282,0.0195,0.8706,0.1294,True,True,True,0.8,20
819,69,adaptive_resilience,500,10.0,50,28.0,2.0,28.0,0.25,10,0.0276,750.81,750.0,0.81,4502.835,81.0,0.0021,5,1,1,6,23.4,284.0,0.1062,0.114,16,0.0013,1,0.9987,0.62,35.4,0.81,0.9282,0.0161,0.0031,0.0007,0.9282,0.0013,0.9012,0.0988,True,True,True,0.8,20
820,70,adaptive_resilience,50,50.0,25,18.0,2.0,35.0,0.25,8,0.0588,104.625,103.0,1.625,624.5,54.0,0.0281,5,1,1,5,19.5,284.0,0.1062,0.114,16,0.013,1,0.987,0.5367,34.6,0.81,0.8928,0.0434,0.0451,0.0045,0.8928,0.013,0.8825,0.1175,True,True,True,0.8,20
821,71,adaptive_resilience,100,50.0,50,28.0,5.0,28.0,0.35,6,0.0548,381.075,375.0,6.075,2277.3375,173.5714,0.0214,5,3,3,6,23.4,284.0,0.1062,0.114,16,0.0195,2,0.9805,0.62,35.4,0.81,0.9282,0.0415,0.0463,0.0072,0.9282,0.0195,0.8792,0.1208,True,True,True,0.8,20
822,72,adaptive_resilience,50,5.0,2,18.0,5.0,28.0,0.25,10,0.0071,187.5,187.5,0.0,1125.0,0.0,0.0,0,0,0,4,15.6,284.0,0.1062,0.114,16,0.0,0,1.0,0.4533,33.8,0.81,0.8575,0.0039,0.0,0.0,0.8575,0.0,0.9131,0.0869,True,True,True,0.8,20
823,73,adaptive_resilience,500,5.0,25,18.0,2.0,28.0,0.35,8,0.0197,750.0,750.0,0.0,4500.0,0.0,0.009,0,0,0,5,19.5,284.0,0.1062,0.114,16,0.0,0,1.0,0.5367,34.6,0.81,0.8928,0.0131,0.0,0.0,0.8928,0.0,0.9054,0.0946,True,True,True,0.8,20
824,74,adaptive_resilience,100,10.0,10,16.0,2.5,28.0,0.35,8,0.0461,187.5,187.5,0.0,1125.0,0.0,0.0,0,0,0,4,15.6,284.0,0.1062,0.114,16,0.0,0,1.0,0.4533,33.8,0.81,0.8575,0.0254,0.0,0.0,0.8575,0.0,0.9066,0.0934,True,True,True,0.8,20
825,75,adaptive_resilience,500,25.0,125,16.0,2.5,35.0,0.35,10,0.0394,1303.125,1287.5,15.625,7779.6875,385.7143,0.0387,5,5,5,9,35.1,284.0,0.1062,0.114,16,0.0065,3,0.9935,0.87,37.8,0.81,1.0,0.0333,0.0347,0.0032,1.0,0.0065,0.8761,0.1239,True,True,True,0.8,20
826,76,adaptive_resilience,100,10.0,10,28.0,2.0,30.0,0.35,8,0.0051,166.0,166.0,0.0,996.0,0.0,0.0058,0,0,0,4,15.6,284.0,0.1062,0.114,16,0.0,0,1.0,0.4533,33.8,0.81,0.8575,0.0043,0.0,0.0,0.8575,0.0,0.9121,0.0879,True,True,True,0.8,20
827,77,adaptive_resilience,500,5.0,25,18.0,2.5,35.0,0.15,10,0.0,1287.5,1287.5,0.0,7725.0,0.0,0.0101,0,0,0,5,19.5,284.0,0.1062,0.114,16,0.0,0,1.0,0.5367,34.6,0.81,0.8928,0.0025,0.0,0.0,0.8928,0.0,0.9084,0.0916,True,True,True,0.8,20
828,78,adaptive_resilience,500,10.0,50,28.0,5.0,30.0,0.35,6,0.0321,2079.5,2075.0,4.5,12470.25,115.7143,0.0035,5,2,2,6,23.4,284.0,0.1062,0.114,16,0.0026,1,0.9974,0.62,35.4,0.81,0.9282,0.0193,0.0062,0.001,0.9282,0.0026,0.8992,0.1008,True,True,True,0.8,20
829,79,adaptive_resilience,500,25.0,125,16.0,2.5,30.0,0.25,6,0.0415,1050.0,1037.5,12.5,6281.25,540.0,0.0154,5,5,5,9,35.1,284.0,0.1062,0.114,16,0.0065,3,0.9935,0.87,37.8,0.81,1.0,0.0287,0.0344,0.0045,1.0,0.0065,0.8809,0.1191,True,True,True,0.8,20
830,80,adaptive_resilience,50,5.0,2,28.0,2.0,28.0,0.25,10,0.0,75.0,75.0,0.0,450.0,0.0,0.0,0,0,0,4,15.6,284.0,0.1062,0.114,16,0.0,0,1.0,0.4533,33.8,0.81,0.8575,0.0,0.0,0.0,0.8575,0.0,0.9142,0.0858,True,True,True,0.8,20
831,81,adaptive_resilience,100,10.0,10,28.0,2.5,30.0,0.25,6,0.0075,207.5,207.5,0.0,1245.0,0.0,0.0,0,0,0,4,15.6,284.0,0.1062,0.114,16,0.0,0,1.0,0.4533,33.8,0.81,0.8575,0.0041,0.0,0.0,0.8575,0.0,0.913,0.087,True,True,True,0.8,20
832,82,adaptive_resilience,50,5.0,2,18.0,2.5,30.0,0.35,8,0.0069,103.75,103.75,0.0,622.5,0.0,0.0,0,0,0,4,15.6,284.0,0.1062,0.114,16,0.0,0,1.0,0.4533,33.8,0.81,0.8575,0.0038,0.0,0.0,0.8575,0.0,0.9131,0.0869,True,True,True,0.8,20
833,83,adaptive_resilience,500,25.0,125,18.0,2.5,35.0,0.35,10,0.0409,1297.6562,1287.5,10.1562,7760.5469,192.8571,0.0309,5,5,5,9,35.1,284.0,0.1062,0.114,16,0.0065,3,0.9935,0.87,37.8,0.81,1.0,0.0322,0.0225,0.0016,1.0,0.0065,0.8803,0.1197,True,True,True,0.8,20
834,84,adaptive_resilience,50,10.0,5,18.0,2.0,30.0,0.15,6,0.0,83.0,83.0,0.0,498.0,0.0,0.0183,0,0,0,4,15.6,284.0,0.1062,0.114,16,0.0,0,1.0,0.4533,33.8,0.81,0.8575,0.0046,0.0,0.0,0.8575,0.0,0.9101,0.0899,True,True,True,0.8,20
835,85,adaptive_resilience,50,10.0,5,18.0,5.0,28.0,0.25,6,0.0,187.5,187.5,0.0,1125.0,0.0,0.0,0,0,0,4,15.6,284.0,0.1062,0.114,16,0.0,0,1.0,0.4533,33.8,0.81,0.8575,0.0,0.0,0.0,0.8575,0.0,0.9142,0.0858,True,True,True,0.8,20
836,86,adaptive_resilience,500,5.0,25,18.0,5.0,35.0,0.15,8,0.0029,2575.0,2575.0,0.0,15450.0,0.0,0.0,0,0,0,5,19.5,284.0,0.1062,0.114,16,0.0,0,1.0,0.5367,34.6,0.81,0.8928,0.0016,0.0,0.0,0.8928,0.0,0.9102,0.0898,True,True,True,0.8,20
837,87,adaptive_resilience,500,5.0,25,18.0,2.0,28.0,0.15,6,0.0246,751.17,750.0,1.17,4505.265,90.0,0.0024,5,1,1,5,19.5,284.0,0.1062,0.114,16,0.0013,1,0.9987,0.5367,34.6,0.81,0.8928,0.0145,0.0045,0.0008,0.8928,0.0013,0.9049,0.0951,True,True,True,0.8,20
838,88,adaptive_resilience,100,50.0,50,28.0,5.0,35.0,0.25,8,0.0301,520.625,515.0,5.625,3112.5,162.0,0.0202,5,2,2,6,23.4,284.0,0.1062,0.114,16,0.013,1,0.987,0.62,35.4,0.81,0.9282,0.0256,0.0312,0.0067,0.9282,0.013,0.8879,0.1121,True,True,True,0.8,20
839,89,adaptive_resilience,500,50.0,250,18.0,5.0,28.0,0.25,8,0.025,1892.55,1875.0,17.55,11320.2,324.0,0.0066,5,6,6,14,54.6,284.0,0.1062,0.114,16,0.0078,4,0.9922,1.0,41.8,0.81,1.0,0.0178,0.0267,0.0027,1.0,0.0078,0.8871,0.1129,True,True,True,0.8,20
840,90,adaptive_resilience,100,25.0,25,18.0,2.0,30.0,0.25,6,0.0197,166.0,166.0,0.0,996.0,0.0,0.0,0,0,0,5,19.5,284.0,0.1062,0.114,16,0.0,0,1.0,0.5367,34.6,0.81,0.8928,0.0108,0.0,0.0,0.8928,0.0,0.9075,0.0925,True,True,True,0.8,20
841,91,adaptive_resilience,50,25.0,12,16.0,5.0,35.0,0.35,6,0.0581,263.75,257.5,6.25,1573.125,77.1429,0.0155,5,1,1,4,15.6,284.0,0.1062,0.114,16,0.013,1,0.987,0.4533,33.8,0.81,0.8575,0.0398,0.0693,0.0064,0.8575,0.013,0.8838,0.1162,True,True,True,0.8,20
842,92,adaptive_resilience,50,5.0,2,18.0,2.0,30.0,0.25,10,0.0,83.0,83.0,0.0,498.0,0.0,0.0,0,0,0,4,15.6,284.0,0.1062,0.114,16,0.0,0,1.0,0.4533,33.8,0.81,0.8575,0.0,0.0,0.0,0.8575,0.0,0.9142,0.0858,True,True,True,0.8,20
843,93,adaptive_resilience,500,5.0,25,28.0,2.5,28.0,0.25,8,0.0,937.5,937.5,0.0,5625.0,0.0,0.019,0,0,0,5,19.5,284.0,0.1062,0.114,16,0.0,0,1.0,0.5367,34.6,0.81,0.8928,0.0048,0.0,0.0,0.8928,0.0,0.9064,0.0936,True,True,True,0.8,20
844,94,adaptive_resilience,500,25.0,125,16.0,2.5,30.0,0.15,6,0.0612,1057.5,1037.5,20.0,6315.0,1440.0,0.0477,5,8,8,9,35.1,284.0,0.1062,0.114,16,0.0104,5,0.9896,0.87,37.8,0.81,1.0,0.0488,0.0551,0.012,1.0,0.0104,0.8643,0.1357,True,True,True,0.8,20
845,95,adaptive_resilience,50,5.0,2,28.0,5.0,30.0,0.35,10,0.016,207.5,207.5,0.0,1245.0,0.0,0.0,0,0,0,4,15.6,284.0,0.1062,0.114,16,0.0,0,1.0,0.4533,33.8,0.81,0.8575,0.0088,0.0,0.0,0.8575,0.0,0.9116,0.0884,True,True,True,0.8,20
846,96,adaptive_resilience,100,10.0,10,28.0,2.5,30.0,0.35,10,0.0,207.5,207.5,0.0,1245.0,0.0,0.0,0,0,0,4,15.6,284.0,0.1062,0.114,16,0.0,0,1.0,0.4533,33.8,0.81,0.8575,0.0,0.0,0.0,0.8575,0.0,0.9142,0.0858,True,True,True,0.8,20
847,97,adaptive_resilience,50,10.0,5,28.0,2.0,30.0,0.15,10,0.0014,83.0,83.0,0.0,498.0,0.0,0.0138,0,0,0,4,15.6,284.0,0.1062,0.114,16,0.0,0,1.0,0.4533,33.8,0.81,0.8575,0.0042,0.0,0.0,0.8575,0.0,0.9109,0.0891,True,True,True,0.8,20
848,98,adaptive_resilience,100,25.0,25,16.0,2.0,35.0,0.35,8,0.0161,206.0,206.0,0.0,1236.0,0.0,0.0091,0,0,0,5,19.5,284.0,0.1062,0.114,16,0.0,0,1.0,0.5367,34.6,0.81,0.8928,0.0111,0.0,0.0,0.8928,0.0,0.906,0.094,True,True,True,0.8,20
849,99,adaptive_resilience,100,10.0,10,16.0,5.0,30.0,0.35,6,0.0265,415.0,415.0,0.0,2490.0,0.0,0.0,0,0,0,4,15.6,284.0,0.1062,0.114,16,0.0,0,1.0,0.4533,33.8,0.81,0.8575,0.0146,0.0,0.0,0.8575,0.0,0.9099,0.0901,True,True,True,0.8,20
850,100,adaptive_resilience,500,50.0,250,16.0,2.5,35.0,0.35,8,0.0694,1340.625,1287.5,53.125,7937.5,1311.4286,0.0517,5,17,17,14,54.6,284.0,0.1062,0.114,16,0.0221,11,0.9779,1.0,41.8,0.81,1.0,0.0579,0.1179,0.0109,1.0,0.0221,0.8475,0.1525,True,True,True,0.8,20
851,101,adaptive_resilience,500,25.0,125,18.0,5.0,30.0,0.25,6,0.0155,2081.5,2075.0,6.5,12479.25,108.0,0.0,5,2,2,9,35.1,284.0,0.1062,0.114,16,0.0026,1,0.9974,0.87,37.8,0.81,1.0,0.0093,0.009,0.0009,1.0,0.0026,0.895,0.105,True,True,True,0.8,20
852,102,adaptive_resilience,100,25.0,25,18.0,5.0,28.0,0.15,8,0.036,377.925,375.0,2.925,2261.7,90.0,0.0095,5,1,1,5,19.5,284.0,0.1062,0.114,16,0.0065,1,0.9935,0.5367,34.6,0.81,0.8928,0.0242,0.0223,0.0037,0.8928,0.0065,0.8964,0.1036,True,True,True,0.8,20
853,103,adaptive_resilience,100,50.0,50,18.0,5.0,30.0,0.35,6,0.0685,424.75,415.0,9.75,2533.875,115.7143,0.0301,5,3,3,6,23.4,284.0,0.1062,0.114,16,0.0195,2,0.9805,0.62,35.4,0.81,0.9282,0.0512,0.0671,0.0048,0.9282,0.0195,0.8712,0.1288,True,True,True,0.8,20
854,104,adaptive_resilience,500,5.0,25,16.0,2.5,30.0,0.35,6,0.0361,1040.0,1037.5,2.5,6236.25,77.1429,0.0,5,1,1,5,19.5,284.0,0.1062,0.114,16,0.0013,1,0.9987,0.5367,34.6,0.81,0.8928,0.0202,0.0069,0.0006,0.8928,0.0013,0.903,0.097,True,True,True,0.8,20
855,105,adaptive_resilience,500,50.0,250,16.0,2.5,35.0,0.25,6,0.0636,1337.5,1287.5,50.0,7950.0,1728.0,0.0658,5,16,16,14,54.6,284.0,0.1062,0.114,16,0.0208,10,0.9792,1.0,41.8,0.81,1.0,0.0578,0.111,0.0144,1.0,0.0208,0.8463,0.1537,True,True,True,0.8,20
856,106,adaptive_resilience,500,10.0,50,16.0,2.5,30.0,0.35,6,0.0132,1040.0,1037.5,2.5,6236.25,77.1429,0.0155,5,1,1,6,23.4,284.0,0.1062,0.114,16,0.0013,1,0.9987,0.62,35.4,0.81,0.9282,0.0115,0.0069,0.0006,0.9282,0.0013,0.8998,0.1002,True,True,True,0.8,20
857,107,adaptive_resilience,100,25.0,25,18.0,5.0,30.0,0.15,10,0.0,415.0,415.0,0.0,2490.0,0.0,0.0,0,0,0,5,19.5,284.0,0.1062,0.114,16,0.0,0,1.0,0.5367,34.6,0.81,0.8928,0.0,0.0,0.0,0.8928,0.0,0.9107,0.0893,True,True,True,0.8,20
858,108,adaptive_resilience,100,25.0,25,28.0,2.5,28.0,0.35,10,0.0254,188.5125,187.5,1.0125,1128.5438,57.8571,0.0,5,1,1,5,19.5,284.0,0.1062,0.114,16,0.0065,1,0.9935,0.5367,34.6,0.81,0.8928,0.016,0.0154,0.0024,0.8928,0.0065,0.9018,0.0982,True,True,True,0.8,20
859,109,adaptive_resilience,50,50.0,25,28.0,2.0,28.0,0.15,10,0.0468,75.81,75.0,0.81,452.835,135.0,0.0208,5,1,1,5,19.5,284.0,0.1062,0.114,16,0.013,1,0.987,0.5367,34.6,0.81,0.8928,0.0349,0.0309,0.0112,0.8928,0.013,0.888,0.112,True,True,True,0.8,20
860,110,adaptive_resilience,50,25.0,12,28.0,5.0,30.0,0.25,8,0.0259,207.5,207.5,0.0,1245.0,0.0,0.0049,0,0,0,4,15.6,284.0,0.1062,0.114,16,0.0,0,1.0,0.4533,33.8,0.81,0.8575,0.0154,0.0,0.0,0.8575,0.0,0.9089,0.0911,True,True,True,0.8,20
861,111,adaptive_resilience,500,5.0,25,18.0,5.0,35.0,0.15,10,0.0252,2579.0625,2575.0,4.0625,15464.2188,90.0,0.0,5,1,1,5,19.5,284.0,0.1062,0.114,16,0.0013,1,0.9987,0.5367,34.6,0.81,0.8928,0.0143,0.0045,0.0008,0.8928,0.0013,0.9053,0.0947,True,True,True,0.8,20
862,112,adaptive_resilience,50,10.0,5,18.0,5.0,28.0,0.25,8,0.0,187.5,187.5,0.0,1125.0,0.0,0.0,0,0,0,4,15.6,284.0,0.1062,0.114,16,0.0,0,1.0,0.4533,33.8,0.81,0.8575,0.0,0.0,0.0,0.8575,0.0,0.9142,0.0858,True,True,True,0.8,20
863,113,adaptive_resilience,100,25.0,25,16.0,2.5,35.0,0.35,8,0.0605,263.75,257.5,6.25,1570.0,154.2857,0.0308,5,2,2,5,19.5,284.0,0.1062,0.114,16,0.013,1,0.987,0.5367,34.6,0.81,0.8928,0.045,0.0693,0.0064,0.8928,0.013,0.8765,0.1235,True,True,True,0.8,20
864,114,adaptive_resilience,500,10.0,50,16.0,2.0,35.0,0.25,10,0.0361,1035.0,1030.0,5.0,6197.5,216.0,0.0203,5,2,2,6,23.4,284.0,0.1062,0.114,16,0.0026,1,0.9974,0.62,35.4,0.81,0.9282,0.0257,0.0139,0.0018,0.9282,0.0026,0.8931,0.1069,True,True,True,0.8,20
865,115,adaptive_resilience,500,25.0,125,18.0,5.0,35.0,0.25,10,0.0,2575.0,2575.0,0.0,15450.0,0.0,0.0032,0,0,0,9,35.1,284.0,0.1062,0.114,16,0.0,0,1.0,0.87,37.8,0.81,1.0,0.0008,0.0,0.0,1.0,0.0,0.8993,0.1007,True,True,True,0.8,20
866,116,adaptive_resilience,50,5.0,2,16.0,2.5,30.0,0.25,10,0.0028,103.75,103.75,0.0,622.5,0.0,0.0171,0,0,0,4,15.6,284.0,0.1062,0.114,16,0.0,0,1.0,0.4533,33.8,0.81,0.8575,0.0058,0.0,0.0,0.8575,0.0,0.9099,0.0901,True,True,True,0.8,20
867,117,adaptive_resilience,50,5.0,2,16.0,5.0,28.0,0.15,6,0.0258,187.5,187.5,0.0,1125.0,0.0,0.0049,0,0,0,4,15.6,284.0,0.1062,0.114,16,0.0,0,1.0,0.4533,33.8,0.81,0.8575,0.0154,0.0,0.0,0.8575,0.0,0.9089,0.0911,True,True,True,0.8,20
868,118,adaptive_resilience,500,5.0,25,18.0,2.0,28.0,0.15,8,0.0299,751.17,750.0,1.17,4504.68,90.0,0.0011,5,1,1,5,19.5,284.0,0.1062,0.114,16,0.0013,1,0.9987,0.5367,34.6,0.81,0.8928,0.0171,0.0045,0.0008,0.8928,0.0013,0.9043,0.0957,True,True,True,0.8,20
869,119,adaptive_resilience,100,25.0,25,16.0,5.0,35.0,0.25,8,0.0147,515.0,515.0,0.0,3090.0,0.0,0.0,0,0,0,5,19.5,284.0,0.1062,0.114,16,0.0,0,1.0,0.5367,34.6,0.81,0.8928,0.0081,0.0,0.0,0.8928,0.0,0.9083,0.0917,True,True,True,0.8,20
870,120,adaptive_resilience,500,5.0,25,16.0,5.0,28.0,0.35,6,0.0,1875.0,1875.0,0.0,11250.0,0.0,0.0,0,0,0,5,19.5,284.0,0.1062,0.114,16,0.0,0,1.0,0.5367,34.6,0.81,0.8928,0.0,0.0,0.0,0.8928,0.0,0.9107,0.0893,True,True,True,0.8,20
871,121,adaptive_resilience,50,5.0,2,18.0,2.0,28.0,0.15,10,0.0217,75.0,75.0,0.0,450.0,0.0,0.0117,0,0,0,4,15.6,284.0,0.1062,0.114,16,0.0,0,1.0,0.4533,33.8,0.81,0.8575,0.0149,0.0,0.0,0.8575,0.0,0.908,0.092,True,True,True,0.8,20
872,122,adaptive_resilience,50,10.0,5,16.0,5.0,35.0,0.35,6,0.0,257.5,257.5,0.0,1545.0,0.0,0.0,0,0,0,4,15.6,284.0,0.1062,0.114,16,0.0,0,1.0,0.4533,33.8,0.81,0.8575,0.0,0.0,0.0,0.8575,0.0,0.9142,0.0858,True,True,True,0.8,20
873,123,adaptive_resilience,100,5.0,5,16.0,5.0,28.0,0.15,8,0.025,375.0,375.0,0.0,2250.0,0.0,0.0193,0,0,0,4,15.6,284.0,0.1062,0.114,16,0.0,0,1.0,0.4533,33.8,0.81,0.8575,0.0186,0.0,0.0,0.8575,0.0,0.9058,0.0942,True,True,True,0.8,20
874,124,adaptive_resilience,50,10.0,5,16.0,2.5,28.0,0.15,10,0.0,93.75,93.75,0.0,562.5,0.0,0.0098,0,0,0,4,15.6,284.0,0.1062,0.114,16,0.0,0,1.0,0.4533,33.8,0.81,0.8575,0.0025,0.0,0.0,0.8575,0.0,0.912,0.088,True,True,True,0.8,20
875,125,adaptive_resilience,100,25.0,25,18.0,5.0,35.0,0.35,6,0.0068,515.0,515.0,0.0,3090.0,0.0,0.005,0,0,0,5,19.5,284.0,0.1062,0.114,16,0.0,0,1.0,0.5367,34.6,0.81,0.8928,0.005,0.0,0.0,0.8928,0.0,0.9085,0.0915,True,True,True,0.8,20
876,126,adaptive_resilience,50,5.0,2,28.0,5.0,28.0,0.25,6,0.0,187.5,187.5,0.0,1125.0,0.0,0.0102,0,0,0,4,15.6,284.0,0.1062,0.114,16,0.0,0,1.0,0.4533,33.8,0.81,0.8575,0.0025,0.0,0.0,0.8575,0.0,0.912,0.088,True,True,True,0.8,20
877,127,adaptive_resilience,50,5.0,2,16.0,5.0,30.0,0.25,10,0.02,207.5,207.5,0.0,1245.0,0.0,0.0,0,0,0,4,15.6,284.0,0.1062,0.114,16,0.0,0,1.0,0.4533,33.8,0.81,0.8575,0.011,0.0,0.0,0.8575,0.0,0.911,0.089,True,True,True,0.8,20
878,128,adaptive_resilience,500,5.0,25,16.0,2.5,30.0,0.15,8,0.0077,1037.5,1037.5,0.0,6225.0,0.0,0.0,0,0,0,5,19.5,284.0,0.1062,0.114,16,0.0,0,1.0,0.5367,34.6,0.81,0.8928,0.0043,0.0,0.0,0.8928,0.0,0.9094,0.0906,True,True,True,0.8,20
879,129,adaptive_resilience,100,5.0,5,18.0,5.0,28.0,0.25,6,0.021,375.0,375.0,0.0,2250.0,0.0,0.0096,0,0,0,4,15.6,284.0,0.1062,0.114,16,0.0,0,1.0,0.4533,33.8,0.81,0.8575,0.0139,0.0,0.0,0.8575,0.0,0.9086,0.0914,True,True,True,0.8,20
880,130,adaptive_resilience,500,5.0,25,16.0,2.5,28.0,0.25,8,0.0,937.5,937.5,0.0,5625.0,0.0,0.004,0,0,0,5,19.5,284.0,0.1062,0.114,16,0.0,0,1.0,0.5367,34.6,0.81,0.8928,0.001,0.0,0.0,0.8928,0.0,0.9098,0.0902,True,True,True,0.8,20
881,131,adaptive_resilience,100,50.0,50,16.0,2.5,30.0,0.25,10,0.05,215.0,207.5,7.5,1271.25,324.0,0.0328,5,3,3,6,23.4,284.0,0.1062,0.114,16,0.0195,2,0.9805,0.62,35.4,0.81,0.9282,0.0417,0.1033,0.0135,0.9282,0.0195,0.8651,0.1349,True,True,True,0.8,20
882,132,adaptive_resilience,100,25.0,25,16.0,5.0,30.0,0.35,6,0.0107,415.0,415.0,0.0,2490.0,0.0,0.0029,0,0,0,5,19.5,284.0,0.1062,0.114,16,0.0,0,1.0,0.5367,34.6,0.81,0.8928,0.0066,0.0,0.0,0.8928,0.0,0.9083,0.0917,True,True,True,0.8,20
883,133,adaptive_resilience,500,5.0,25,16.0,2.5,30.0,0.35,6,0.0123,1037.5,1037.5,0.0,6225.0,0.0,0.0,0,0,0,5,19.5,284.0,0.1062,0.114,16,0.0,0,1.0,0.5367,34.6,0.81,0.8928,0.0068,0.0,0.0,0.8928,0.0,0.9087,0.0913,True,True,True,0.8,20
884,134,adaptive_resilience,50,5.0,2,18.0,2.5,28.0,0.35,6,0.0259,93.75,93.75,0.0,562.5,0.0,0.0,0,0,0,4,15.6,284.0,0.1062,0.114,16,0.0,0,1.0,0.4533,33.8,0.81,0.8575,0.0142,0.0,0.0,0.8575,0.0,0.91,0.09,True,True,True,0.8,20
885,135,adaptive_resilience,50,50.0,25,28.0,2.5,35.0,0.35,8,0.0365,130.1562,128.75,1.4062,778.125,57.8571,0.0267,5,1,1,5,19.5,284.0,0.1062,0.114,16,0.013,1,0.987,0.5367,34.6,0.81,0.8928,0.0308,0.0312,0.0048,0.8928,0.013,0.8892,0.1108,True,True,True,0.8,20
886,136,adaptive_resilience,500,50.0,250,18.0,5.0,35.0,0.25,8,0.0739,2648.125,2575.0,73.125,15742.5,972.0,0.0485,5,18,18,14,54.6,284.0,0.1062,0.114,16,0.0234,12,0.9766,1.0,41.8,0.81,1.0,0.06,0.0811,0.0081,1.0,0.0234,0.8549,0.1451,True,True,True,0.8,20
887,137,adaptive_resilience,50,50.0,25,16.0,2.5,30.0,0.25,6,0.0526,106.25,103.75,2.5,633.75,108.0,0.0703,5,1,1,5,19.5,284.0,0.1062,0.114,16,0.013,1,0.987,0.5367,34.6,0.81,0.8928,0.0505,0.0688,0.009,0.8928,0.013,0.8686,0.1314,True,True,True,0.8,20
888,138,adaptive_resilience,50,5.0,2,28.0,2.0,30.0,0.35,6,0.0,83.0,83.0,0.0,498.0,0.0,0.0,0,0,0,4,15.6,284.0,0.1062,0.114,16,0.0,0,1.0,0.4533,33.8,0.81,0.8575,0.0,0.0,0.0,0.8575,0.0,0.9142,0.0858,True,True,True,0.8,20
889,139,adaptive_resilience,500,25.0,125,16.0,5.0,35.0,0.15,8,0.05,2612.5,2575.0,37.5,15600.0,1080.0,0.0314,5,6,6,9,35.1,284.0,0.1062,0.114,16,0.0078,4,0.9922,0.87,37.8,0.81,1.0,0.0377,0.0416,0.009,1.0,0.0078,0.8735,0.1265,True,True,True,0.8,20
890,140,adaptive_resilience,500,50.0,250,18.0,2.5,35.0,0.25,6,0.0441,1309.8438,1287.5,22.3438,7825.5469,594.0,0.0191,5,11,11,14,54.6,284.0,0.1062,0.114,16,0.0143,7,0.9857,1.0,41.8,0.81,1.0,0.0334,0.0496,0.005,1.0,0.0143,0.875,0.125,True,True,True,0.8,20
891,141,adaptive_resilience,100,5.0,5,16.0,2.0,30.0,0.25,8,0.0,166.0,166.0,0.0,996.0,0.0,0.0,0,0,0,4,15.6,284.0,0.1062,0.114,16,0.0,0,1.0,0.4533,33.8,0.81,0.8575,0.0,0.0,0.0,0.8575,0.0,0.9142,0.0858,True,True,True,0.8,20
892,142,adaptive_resilience,100,5.0,5,16.0,5.0,35.0,0.25,6,0.0312,515.0,515.0,0.0,3090.0,0.0,0.0,0,0,0,4,15.6,284.0,0.1062,0.114,16,0.0,0,1.0,0.4533,33.8,0.81,0.8575,0.0171,0.0,0.0,0.8575,0.0,0.9091,0.0909,True,True,True,0.8,20
893,143,adaptive_resilience,100,10.0,10,18.0,2.5,30.0,0.15,10,0.0146,207.5,207.5,0.0,1245.0,0.0,0.0015,0,0,0,4,15.6,284.0,0.1062,0.114,16,0.0,0,1.0,0.4533,33.8,0.81,0.8575,0.0084,0.0,0.0,0.8575,0.0,0.9115,0.0885,True,True,True,0.8,20
894,144,adaptive_resilience,500,50.0,250,18.0,2.0,35.0,0.15,10,0.0382,1046.25,1030.0,16.25,6236.875,900.0,0.0246,5,10,10,14,54.6,284.0,0.1062,0.114,16,0.013,7,0.987,1.0,41.8,0.81,1.0,0.0311,0.0451,0.0075,1.0,0.013,0.8755,0.1245,True,True,True,0.8,20
895,145,adaptive_resilience,100,25.0,25,18.0,2.0,28.0,0.35,8,0.0,150.0,150.0,0.0,900.0,0.0,0.0135,0,0,0,5,19.5,284.0,0.1062,0.114,16,0.0,0,1.0,0.5367,34.6,0.81,0.8928,0.0034,0.0,0.0,0.8928,0.0,0.9077,0.0923,True,True,True,0.8,20
896,146,adaptive_resilience,100,5.0,5,28.0,2.5,28.0,0.25,8,0.0,187.5,187.5,0.0,1125.0,0.0,0.0,0,0,0,4,15.6,284.0,0.1062,0.114,16,0.0,0,1.0,0.4533,33.8,0.81,0.8575,0.0,0.0,0.0,0.8575,0.0,0.9142,0.0858,True,True,True,0.8,20
897,147,adaptive_resilience,100,5.0,5,28.0,2.0,28.0,0.35,6,0.0,150.0,150.0,0.0,900.0,0.0,0.0,0,0,0,4,15.6,284.0,0.1062,0.114,16,0.0,0,1.0,0.4533,33.8,0.81,0.8575,0.0,0.0,0.0,0.8575,0.0,0.9142,0.0858,True,True,True,0.8,20
898,148,adaptive_resilience,500,5.0,25,18.0,2.5,28.0,0.15,6,0.0068,937.5,937.5,0.0,5625.0,0.0,0.0,0,0,0,5,19.5,284.0,0.1062,0.114,16,0.0,0,1.0,0.5367,34.6,0.81,0.8928,0.0037,0.0,0.0,0.8928,0.0,0.9096,0.0904,True,True,True,0.8,20
899,149,adaptive_resilience,500,50.0,250,28.0,2.5,30.0,0.15,10,0.0427,1049.875,1037.5,12.375,6268.3125,1485.0,0.0227,5,11,11,14,54.6,284.0,0.1062,0.114,16,0.0143,7,0.9857,1.0,41.8,0.81,1.0,0.0336,0.0341,0.0124,1.0,0.0143,0.8764,0.1236,True,True,True,0.8,20
900,150,adaptive_resilience,100,50.0,50,28.0,2.5,35.0,0.15,8,0.0494,260.3125,257.5,2.8125,1556.25,270.0,0.0062,5,2,2,6,23.4,284.0,0.1062,0.114,16,0.013,1,0.987,0.62,35.4,0.81,0.9282,0.0327,0.0312,0.0112,0.9282,0.013,0.8872,0.1128,True,True,True,0.8,20
901,151,adaptive_resilience,500,10.0,50,18.0,5.0,35.0,0.25,8,0.0,2575.0,2575.0,0.0,15450.0,0.0,0.0,0,0,0,6,23.4,284.0,0.1062,0.114,16,0.0,0,1.0,0.62,35.4,0.81,0.9282,0.0,0.0,0.0,0.9282,0.0,0.9072,0.0928,True,True,True,0.8,20
902,152,adaptive_resilience,100,10.0,10,18.0,2.0,35.0,0.15,10,0.0,206.0,206.0,0.0,1236.0,0.0,0.0,0,0,0,4,15.6,284.0,0.1062,0.114,16,0.0,0,1.0,0.4533,33.8,0.81,0.8575,0.0,0.0,0.0,0.8575,0.0,0.9142,0.0858,True,True,True,0.8,20
903,153,adaptive_resilience,500,50.0,250,16.0,5.0,28.0,0.35,10,0.0894,1974.0,1875.0,99.0,11596.5,1697.1429,0.0732,5,22,22,14,54.6,284.0,0.1062,0.114,16,0.0286,14,0.9714,1.0,41.8,0.81,1.0,0.0762,0.1509,0.0141,1.0,0.0286,0.831,0.169,True,True,True,0.8,20
904,154,adaptive_resilience,100,25.0,25,16.0,5.0,30.0,0.25,10,0.0169,415.0,415.0,0.0,2490.0,0.0,0.0203,0,0,0,5,19.5,284.0,0.1062,0.114,16,0.0,0,1.0,0.5367,34.6,0.81,0.8928,0.0144,0.0,0.0,0.8928,0.0,0.9034,0.0966,True,True,True,0.8,20
905,155,adaptive_resilience,500,25.0,125,28.0,2.5,35.0,0.35,8,0.0043,1288.9062,1287.5,1.4062,7730.625,57.8571,0.0,5,1,1,9,35.1,284.0,0.1062,0.114,16,0.0013,1,0.9987,0.87,37.8,0.81,1.0,0.0027,0.0031,0.0005,1.0,0.0013,0.8984,0.1016,True,True,True,0.8,20
906,156,adaptive_resilience,100,50.0,50,28.0,2.0,28.0,0.35,10,0.0431,151.62,150.0,1.62,905.67,115.7143,0.0339,5,2,2,6,23.4,284.0,0.1062,0.114,16,0.013,1,0.987,0.62,35.4,0.81,0.9282,0.0362,0.0309,0.0048,0.9282,0.013,0.883,0.117,True,True,True,0.8,20
907,157,adaptive_resilience,500,50.0,250,16.0,5.0,30.0,0.25,10,0.095,2195.0,2075.0,120.0,12870.0,2592.0,0.0963,5,24,24,14,54.6,284.0,0.1062,0.114,16,0.0312,16,0.9688,1.0,41.8,0.81,1.0,0.0859,0.1652,0.0216,1.0,0.0312,0.8204,0.1796,True,True,True,0.8,20
908,158,adaptive_resilience,500,50.0,250,28.0,5.0,28.0,0.35,10,0.013,1881.075,1875.0,6.075,11271.2625,173.5714,0.0043,5,3,3,14,54.6,284.0,0.1062,0.114,16,0.0039,2,0.9961,1.0,41.8,0.81,1.0,0.0094,0.0093,0.0014,1.0,0.0039,0.8941,0.1059,True,True,True,0.8,20
909,159,adaptive_resilience,50,10.0,5,28.0,2.5,30.0,0.25,10,0.0,103.75,103.75,0.0,622.5,0.0,0.0132,0,0,0,4,15.6,284.0,0.1062,0.114,16,0.0,0,1.0,0.4533,33.8,0.81,0.8575,0.0033,0.0,0.0,0.8575,0.0,0.9113,0.0887,True,True,True,0.8,20
910,160,adaptive_resilience,50,10.0,5,18.0,2.5,35.0,0.15,8,0.0,128.75,128.75,0.0,772.5,0.0,0.004,0,0,0,4,15.6,284.0,0.1062,0.114,16,0.0,0,1.0,0.4533,33.8,0.81,0.8575,0.001,0.0,0.0,0.8575,0.0,0.9133,0.0867,True,True,True,0.8,20
911,161,adaptive_resilience,100,10.0,10,16.0,2.0,28.0,0.15,6,0.034,150.0,150.0,0.0,900.0,0.0,0.0,0,0,0,4,15.6,284.0,0.1062,0.114,16,0.0,0,1.0,0.4533,33.8,0.81,0.8575,0.0187,0.0,0.0,0.8575,0.0,0.9086,0.0914,True,True,True,0.8,20
912,162,adaptive_resilience,100,50.0,50,18.0,2.0,28.0,0.15,10,0.031,152.34,150.0,2.34,908.19,180.0,0.0013,5,2,2,6,23.4,284.0,0.1062,0.114,16,0.013,1,0.987,0.62,35.4,0.81,0.9282,0.0214,0.0446,0.0075,0.9282,0.013,0.8892,0.1108,True,True,True,0.8,20
913,163,adaptive_resilience,100,10.0,10,28.0,5.0,30.0,0.15,6,0.0,415.0,415.0,0.0,2490.0,0.0,0.0159,0,0,0,4,15.6,284.0,0.1062,0.114,16,0.0,0,1.0,0.4533,33.8,0.81,0.8575,0.004,0.0,0.0,0.8575,0.0,0.9107,0.0893,True,True,True,0.8,20
914,164,adaptive_resilience,100,25.0,25,16.0,2.5,35.0,0.35,8,0.0575,260.625,257.5,3.125,1557.5,77.1429,0.0246,5,1,1,5,19.5,284.0,0.1062,0.114,16,0.0065,1,0.9935,0.5367,34.6,0.81,0.8928,0.0398,0.0347,0.0032,0.8928,0.0065,0.887,0.113,True,True,True,0.8,20
915,165,adaptive_resilience,500,10.0,50,16.0,5.0,35.0,0.35,6,0.0397,2587.5,2575.0,12.5,15506.25,154.2857,0.0088,5,2,2,6,23.4,284.0,0.1062,0.114,16,0.0026,1,0.9974,0.62,35.4,0.81,0.9282,0.0249,0.0139,0.0013,0.9282,0.0026,0.8952,0.1048,True,True,True,0.8,20
916,166,adaptive_resilience,500,25.0,125,18.0,2.0,35.0,0.15,6,0.0387,1038.125,1030.0,8.125,6216.5625,450.0,0.0051,5,5,5,9,35.1,284.0,0.1062,0.114,16,0.0065,3,0.9935,0.87,37.8,0.81,1.0,0.0246,0.0225,0.0037,1.0,0.0065,0.8861,0.1139,True,True,True,0.8,20
917,167,adaptive_resilience,500,50.0,250,28.0,2.0,30.0,0.15,10,0.0096,831.8,830.0,1.8,4986.3,270.0,0.0,5,2,2,14,54.6,284.0,0.1062,0.114,16,0.0026,1,0.9974,1.0,41.8,0.81,1.0,0.0061,0.0062,0.0022,1.0,0.0026,0.8963,0.1037,True,True,True,0.8,20
918,168,adaptive_resilience,100,50.0,50,18.0,5.0,28.0,0.25,8,0.0467,380.85,375.0,5.85,2273.4,108.0,0.0383,5,2,2,6,23.4,284.0,0.1062,0.114,16,0.013,1,0.987,0.62,35.4,0.81,0.9282,0.0393,0.0446,0.0045,0.9282,0.013,0.8788,0.1212,True,True,True,0.8,20
919,169,adaptive_resilience,50,25.0,12,28.0,2.5,35.0,0.15,8,0.046,130.1562,128.75,1.4062,778.125,135.0,0.0255,5,1,1,4,15.6,284.0,0.1062,0.114,16,0.013,1,0.987,0.4533,33.8,0.81,0.8575,0.0357,0.0312,0.0112,0.8575,0.013,0.8905,0.1095,True,True,True,0.8,20
920,170,adaptive_resilience,50,25.0,12,18.0,2.5,30.0,0.15,10,0.035,103.75,103.75,0.0,622.5,0.0,0.0276,0,0,0,4,15.6,284.0,0.1062,0.114,16,0.0,0,1.0,0.4533,33.8,0.81,0.8575,0.0261,0.0,0.0,0.8575,0.0,0.9023,0.0977,True,True,True,0.8,20
921,171,adaptive_resilience,50,5.0,2,28.0,2.0,30.0,0.35,10,0.0,83.0,83.0,0.0,498.0,0.0,0.0056,0,0,0,4,15.6,284.0,0.1062,0.114,16,0.0,0,1.0,0.4533,33.8,0.81,0.8575,0.0014,0.0,0.0,0.8575,0.0,0.913,0.087,True,True,True,0.8,20
922,172,adaptive_resilience,500,25.0,125,28.0,5.0,28.0,0.25,6,0.0088,1877.025,1875.0,2.025,11259.1125,81.0,0.0184,5,1,1,9,35.1,284.0,0.1062,0.114,16,0.0013,1,0.9987,0.87,37.8,0.81,1.0,0.0098,0.0031,0.0007,1.0,0.0013,0.8935,0.1065,True,True,True,0.8,20
923,173,adaptive_resilience,100,25.0,25,18.0,2.0,30.0,0.15,6,0.0439,167.3,166.0,1.3,1001.85,90.0,0.0007,5,1,1,5,19.5,284.0,0.1062,0.114,16,0.0065,1,0.9935,0.5367,34.6,0.81,0.8928,0.0263,0.0224,0.0037,0.8928,0.0065,0.897,0.103,True,True,True,0.8,20
924,174,adaptive_resilience,100,25.0,25,28.0,2.0,30.0,0.15,8,0.0349,166.9,166.0,0.9,999.6,135.0,0.0255,5,1,1,5,19.5,284.0,0.1062,0.114,16,0.0065,1,0.9935,0.5367,34.6,0.81,0.8928,0.0275,0.0155,0.0056,0.8928,0.0065,0.894,0.106,True,True,True,0.8,20
925,175,adaptive_resilience,100,50.0,50,18.0,2.5,28.0,0.15,10,0.0566,191.8875,187.5,4.3875,1140.3563,270.0,0.037,5,3,3,6,23.4,284.0,0.1062,0.114,16,0.0195,2,0.9805,0.62,35.4,0.81,0.9282,0.0464,0.0669,0.0112,0.9282,0.0195,0.8707,0.1293,True,True,True,0.8,20
926,176,adaptive_resilience,100,50.0,50,28.0,5.0,35.0,0.25,10,0.0281,517.8125,515.0,2.8125,3099.8438,81.0,0.0,5,1,1,6,23.4,284.0,0.1062,0.114,16,0.0065,1,0.9935,0.62,35.4,0.81,0.9282,0.0175,0.0156,0.0034,0.9282,0.0065,0.8977,0.1023,True,True,True,0.8,20
927,177,adaptive_resilience,50,10.0,5,28.0,5.0,28.0,0.15,8,0.0013,187.5,187.5,0.0,1125.0,0.0,0.0053,0,0,0,4,15.6,284.0,0.1062,0.114,16,0.0,0,1.0,0.4533,33.8,0.81,0.8575,0.002,0.0,0.0,0.8575,0.0,0.9129,0.0871,True,True,True,0.8,20
928,178,adaptive_resilience,100,5.0,5,16.0,2.0,35.0,0.35,6,0.0363,206.0,206.0,0.0,1236.0,0.0,0.0169,0,0,0,4,15.6,284.0,0.1062,0.114,16,0.0,0,1.0,0.4533,33.8,0.81,0.8575,0.0242,0.0,0.0,0.8575,0.0,0.9045,0.0955,True,True,True,0.8,20
929,179,adaptive_resilience,50,50.0,25,18.0,2.5,35.0,0.15,8,0.0303,130.7812,128.75,2.0312,780.625,90.0,0.0272,5,1,1,5,19.5,284.0,0.1062,0.114,16,0.013,1,0.987,0.5367,34.6,0.81,0.8928,0.0275,0.0451,0.0075,0.8928,0.013,0.887,0.113,True,True,True,0.8,20
930,180,adaptive_resilience,100,25.0,25,16.0,2.5,30.0,0.15,6,0.028,210.0,207.5,2.5,1256.25,180.0,0.0091,5,1,1,5,19.5,284.0,0.1062,0.114,16,0.0065,1,0.9935,0.5367,34.6,0.81,0.8928,0.0197,0.0344,0.0075,0.8928,0.0065,0.8948,0.1052,True,True,True,0.8,20
931,181,adaptive_resilience,500,10.0,50,16.0,5.0,35.0,0.35,6,0.0213,2581.25,2575.0,6.25,15478.125,77.1429,0.0205,5,1,1,6,23.4,284.0,0.1062,0.114,16,0.0013,1,0.9987,0.62,35.4,0.81,0.9282,0.0173,0.0069,0.0006,0.9282,0.0013,0.8973,0.1027,True,True,True,0.8,20
932,182,adaptive_resilience,100,10.0,10,18.0,2.0,28.0,0.25,10,0.0176,150.0,150.0,0.0,900.0,0.0,0.0063,0,0,0,4,15.6,284.0,0.1062,0.114,16,0.0,0,1.0,0.4533,33.8,0.81,0.8575,0.0113,0.0,0.0,0.8575,0.0,0.9099,0.0901,True,True,True,0.8,20
933,183,adaptive_resilience,50,5.0,2,18.0,5.0,28.0,0.15,6,0.0184,187.5,187.5,0.0,1125.0,0.0,0.0,0,0,0,4,15.6,284.0,0.1062,0.114,16,0.0,0,1.0,0.4533,33.8,0.81,0.8575,0.0101,0.0,0.0,0.8575,0.0,0.9112,0.0888,True,True,True,0.8,20
934,184,adaptive_resilience,100,50.0,50,16.0,5.0,28.0,0.15,6,0.0955,397.5,375.0,22.5,2351.25,900.0,0.108,5,5,5,6,23.4,284.0,0.1062,0.114,16,0.0325,3,0.9675,0.62,35.4,0.81,0.9282,0.0895,0.1714,0.0375,0.9282,0.0325,0.821,0.179,True,True,True,0.8,20
935,185,adaptive_resilience,100,25.0,25,28.0,2.5,28.0,0.25,8,0.0368,188.5125,187.5,1.0125,1129.05,81.0,0.0123,5,1,1,5,19.5,284.0,0.1062,0.114,16,0.0065,1,0.9935,0.5367,34.6,0.81,0.8928,0.0253,0.0154,0.0034,0.8928,0.0065,0.897,0.103,True,True,True,0.8,20
936,186,adaptive_resilience,100,10.0,10,18.0,2.5,28.0,0.15,6,0.0,187.5,187.5,0.0,1125.0,0.0,0.0,0,0,0,4,15.6,284.0,0.1062,0.114,16,0.0,0,1.0,0.4533,33.8,0.81,0.8575,0.0,0.0,0.0,0.8575,0.0,0.9142,0.0858,True,True,True,0.8,20
937,187,adaptive_resilience,500,50.0,250,16.0,5.0,35.0,0.35,8,0.0662,2681.25,2575.0,106.25,15875.0,1311.4286,0.0466,5,17,17,14,54.6,284.0,0.1062,0.114,16,0.0221,11,0.9779,1.0,41.8,0.81,1.0,0.0549,0.1179,0.0109,1.0,0.0221,0.8491,0.1509,True,True,True,0.8,20
938,188,adaptive_resilience,50,25.0,12,28.0,5.0,28.0,0.35,8,0.0112,187.5,187.5,0.0,1125.0,0.0,0.0,0,0,0,4,15.6,284.0,0.1062,0.114,16,0.0,0,1.0,0.4533,33.8,0.81,0.8575,0.0062,0.0,0.0,0.8575,0.0,0.9124,0.0876,True,True,True,0.8,20
939,189,adaptive_resilience,500,25.0,125,16.0,5.0,28.0,0.15,6,0.0243,1888.5,1875.0,13.5,11310.75,540.0,0.0016,5,3,3,9,35.1,284.0,0.1062,0.114,16,0.0039,2,0.9961,0.87,37.8,0.81,1.0,0.015,0.0206,0.0045,1.0,0.0039,0.8901,0.1099,True,True,True,0.8,20
940,190,adaptive_resilience,100,5.0,5,16.0,5.0,35.0,0.25,8,0.0,515.0,515.0,0.0,3090.0,0.0,0.0,0,0,0,4,15.6,284.0,0.1062,0.114,16,0.0,0,1.0,0.4533,33.8,0.81,0.8575,0.0,0.0,0.0,0.8575,0.0,0.9142,0.0858,True,True,True,0.8,20
941,191,adaptive_resilience,100,10.0,10,28.0,5.0,28.0,0.25,6,0.0,375.0,375.0,0.0,2250.0,0.0,0.0,0,0,0,4,15.6,284.0,0.1062,0.114,16,0.0,0,1.0,0.4533,33.8,0.81,0.8575,0.0,0.0,0.0,0.8575,0.0,0.9142,0.0858,True,True,True,0.8,20
942,192,adaptive_resilience,100,50.0,50,16.0,2.5,35.0,0.35,6,0.0647,266.875,257.5,9.375,1587.1875,231.4286,0.0551,5,3,3,6,23.4,284.0,0.1062,0.114,16,0.0195,2,0.9805,0.62,35.4,0.81,0.9282,0.0554,0.104,0.0096,0.9282,0.0195,0.8581,0.1419,True,True,True,0.8,20
943,193,adaptive_resilience,100,5.0,5,16.0,2.5,35.0,0.25,8,0.0337,257.5,257.5,0.0,1545.0,0.0,0.0,0,0,0,4,15.6,284.0,0.1062,0.114,16,0.0,0,1.0,0.4533,33.8,0.81,0.8575,0.0185,0.0,0.0,0.8575,0.0,0.9087,0.0913,True,True,True,0.8,20
944,194,adaptive_resilience,100,25.0,25,28.0,2.5,28.0,0.25,8,0.0297,188.5125,187.5,1.0125,1129.05,81.0,0.0063,5,1,1,5,19.5,284.0,0.1062,0.114,16,0.0065,1,0.9935,0.5367,34.6,0.81,0.8928,0.0199,0.0154,0.0034,0.8928,0.0065,0.8996,0.1004,True,True,True,0.8,20
945,195,adaptive_resilience,50,50.0,25,16.0,2.0,28.0,0.15,6,0.0497,76.8,75.0,1.8,458.1,180.0,0.0485,5,1,1,5,19.5,284.0,0.1062,0.114,16,0.013,1,0.987,0.5367,34.6,0.81,0.8928,0.0435,0.0686,0.015,0.8928,0.013,0.8731,0.1269,True,True,True,0.8,20
946,196,adaptive_resilience,50,50.0,25,18.0,2.5,28.0,0.25,6,0.0361,95.2125,93.75,1.4625,569.0812,54.0,0.0318,5,1,1,5,19.5,284.0,0.1062,0.114,16,0.013,1,0.987,0.5367,34.6,0.81,0.8928,0.0318,0.0446,0.0045,0.8928,0.013,0.8855,0.1145,True,True,True,0.8,20
947,197,adaptive_resilience,100,50.0,50,18.0,5.0,28.0,0.15,6,0.0356,380.85,375.0,5.85,2276.325,180.0,0.0113,5,2,2,6,23.4,284.0,0.1062,0.114,16,0.013,1,0.987,0.62,35.4,0.81,0.9282,0.0264,0.0446,0.0075,0.9282,0.013,0.8862,0.1138,True,True,True,0.8,20
948,198,adaptive_resilience,100,10.0,10,16.0,5.0,30.0,0.35,10,0.0396,415.0,415.0,0.0,2490.0,0.0,0.0114,0,0,0,4,15.6,284.0,0.1062,0.114,16,0.0,0,1.0,0.4533,33.8,0.81,0.8575,0.0246,0.0,0.0,0.8575,0.0,0.9052,0.0948,True,True,True,0.8,20
949,199,adaptive_resilience,500,5.0,25,28.0,2.0,30.0,0.15,10,0.0,830.0,830.0,0.0,4980.0,0.0,0.0,0,0,0,5,19.5,284.0,0.1062,0.114,16,0.0,0,1.0,0.5367,34.6,0.81,0.8928,0.0,0.0,0.0,0.8928,0.0,0.9107,0.0893,True,True,True,0.8,20
950,200,adaptive_resilience,50,25.0,12,16.0,5.0,35.0,0.15,8,0.0341,257.5,257.5,0.0,1545.0,0.0,0.0207,0,0,0,4,15.6,284.0,0.1062,0.114,16,0.0,0,1.0,0.4533,33.8,0.81,0.8575,0.0239,0.0,0.0,0.8575,0.0,0.904,0.096,True,True,True,0.8,20
951,201,adaptive_resilience,50,25.0,12,16.0,2.0,30.0,0.35,6,0.05,85.0,83.0,2.0,507.0,77.1429,0.0232,5,1,1,4,15.6,284.0,0.1062,0.114,16,0.013,1,0.987,0.4533,33.8,0.81,0.8575,0.0373,0.0688,0.0064,0.8575,0.013,0.8836,0.1164,True,True,True,0.8,20
952,202,adaptive_resilience,100,5.0,5,18.0,5.0,35.0,0.25,6,0.0,515.0,515.0,0.0,3090.0,0.0,0.0093,0,0,0,4,15.6,284.0,0.1062,0.114,16,0.0,0,1.0,0.4533,33.8,0.81,0.8575,0.0023,0.0,0.0,0.8575,0.0,0.9122,0.0878,True,True,True,0.8,20
953,203,adaptive_resilience,500,10.0,50,16.0,5.0,30.0,0.25,6,0.0316,2085.0,2075.0,10.0,12495.0,216.0,0.0161,5,2,2,6,23.4,284.0,0.1062,0.114,16,0.0026,1,0.9974,0.62,35.4,0.81,0.9282,0.0222,0.0138,0.0018,0.9282,0.0026,0.8948,0.1052,True,True,True,0.8,20
954,204,adaptive_resilience,500,50.0,250,16.0,2.5,28.0,0.15,8,0.0966,991.5,937.5,54.0,5841.0,4320.0,0.1112,5,24,24,14,54.6,284.0,0.1062,0.114,16,0.0312,16,0.9688,1.0,41.8,0.81,1.0,0.0906,0.1646,0.036,1.0,0.0312,0.8147,0.1853,True,True,True,0.8,20
955,205,adaptive_resilience,50,5.0,2,16.0,2.5,30.0,0.25,6,0.0169,103.75,103.75,0.0,622.5,0.0,0.0199,0,0,0,4,15.6,284.0,0.1062,0.114,16,0.0,0,1.0,0.4533,33.8,0.81,0.8575,0.0143,0.0,0.0,0.8575,0.0,0.907,0.093,True,True,True,0.8,20
956,206,adaptive_resilience,50,5.0,2,18.0,2.5,35.0,0.25,8,0.0295,128.75,128.75,0.0,772.5,0.0,0.0061,0,0,0,4,15.6,284.0,0.1062,0.114,16,0.0,0,1.0,0.4533,33.8,0.81,0.8575,0.0177,0.0,0.0,0.8575,0.0,0.908,0.092,True,True,True,0.8,20
957,207,adaptive_resilience,100,5.0,5,18.0,2.0,30.0,0.25,10,0.0284,166.0,166.0,0.0,996.0,0.0,0.0009,0,0,0,4,15.6,284.0,0.1062,0.114,16,0.0,0,1.0,0.4533,33.8,0.81,0.8575,0.0158,0.0,0.0,0.8575,0.0,0.9094,0.0906,True,True,True,0.8,20
958,208,adaptive_resilience,500,50.0,250,16.0,2.5,35.0,0.15,8,0.0648,1337.5,1287.5,50.0,7925.0,2880.0,0.0618,5,16,16,14,54.6,284.0,0.1062,0.114,16,0.0208,10,0.9792,1.0,41.8,0.81,1.0,0.0575,0.111,0.024,1.0,0.0208,0.8456,0.1544,True,True,True,0.8,20
959,209,adaptive_resilience,50,25.0,12,18.0,2.0,35.0,0.35,10,0.0391,103.0,103.0,0.0,618.0,0.0,0.0299,0,0,0,4,15.6,284.0,0.1062,0.114,16,0.0,0,1.0,0.4533,33.8,0.81,0.8575,0.029,0.0,0.0,0.8575,0.0,0.9011,0.0989,True,True,True,0.8,20
960,210,adaptive_resilience,500,5.0,25,18.0,2.5,28.0,0.25,8,0.0,937.5,937.5,0.0,5625.0,0.0,0.0194,0,0,0,5,19.5,284.0,0.1062,0.114,16,0.0,0,1.0,0.5367,34.6,0.81,0.8928,0.0048,0.0,0.0,0.8928,0.0,0.9064,0.0936,True,True,True,0.8,20
961,211,adaptive_resilience,500,25.0,125,16.0,2.5,30.0,0.35,10,0.0072,1040.0,1037.5,2.5,6233.75,77.1429,0.0,5,1,1,9,35.1,284.0,0.1062,0.114,16,0.0013,1,0.9987,0.87,37.8,0.81,1.0,0.0044,0.0069,0.0006,1.0,0.0013,0.8971,0.1029,True,True,True,0.8,20
962,212,adaptive_resilience,50,5.0,2,28.0,2.5,28.0,0.25,8,0.0133,93.75,93.75,0.0,562.5,0.0,0.0033,0,0,0,4,15.6,284.0,0.1062,0.114,16,0.0,0,1.0,0.4533,33.8,0.81,0.8575,0.0081,0.0,0.0,0.8575,0.0,0.9113,0.0887,True,True,True,0.8,20
963,213,adaptive_resilience,100,25.0,25,18.0,2.0,35.0,0.15,10,0.0,206.0,206.0,0.0,1236.0,0.0,0.0065,0,0,0,5,19.5,284.0,0.1062,0.114,16,0.0,0,1.0,0.5367,34.6,0.81,0.8928,0.0016,0.0,0.0,0.8928,0.0,0.9093,0.0907,True,True,True,0.8,20
964,214,adaptive_resilience,50,10.0,5,18.0,2.0,30.0,0.35,6,0.0,83.0,83.0,0.0,498.0,0.0,0.0035,0,0,0,4,15.6,284.0,0.1062,0.114,16,0.0,0,1.0,0.4533,33.8,0.81,0.8575,0.0009,0.0,0.0,0.8575,0.0,0.9135,0.0865,True,True,True,0.8,20
965,215,adaptive_resilience,100,50.0,50,28.0,2.5,28.0,0.15,8,0.012,188.5125,187.5,1.0125,1129.05,135.0,0.0153,5,1,1,6,23.4,284.0,0.1062,0.114,16,0.0065,1,0.9935,0.62,35.4,0.81,0.9282,0.0124,0.0154,0.0056,0.9282,0.0065,0.8966,0.1034,True,True,True,0.8,20
966,216,adaptive_resilience,500,25.0,125,28.0,2.5,35.0,0.15,6,0.0,1287.5,1287.5,0.0,7725.0,0.0,0.0,0,0,0,9,35.1,284.0,0.1062,0.114,16,0.0,0,1.0,0.87,37.8,0.81,1.0,0.0,0.0,0.0,1.0,0.0,0.9,0.1,True,True,True,0.8,20
967,217,adaptive_resilience,50,50.0,25,18.0,2.5,35.0,0.35,10,0.0508,130.7812,128.75,2.0312,779.6094,38.5714,0.0325,5,1,1,5,19.5,284.0,0.1062,0.114,16,0.013,1,0.987,0.5367,34.6,0.81,0.8928,0.0401,0.0451,0.0032,0.8928,0.013,0.883,0.117,True,True,True,0.8,20
968,218,adaptive_resilience,500,25.0,125,28.0,5.0,35.0,0.25,10,0.0337,2586.25,2575.0,11.25,15489.375,324.0,0.0,5,4,4,9,35.1,284.0,0.1062,0.114,16,0.0052,3,0.9948,0.87,37.8,0.81,1.0,0.0202,0.0125,0.0027,1.0,0.0052,0.8905,0.1095,True,True,True,0.8,20
969,219,adaptive_resilience,50,5.0,2,16.0,2.0,35.0,0.15,6,0.0296,103.0,103.0,0.0,618.0,0.0,0.0,0,0,0,4,15.6,284.0,0.1062,0.114,16,0.0,0,1.0,0.4533,33.8,0.81,0.8575,0.0163,0.0,0.0,0.8575,0.0,0.9094,0.0906,True,True,True,0.8,20
970,220,adaptive_resilience,500,10.0,50,28.0,2.5,35.0,0.35,6,0.0,1287.5,1287.5,0.0,7725.0,0.0,0.0,0,0,0,6,23.4,284.0,0.1062,0.114,16,0.0,0,1.0,0.62,35.4,0.81,0.9282,0.0,0.0,0.0,0.9282,0.0,0.9072,0.0928,True,True,True,0.8,20
971,221,adaptive_resilience,100,10.0,10,18.0,2.0,28.0,0.15,8,0.0347,150.0,150.0,0.0,900.0,0.0,0.0141,0,0,0,4,15.6,284.0,0.1062,0.114,16,0.0,0,1.0,0.4533,33.8,0.81,0.8575,0.0226,0.0,0.0,0.8575,0.0,0.9054,0.0946,True,True,True,0.8,20
972,222,adaptive_resilience,100,50.0,50,18.0,2.5,35.0,0.15,6,0.0267,259.5312,257.5,2.0312,1554.1406,90.0,0.0202,5,1,1,6,23.4,284.0,0.1062,0.114,16,0.0065,1,0.9935,0.62,35.4,0.81,0.9282,0.0218,0.0225,0.0037,0.9282,0.0065,0.8919,0.1081,True,True,True,0.8,20
973,223,adaptive_resilience,100,5.0,5,18.0,2.0,35.0,0.35,6,0.0012,206.0,206.0,0.0,1236.0,0.0,0.0,0,0,0,4,15.6,284.0,0.1062,0.114,16,0.0,0,1.0,0.4533,33.8,0.81,0.8575,0.0006,0.0,0.0,0.8575,0.0,0.9141,0.0859,True,True,True,0.8,20
974,224,adaptive_resilience,100,25.0,25,16.0,2.5,30.0,0.35,8,0.0398,210.0,207.5,2.5,1255.0,77.1429,0.0244,5,1,1,5,19.5,284.0,0.1062,0.114,16,0.0065,1,0.9935,0.5367,34.6,0.81,0.8928,0.03,0.0344,0.0032,0.8928,0.0065,0.89,0.11,True,True,True,0.8,20
975,225,adaptive_resilience,500,50.0,250,16.0,2.0,35.0,0.15,10,0.064,1070.0,1030.0,40.0,6320.0,2880.0,0.0567,5,16,16,14,54.6,284.0,0.1062,0.114,16,0.0208,10,0.9792,1.0,41.8,0.81,1.0,0.0558,0.111,0.024,1.0,0.0208,0.8469,0.1531,True,True,True,0.8,20
976,226,adaptive_resilience,50,25.0,12,28.0,2.5,28.0,0.25,8,0.0256,93.75,93.75,0.0,562.5,0.0,0.0116,0,0,0,4,15.6,284.0,0.1062,0.114,16,0.0,0,1.0,0.4533,33.8,0.81,0.8575,0.017,0.0,0.0,0.8575,0.0,0.9074,0.0926,True,True,True,0.8,20
977,227,adaptive_resilience,100,50.0,50,16.0,2.5,35.0,0.15,6,0.0669,266.875,257.5,9.375,1587.1875,540.0,0.0644,5,3,3,6,23.4,284.0,0.1062,0.114,16,0.0195,2,0.9805,0.62,35.4,0.81,0.9282,0.0589,0.104,0.0225,0.9282,0.0195,0.8537,0.1463,True,True,True,0.8,20
978,228,adaptive_resilience,500,10.0,50,28.0,2.5,35.0,0.35,10,0.0156,1288.9062,1287.5,1.4062,7729.9219,57.8571,0.0,5,1,1,6,23.4,284.0,0.1062,0.114,16,0.0013,1,0.9987,0.62,35.4,0.81,0.9282,0.009,0.0031,0.0005,0.9282,0.0013,0.9037,0.0963,True,True,True,0.8,20
979,229,adaptive_resilience,100,50.0,50,18.0,5.0,35.0,0.25,10,0.0624,527.1875,515.0,12.1875,3132.6562,162.0,0.0526,5,3,3,6,23.4,284.0,0.1062,0.114,16,0.0195,2,0.9805,0.62,35.4,0.81,0.9282,0.0535,0.0676,0.0067,0.9282,0.0195,0.8668,0.1332,True,True,True,0.8,20
980,230,adaptive_resilience,50,10.0,5,18.0,5.0,28.0,0.35,10,0.0095,187.5,187.5,0.0,1125.0,0.0,0.0,0,0,0,4,15.6,284.0,0.1062,0.114,16,0.0,0,1.0,0.4533,33.8,0.81,0.8575,0.0052,0.0,0.0,0.8575,0.0,0.9127,0.0873,True,True,True,0.8,20
981,231,adaptive_resilience,50,50.0,25,16.0,2.5,30.0,0.15,8,0.0513,106.25,103.75,2.5,632.5,180.0,0.0332,5,1,1,5,19.5,284.0,0.1062,0.114,16,0.013,1,0.987,0.5367,34.6,0.81,0.8928,0.0405,0.0688,0.015,0.8928,0.013,0.8763,0.1237,True,True,True,0.8,20
982,232,adaptive_resilience,50,25.0,12,18.0,5.0,28.0,0.15,8,0.046,190.425,187.5,2.925,1136.7,90.0,0.0307,5,1,1,4,15.6,284.0,0.1062,0.114,16,0.013,1,0.987,0.4533,33.8,0.81,0.8575,0.037,0.0446,0.0075,0.8575,0.013,0.8872,0.1128,True,True,True,0.8,20
983,233,adaptive_resilience,50,5.0,2,18.0,2.0,35.0,0.15,8,0.0,103.0,103.0,0.0,618.0,0.0,0.0,0,0,0,4,15.6,284.0,0.1062,0.114,16,0.0,0,1.0,0.4533,33.8,0.81,0.8575,0.0,0.0,0.0,0.8575,0.0,0.9142,0.0858,True,True,True,0.8,20
984,234,adaptive_resilience,100,25.0,25,18.0,5.0,30.0,0.15,6,0.0435,418.25,415.0,3.25,2504.625,90.0,0.0291,5,1,1,5,19.5,284.0,0.1062,0.114,16,0.0065,1,0.9935,0.5367,34.6,0.81,0.8928,0.0332,0.0224,0.0037,0.8928,0.0065,0.8907,0.1093,True,True,True,0.8,20
985,235,adaptive_resilience,500,5.0,25,28.0,2.5,30.0,0.15,6,0.0316,1038.625,1037.5,1.125,6230.0625,135.0,0.0127,5,1,1,5,19.5,284.0,0.1062,0.114,16,0.0013,1,0.9987,0.5367,34.6,0.81,0.8928,0.0209,0.0031,0.0011,0.8928,0.0013,0.9016,0.0984,True,True,True,0.8,20
986,236,adaptive_resilience,500,5.0,25,28.0,5.0,28.0,0.15,6,0.0109,1875.0,1875.0,0.0,11250.0,0.0,0.0153,0,0,0,5,19.5,284.0,0.1062,0.114,16,0.0,0,1.0,0.5367,34.6,0.81,0.8928,0.0098,0.0,0.0,0.8928,0.0,0.9055,0.0945,True,True,True,0.8,20
987,237,adaptive_resilience,100,10.0,10,28.0,5.0,30.0,0.35,8,0.0072,415.0,415.0,0.0,2490.0,0.0,0.0155,0,0,0,4,15.6,284.0,0.1062,0.114,16,0.0,0,1.0,0.4533,33.8,0.81,0.8575,0.0078,0.0,0.0,0.8575,0.0,0.9096,0.0904,True,True,True,0.8,20
988,238,adaptive_resilience,50,25.0,12,18.0,2.0,28.0,0.25,6,0.0545,76.17,75.0,1.17,455.265,54.0,0.0285,5,1,1,4,15.6,284.0,0.1062,0.114,16,0.013,1,0.987,0.4533,33.8,0.81,0.8575,0.0411,0.0446,0.0045,0.8575,0.013,0.8868,0.1132,True,True,True,0.8,20
989,239,adaptive_resilience,50,10.0,5,18.0,2.5,35.0,0.15,8,0.0,128.75,128.75,0.0,772.5,0.0,0.0,0,0,0,4,15.6,284.0,0.1062,0.114,16,0.0,0,1.0,0.4533,33.8,0.81,0.8575,0.0,0.0,0.0,0.8575,0.0,0.9142,0.0858,True,True,True,0.8,20
990,240,adaptive_resilience,100,25.0,25,28.0,2.0,28.0,0.35,10,0.0108,150.0,150.0,0.0,900.0,0.0,0.0,0,0,0,5,19.5,284.0,0.1062,0.114,16,0.0,0,1.0,0.5367,34.6,0.81,0.8928,0.0059,0.0,0.0,0.8928,0.0,0.9089,0.0911,True,True,True,0.8,20
991,241,adaptive_resilience,100,50.0,50,18.0,5.0,35.0,0.25,8,0.0713,531.25,515.0,16.25,3155.0,216.0,0.044,5,4,4,6,23.4,284.0,0.1062,0.114,16,0.026,3,0.974,0.62,35.4,0.81,0.9282,0.0582,0.0902,0.009,0.9282,0.026,0.8611,0.1389,True,True,True,0.8,20
992,242,adaptive_resilience,50,5.0,2,16.0,2.5,30.0,0.15,8,0.0041,103.75,103.75,0.0,622.5,0.0,0.0,0,0,0,4,15.6,284.0,0.1062,0.114,16,0.0,0,1.0,0.4533,33.8,0.81,0.8575,0.0023,0.0,0.0,0.8575,0.0,0.9136,0.0864,True,True,True,0.8,20
993,243,adaptive_resilience,50,10.0,5,28.0,5.0,35.0,0.35,6,0.0298,257.5,257.5,0.0,1545.0,0.0,0.0216,0,0,0,4,15.6,284.0,0.1062,0.114,16,0.0,0,1.0,0.4533,33.8,0.81,0.8575,0.0218,0.0,0.0,0.8575,0.0,0.9045,0.0955,True,True,True,0.8,20
994,244,adaptive_resilience,100,50.0,50,28.0,5.0,30.0,0.35,10,0.0455,419.5,415.0,4.5,2505.75,115.7143,0.0368,5,2,2,6,23.4,284.0,0.1062,0.114,16,0.013,1,0.987,0.62,35.4,0.81,0.9282,0.0382,0.031,0.0048,0.9282,0.013,0.882,0.118,True,True,True,0.8,20
995,245,adaptive_resilience,50,25.0,12,28.0,2.0,35.0,0.25,10,0.015,103.0,103.0,0.0,618.0,0.0,0.0,0,0,0,4,15.6,284.0,0.1062,0.114,16,0.0,0,1.0,0.4533,33.8,0.81,0.8575,0.0082,0.0,0.0,0.8575,0.0,0.9118,0.0882,True,True,True,0.8,20
996,246,adaptive_resilience,500,50.0,250,28.0,5.0,30.0,0.15,8,0.0538,2104.25,2075.0,29.25,12567.0,1755.0,0.0076,5,13,13,14,54.6,284.0,0.1062,0.114,16,0.0169,8,0.9831,1.0,41.8,0.81,1.0,0.0367,0.0403,0.0146,1.0,0.0169,0.8759,0.1241,True,True,True,0.8,20
997,247,adaptive_resilience,500,25.0,125,18.0,5.0,35.0,0.15,10,0.0236,2587.1875,2575.0,12.1875,15492.6562,270.0,0.0093,5,3,3,9,35.1,284.0,0.1062,0.114,16,0.0039,2,0.9961,0.87,37.8,0.81,1.0,0.0165,0.0135,0.0022,1.0,0.0039,0.8902,0.1098,True,True,True,0.8,20
998,248,adaptive_resilience,50,5.0,2,28.0,2.5,35.0,0.25,10,0.0191,128.75,128.75,0.0,772.5,0.0,0.0,0,0,0,4,15.6,284.0,0.1062,0.114,16,0.0,0,1.0,0.4533,33.8,0.81,0.8575,0.0105,0.0,0.0,0.8575,0.0,0.9111,0.0889,True,True,True,0.8,20
999,249,adaptive_resilience,50,25.0,12,16.0,5.0,30.0,0.35,8,0.0171,207.5,207.5,0.0,1245.0,0.0,0.0,0,0,0,4,15.6,284.0,0.1062,0.114,16,0.0,0,1.0,0.4533,33.8,0.81,0.8575,0.0094,0.0,0.0,0.8575,0.0,0.9114,0.0886,True,True,True,0.8,20
1000,250,adaptive_resilience,100,25.0,25,28.0,2.5,28.0,0.15,10,0.0309,188.5125,187.5,1.0125,1128.5438,135.0,0.0246,5,1,1,5,19.5,284.0,0.1062,0.114,16,0.0065,1,0.9935,0.5367,34.6,0.81,0.8928,0.0251,0.0154,0.0056,0.8928,0.0065,0.8949,0.1051,True,True,True,0.8,20
