run_id,security_configuration,security_risk_score,operational_friction_score,power_impact_score,comfort_impact_score,availability_loss_score,pareto_security_risk_score_vs_operational_friction_score,pareto_power_impact_score_vs_comfort_impact_score,pareto_security_risk_score_vs_availability_loss_score,is_pareto_efficient
1,weak_baseline,0.055618387096774205,0.1219276923076923,0.1068355291264993,0.008849557522123894,0.0,False,False,False,False
2,weak_baseline,0.03163338709677419,0.1219276923076923,0.08230953309981055,0.00331858407079646,0.0,False,False,False,False
3,weak_baseline,0.039559354838709676,0.060195000000000005,0.02214733511543953,0.0,0.0,False,False,False,False
4,weak_baseline,0.041119354838709675,0.060195000000000005,0.003488963751062392,0.0,0.0,False,False,False,False
5,weak_baseline,0.024035000000000004,0.060195000000000005,0.003488963751062392,0.0,0.0,False,False,False,False
6,weak_baseline,0.04284435483870968,0.08075756410256413,0.0412607887082161,0.0,0.0,False,False,False,False
7,weak_baseline,0.09880967741935484,0.14249025641025642,0.11866839214342526,0.016592920353982302,0.0,False,False,False,False
8,weak_baseline,0.020680000000000004,0.060195000000000005,0.00652284527372534,0.0,0.0,False,False,False,False
9,weak_baseline,0.2258085483870968,0.20422294871794872,0.2437888837888747,0.03697850774336283,0.0,False,False,False,False
10,weak_baseline,0.07364935483870969,0.060195000000000005,0.007512698990077215,0.00094816703539823,0.0,False,False,False,False
11,weak_baseline,0.1032543548387097,0.060195000000000005,0.004707272355725733,0.004424778761061947,0.0,False,False,False,False
12,weak_baseline,0.3955435483870968,0.20422294871794872,0.18300661234725432,0.10429835619469027,0.0,False,False,False,False
13,weak_baseline,0.1294395161290323,0.08075756410256413,0.007876981230676311,0.003982300884955752,0.0,False,False,False,False
14,weak_baseline,0.7160283870967743,0.08075756410256413,0.019529790563012194,0.04171934292035399,0.0,False,False,False,False
15,weak_baseline,0.043368387096774194,0.1219276923076923,0.24429432299909826,0.00094816703539823,0.0,False,False,False,False
16,weak_baseline,0.009185,0.060195000000000005,0.00652284527372534,0.0,0.0,True,False,False,True
17,weak_baseline,0.02469435483870968,0.08075756410256413,0.02214733511543953,0.0,0.0,False,False,False,False
18,weak_baseline,0.2126285483870968,0.20422294871794872,0.2418389288537099,0.07964601769911504,0.0,False,False,False,False
19,weak_baseline,0.0592633870967742,0.1219276923076923,0.10565574250164905,0.00663716814159292,0.0,False,False,False,False
20,weak_baseline,0.1247466129032258,0.08075756410256413,0.040845167036276345,0.008849557522123894,0.0,False,False,False,False
21,weak_baseline,0.14077967741935485,0.14249025641025642,0.15918001270819498,0.035398230088495575,0.0,False,False,False,False
22,weak_baseline,0.05079161290322581,0.08075756410256413,0.03738155573953779,0.0014222500000000001,0.0,False,False,False,False
23,weak_baseline,0.2697285483870968,0.20422294871794872,0.1286100259025062,0.0752212389380531,0.0,False,False,False,False
24,weak_baseline,0.08710967741935484,0.14249025641025642,0.08351269306705517,0.00568900110619469,0.0,False,False,False,False
25,weak_baseline,0.3082195161290323,0.08075756410256413,0.005785545630868928,0.009481669247787611,0.0,False,False,False,False
26,weak_baseline,0.8919650000000001,0.30712576923076923,0.34150810527842534,0.9557522123893806,0.0,False,False,False,False
27,weak_baseline,0.4675346774193549,0.1013651282051282,0.039369218953885676,0.028445006637168143,0.0,False,False,False,False
28,weak_baseline,0.3160433870967742,0.08075756410256413,0.018866539849494948,0.020859671460176994,0.0,False,False,False,False
29,weak_baseline,0.7341096774193548,0.1013651282051282,0.0884179312493982,0.1902654867256637,0.0,False,False,False,False
30,weak_baseline,0.040290000000000006,0.060195000000000005,0.003488963751062392,0.0,0.0,False,False,False,False
31,weak_baseline,0.06425935483870969,0.060195000000000005,0.004290375611287008,0.001327433628318584,0.0,False,False,False,False
32,weak_baseline,0.91624,0.30712576923076923,0.3532298833338451,0.9911504424778761,0.0,False,False,False,False
33,weak_baseline,0.41687854838709676,0.20422294871794872,0.38819759797688935,0.11188369137168142,0.0,False,False,False,False
34,weak_baseline,0.062685,0.060195000000000005,0.01365246685198327,0.0,0.0,False,False,False,False
35,weak_baseline,0.08264967741935485,0.14249025641025642,0.11806089076035221,0.01327433628318584,0.0,False,False,False,False
36,weak_baseline,0.2708485483870968,0.20422294871794872,0.37150816038538736,0.04513274336283186,0.0,False,False,False,False
37,weak_baseline,0.2869935483870968,0.20422294871794872,0.10301103291025004,0.04911504424778761,0.0,False,False,False,False
38,weak_baseline,0.040850000000000004,0.060195000000000005,0.01607957207011363,0.0,0.0,False,False,False,False
39,weak_baseline,0.18800951612903227,0.08075756410256413,0.009528162067159118,0.0028445011061946903,0.0,False,False,False,False
40,weak_baseline,0.055068387096774196,0.1219276923076923,0.148497389806104,0.00663716814159292,0.0,False,False,False,False
41,weak_baseline,0.028165000000000003,0.060195000000000005,0.0009708420872521437,0.0,0.0,False,False,False,False
42,weak_baseline,0.1376295161290323,0.08075756410256413,0.0032622411117745193,0.00663716814159292,0.0,False,False,False,False
43,weak_baseline,0.041465,0.060195000000000005,0.01607957207011363,0.0,0.0,False,False,False,False
44,weak_baseline,0.03630435483870968,0.08075756410256413,0.03640657827195539,0.0,0.0,False,False,False,False
45,weak_baseline,0.12298967741935485,0.14249025641025642,0.09611112840167892,0.009292035398230088,0.0,False,False,False,False
46,weak_baseline,0.30309951612903224,0.08075756410256413,0.009416326734903484,0.022123893805309734,0.0,False,False,False,False
47,weak_baseline,0.10596661290322582,0.08075756410256413,0.013016034859969114,0.008849557522123894,0.0,False,False,False,False
48,weak_baseline,0.09042661290322582,0.08075756410256413,0.037849119620359695,0.001327433628318584,0.0,False,False,False,False
49,weak_baseline,0.05032435483870968,0.060195000000000005,0.002275411141997212,0.0,0.0,False,False,False,False
50,weak_baseline,0.3196733870967742,0.08075756410256413,0.038899078429560474,0.020859671460176994,0.0,False,False,False,False
51,weak_baseline,0.4159835483870968,0.20422294871794872,0.1701380968056058,0.11188369137168142,0.0,False,False,False,False
52,weak_baseline,0.4476033870967742,0.08075756410256413,0.015224803638628303,0.014222503318584072,0.0,False,False,False,False
53,weak_baseline,0.10987967741935485,0.14249025641025642,0.2523274641357313,0.01327433628318584,0.0,False,False,False,False
54,weak_baseline,0.11203967741935485,0.14249025641025642,0.12064567772391169,0.007964601769911504,0.0,False,False,False,False
55,weak_baseline,0.12388451612903227,0.08075756410256413,0.018272527558507647,0.003982300884955752,0.0,False,False,False,False
56,weak_baseline,0.08506435483870968,0.060195000000000005,0.007500810198739785,0.00094816703539823,0.0,False,False,False,False
57,weak_baseline,0.30204967741935485,0.1013651282051282,0.027176043980916016,0.06637168141592921,0.0,False,False,False,False
58,weak_baseline,0.2851385483870968,0.20422294871794872,0.1827787805355558,0.07964601769911504,0.0,False,False,False,False
59,weak_baseline,0.08748967741935486,0.14249025641025642,0.14991737182685363,0.00568900110619469,0.0,False,False,False,False
60,weak_baseline,0.2978745161290323,0.08075756410256413,0.004438588764320953,0.022123893805309734,0.0,False,False,False,False
61,weak_baseline,0.4390883870967742,0.08075756410256413,0.034776978649601914,0.014222503318584072,0.0,False,False,False,False
62,weak_baseline,0.04165435483870968,0.060195000000000005,0.0,0.0,0.0,False,True,False,True
63,weak_baseline,0.89405,0.30712576923076923,0.26997712152557124,0.5761061946902655,0.0,False,False,False,False
64,weak_baseline,0.2947985483870968,0.20422294871794872,0.3796711109501646,0.05176991150442478,0.0,False,False,False,False
65,weak_baseline,0.44226838709677424,0.08075756410256413,0.015276456200850084,0.01991150442477876,0.0,False,False,False,False
66,weak_baseline,0.09519967741935485,0.14249025641025642,0.11985377713088052,0.00663716814159292,0.0,False,False,False,False
67,weak_baseline,0.0560583870967742,0.1219276923076923,0.09359592810189704,0.00379266703539823,0.0,False,False,False,False
68,weak_baseline,0.43755467741935483,0.1013651282051282,0.03798647319357,0.061946902654867256,0.0,False,False,False,False
69,weak_baseline,0.033948387096774196,0.1219276923076923,0.10516232751676041,0.001991150442477876,0.0,False,False,False,False
70,weak_baseline,0.05572161290322582,0.08075756410256413,0.016880983930338246,0.001327433628318584,0.0,False,False,False,False
71,weak_baseline,0.47072500000000006,0.30712576923076923,0.15510237678115985,0.14364728207964603,0.0,False,False,False,False
72,weak_baseline,0.056993387096774206,0.1219276923076923,0.1068355291264993,0.005309734513274336,0.0,False,False,False,False
73,weak_baseline,0.08596661290322581,0.08075756410256413,0.0168714726631448,0.001327433628318584,0.0,False,False,False,False
74,weak_baseline,0.05070935483870968,0.08075756410256413,0.05339631479886791,0.0,0.0,False,False,False,False
75,weak_baseline,0.0536683870967742,0.1219276923076923,0.0827137470894774,0.00663716814159292,0.0,False,False,False,False
76,weak_baseline,0.06614935483870969,0.060195000000000005,0.00418033663122023,0.0022123893805309734,0.0,False,False,False,False
77,weak_baseline,0.05969161290322581,0.08075756410256413,0.05475045075581888,0.00331858407079646,0.0,False,False,False,False
78,weak_baseline,0.03789435483870968,0.08075756410256413,0.02214733511543953,0.0,0.0,False,False,False,False
79,weak_baseline,0.13388967741935484,0.14249025641025642,0.32746166998437887,0.035398230088495575,0.0,False,False,False,False
80,weak_baseline,0.0458833870967742,0.1219276923076923,0.1478367610259867,0.001991150442477876,0.0,False,False,False,False
81,weak_baseline,0.4195485483870968,0.20422294871794872,0.16936109943949518,0.15663716814159293,0.0,False,False,False,False
82,weak_baseline,0.06889661290322581,0.08075756410256413,0.055399843864120696,0.00094816703539823,0.0,False,False,False,False
83,weak_baseline,0.602015,0.30712576923076923,0.584512862792361,0.18849557522123894,0.0,False,False,False,False
84,weak_baseline,0.19535451612903226,0.08075756410256413,0.010529904574848424,0.00379266703539823,0.0,False,False,False,False
85,weak_baseline,0.31624338709677424,0.08075756410256413,0.02176444446353054,0.02920353982300885,0.0,False,False,False,False
86,weak_baseline,0.21022854838709681,0.20422294871794872,0.24140916648709326,0.07632743362831858,0.0,False,False,False,False
87,weak_baseline,0.08105967741935485,0.14249025641025642,0.30887054098727995,0.007964601769911504,0.0,False,False,False,False
88,weak_baseline,0.07643161290322581,0.08075756410256413,0.011669240203163317,0.00094816703539823,0.0,False,False,False,False
89,weak_baseline,0.2871635483870968,0.20422294871794872,0.30217211057670323,0.050442477876106194,0.0,False,False,False,False
90,weak_baseline,0.12650661290322582,0.08075756410256413,0.01296921015993985,0.008849557522123894,0.0,False,False,False,False
91,weak_baseline,0.15838467741935486,0.14249025641025642,0.26736934828148573,0.02654867256637168,0.0,False,False,False,False
92,weak_baseline,0.38173354838709683,0.20422294871794872,0.16348021365912438,0.1407079646017699,0.0,False,False,False,False
93,weak_baseline,0.10923467741935484,0.14249025641025642,0.12070274532707234,0.007964601769911504,0.0,False,False,False,False
94,weak_baseline,0.04938935483870968,0.08075756410256413,0.01607957207011363,0.0,0.0,False,False,False,False
95,weak_baseline,0.17582451612903224,0.08075756410256413,0.0028942305517912228,0.003982300884955752,0.0,False,False,False,False
96,weak_baseline,0.09812435483870968,0.060195000000000005,0.0033587194393109882,0.004424778761061947,0.0,False,False,False,False
97,weak_baseline,0.10184467741935484,0.14249025641025642,0.11954563298301607,0.00995575221238938,0.0,False,False,False,False
98,weak_baseline,0.01675435483870968,0.08075756410256413,0.009101644567988848,0.0,0.0,False,False,False,False
99,weak_baseline,0.10781935483870969,0.060195000000000005,0.0008666466378510211,0.004424778761061947,0.0,False,False,False,False
100,weak_baseline,0.3267083870967742,0.08075756410256413,0.039100278312498724,0.02920353982300885,0.0,False,False,False,False
101,weak_baseline,0.10391967741935484,0.14249025641025642,0.3151239921538608,0.01327433628318584,0.0,False,False,False,False
102,weak_baseline,0.11729967741935485,0.14249025641025642,0.08595391688743169,0.015486725663716814,0.0,False,False,False,False
103,weak_baseline,0.2937535483870968,0.20422294871794872,0.18521031779513106,0.050442477876106194,0.0,False,False,False,False
104,weak_baseline,0.623255,0.30712576923076923,0.4319355891955702,0.19646017699115045,0.0,False,False,False,False
105,weak_baseline,0.07015,0.060195000000000005,0.02214733511543953,0.0,0.0,False,False,False,False
106,weak_baseline,0.06511935483870969,0.08075756410256413,0.05644208631052626,0.002654867256637168,0.0,False,False,False,False
107,weak_baseline,0.45990000000000003,0.30712576923076923,0.13504374065462255,0.19712389380530973,0.0,False,False,False,False
108,weak_baseline,0.07451935483870968,0.060195000000000005,0.017663373256175972,0.001327433628318584,0.0,False,False,False,False
109,weak_baseline,0.040988387096774194,0.1219276923076923,0.11760585048274816,0.001327433628318584,0.0,False,False,False,False
110,weak_baseline,0.030263387096774196,0.1219276923076923,0.11734609277118044,0.00331858407079646,0.0,False,False,False,False
111,weak_baseline,0.7706446774193549,0.1013651282051282,0.09304146121223253,0.20353982300884957,0.0,False,False,False,False
112,weak_baseline,0.9201800000000001,0.30712576923076923,1.0,1.0,0.0,False,False,False,False
113,weak_baseline,0.7341933870967743,0.08075756410256413,0.022670609379487915,0.09734513274336283,0.0,False,False,False,False
114,weak_baseline,0.2355235483870968,0.20422294871794872,0.1325124089335733,0.05774336283185841,0.0,False,False,False,False
115,weak_baseline,0.12303467741935485,0.14249025641025642,0.31741286040553446,0.00663716814159292,0.0,False,False,False,False
116,weak_baseline,0.4639396774193548,0.1013651282051282,0.034776978649601914,0.03982300884955752,0.0,False,False,False,False
117,weak_baseline,0.90657,0.30712576923076923,0.7787663078649062,0.584070796460177,0.0,False,False,False,False
118,weak_baseline,0.44945967741935483,0.1013651282051282,0.07824027737568037,0.027496839601769914,0.0,False,False,False,False
119,weak_baseline,0.03294435483870968,0.08075756410256413,0.02214733511543953,0.0,0.0,False,False,False,False
120,weak_baseline,0.09678967741935485,0.14249025641025642,0.11990133346684774,0.00474083407079646,0.0,False,False,False,False
121,weak_baseline,0.02339935483870968,0.08075756410256413,0.015897539178753854,0.0,0.0,False,False,False,False
122,weak_baseline,0.028435000000000005,0.060195000000000005,0.00652284527372534,0.0,0.0,False,False,False,False
123,weak_baseline,0.42676967741935484,0.1013651282051282,0.08507459095512884,0.02654867256637168,0.0,False,False,False,False
124,weak_baseline,0.41214854838709675,0.20422294871794872,0.1474737830903758,0.25663716814159293,0.0,False,False,False,False
125,weak_baseline,0.7176983870967741,0.08075756410256413,0.02610819368290029,0.09734513274336283,0.0,False,False,False,False
126,weak_baseline,0.2065583870967742,0.08075756410256413,0.02150742220032617,0.009292035398230088,0.0,False,False,False,False
127,weak_baseline,0.10398935483870968,0.060195000000000005,0.008027440131105587,0.00189633407079646,0.0,False,False,False,False
128,weak_baseline,0.0796293548387097,0.060195000000000005,0.0042713530769001185,0.001327433628318584,0.0,False,False,False,False
129,weak_baseline,0.16104838709677421,0.08075756410256413,0.011441590490186605,0.011946902654867256,0.0,False,False,False,False
130,weak_baseline,0.32743467741935484,0.1013651282051282,0.028140827256280712,0.07300884955752213,0.0,False,False,False,False
131,weak_baseline,0.0850093548387097,0.060195000000000005,0.007500810198739785,0.001327433628318584,0.0,False,False,False,False
132,weak_baseline,0.63652,0.30712576923076923,0.6079246591516492,0.1441213650442478,0.0,False,False,False,False
133,weak_baseline,0.6192350000000001,0.30712576923076923,0.4783256087190732,0.3252212389380531,0.0,False,False,False,False
134,weak_baseline,0.07738967741935485,0.14249025641025642,0.3075493298181546,0.00995575221238938,0.0,False,False,False,False
135,weak_baseline,0.2263485483870968,0.20422294871794872,0.10360741164808764,0.05376106194690265,0.0,False,False,False,False
136,weak_baseline,0.14896951612903228,0.08075756410256413,0.00373787792867956,0.005973451327433628,0.0,False,False,False,False
137,weak_baseline,0.3357533870967742,0.08075756410256413,0.01962783091228012,0.05309734513274336,0.0,False,False,False,False
138,weak_baseline,0.3023683870967742,0.08075756410256413,0.02176444446353054,0.020859671460176994,0.0,False,False,False,False
139,weak_baseline,0.22665354838709678,0.20422294871794872,0.2712189431621581,0.08628318584070796,0.0,False,False,False,False
140,weak_baseline,0.23647854838709678,0.20422294871794872,0.2454038963749821,0.03840075884955752,0.0,False,False,False,False
141,weak_baseline,0.7706996774193549,0.1013651282051282,0.04993666119974161,0.12212389380530973,0.0,False,False,False,False
142,weak_baseline,0.07709435483870969,0.060195000000000005,0.007512698990077215,0.00094816703539823,0.0,False,False,False,False
143,weak_baseline,0.10741967741935485,0.14249025641025642,0.09537869074844216,0.00568900110619469,0.0,False,False,False,False
144,weak_baseline,0.2940895161290323,0.08075756410256413,0.007757799862982248,0.01327433628318584,0.0,False,False,False,False
145,weak_baseline,0.4209635483870968,0.20422294871794872,0.16936109943949518,0.2610619469026549,0.0,False,False,False,False
146,weak_baseline,0.05593435483870968,0.060195000000000005,0.01365246685198327,0.0,0.0,False,False,False,False
147,weak_baseline,0.1178343548387097,0.060195000000000005,0.004601623191286699,0.004424778761061947,0.0,False,False,False,False
148,weak_baseline,0.041690000000000005,0.060195000000000005,0.0033979473053825033,0.0,0.0,False,False,False,False
149,weak_baseline,0.08941435483870969,0.060195000000000005,0.004616255910045845,0.002654867256637168,0.0,False,False,False,False
150,weak_baseline,0.2804433870967742,0.08075756410256413,0.02363929157170542,0.01991150442477876,0.0,False,False,False,False
151,weak_baseline,0.0631233870967742,0.1219276923076923,0.11745905281740013,0.004424778761061947,0.0,False,False,False,False
152,weak_baseline,0.2941985483870968,0.20422294871794872,0.10388429338142302,0.05176991150442478,0.0,False,False,False,False
153,weak_baseline,0.2838483870967742,0.08075756410256413,0.003947319879109226,0.01991150442477876,0.0,False,False,False,False
154,weak_baseline,0.20065338709677424,0.08075756410256413,0.0522142392699443,0.009292035398230088,0.0,False,False,False,False
155,weak_baseline,0.0425683870967742,0.1219276923076923,0.3047422882232459,0.00331858407079646,0.0,False,False,False,False
156,weak_baseline,0.19217338709677423,0.08075756410256413,0.029076487329399374,0.015486725663716814,0.0,False,False,False,False
157,weak_baseline,0.3282933870967742,0.08075756410256413,0.026652166419748588,0.05309734513274336,0.0,False,False,False,False
158,weak_baseline,0.3126495161290323,0.08075756410256413,0.009416326734903484,0.009481669247787611,0.0,False,False,False,False
159,weak_baseline,0.1421383870967742,0.08075756410256413,0.04134072812084192,0.00995575221238938,0.0,False,False,False,False
160,weak_baseline,0.14068467741935486,0.14249025641025642,0.11333537891038195,0.035398230088495575,0.0,False,False,False,False
161,weak_baseline,0.13504451612903226,0.08075756410256413,0.007909903677266888,0.0028445011061946903,0.0,False,False,False,False
162,weak_baseline,0.3240295161290323,0.08075756410256413,0.01576990519939399,0.01592920353982301,0.0,False,False,False,False
163,weak_baseline,0.061299354838709685,0.060195000000000005,0.002275411141997212,0.0,0.0,False,False,False,False
164,weak_baseline,0.06748935483870967,0.060195000000000005,0.004280864344093563,0.0022123893805309734,0.0,False,False,False,False
165,weak_baseline,0.0734183870967742,0.1219276923076923,0.11836015681256963,0.008849557522123894,0.0,False,False,False,False
166,weak_baseline,0.6001200000000001,0.30712576923076923,0.22633894423980538,0.18584070796460178,0.0,False,False,False,False
167,weak_baseline,0.7517446774193549,0.1013651282051282,0.1874102613118355,0.08343868473451328,0.0,False,False,False,False
168,weak_baseline,0.05998435483870969,0.060195000000000005,0.0005633203146031641,0.0022123893805309734,0.0,False,False,False,False
169,weak_baseline,0.19679451612903226,0.08075756410256413,0.0022806737079297756,0.005309734513274336,0.0,False,False,False,False
170,weak_baseline,0.05117161290322581,0.08075756410256413,0.04234409700552988,0.00331858407079646,0.0,False,False,False,False
171,weak_baseline,0.03978435483870968,0.08075756410256413,0.02214733511543953,0.0,0.0,False,False,False,False
172,weak_baseline,0.3323283870967742,0.08075756410256413,0.022739091347261216,0.05309734513274336,0.0,False,False,False,False
173,weak_baseline,0.4033835483870968,0.20422294871794872,0.13103700405192556,0.1486725663716814,0.0,False,False,False,False
174,weak_baseline,0.12586338709677422,0.08075756410256413,0.012797693133208346,0.01327433628318584,0.0,False,False,False,False
175,weak_baseline,0.09365467741935485,0.14249025641025642,0.3132869096791846,0.011061946902654867,0.0,False,False,False,False
176,weak_baseline,0.06507935483870968,0.060195000000000005,0.014651149323955486,0.00331858407079646,0.0,False,False,False,False
177,weak_baseline,0.30172967741935486,0.1013651282051282,0.07912488627476134,0.02702275553097345,0.0,False,False,False,False
178,weak_baseline,0.06472161290322581,0.08075756410256413,0.016880983930338246,0.00094816703539823,0.0,False,False,False,False
179,weak_baseline,0.11133951612903227,0.08075756410256413,0.00459861094214263,0.003982300884955752,0.0,False,False,False,False
180,weak_baseline,0.021799354838709675,0.08075756410256413,0.05339631479886791,0.0,0.0,False,False,False,False
181,weak_baseline,0.054908387096774196,0.1219276923076923,0.2212560712047482,0.002654867256637168,0.0,False,False,False,False
182,weak_baseline,0.7329633870967742,0.08075756410256413,0.06189748759665158,0.04171934292035399,0.0,False,False,False,False
183,weak_baseline,0.610515,0.30712576923076923,0.5830923356679737,0.3163716814159292,0.0,False,False,False,False
184,weak_baseline,0.4528246774193549,0.1013651282051282,0.07724730108068475,0.027496839601769914,0.0,False,False,False,False
185,weak_baseline,0.4450183870967742,0.08075756410256413,0.05184360735410848,0.014222503318584072,0.0,False,False,False,False
186,weak_baseline,0.10326967741935486,0.14249025641025642,0.3132869096791846,0.00474083407079646,0.0,False,False,False,False
187,weak_baseline,0.13896451612903227,0.08075756410256413,0.019369005302704655,0.00995575221238938,0.0,False,False,False,False
188,weak_baseline,0.0246533870967742,0.1219276923076923,0.14714325384915303,0.0,0.0,False,False,False,False
189,weak_baseline,0.17808451612903228,0.08075756410256413,0.0017310496180851721,0.00663716814159292,0.0,False,False,False,False
190,weak_baseline,0.017985,0.060195000000000005,0.01365246685198327,0.0,0.0,False,False,False,False
191,weak_baseline,0.08859467741935484,0.14249025641025642,0.09381617747281508,0.00995575221238938,0.0,False,False,False,False
192,weak_baseline,0.1360883870967742,0.08075756410256413,0.01863873353924637,0.016592920353982302,0.0,False,False,False,False
193,weak_baseline,0.0860716129032258,0.08075756410256413,0.04282556735989156,0.001327433628318584,0.0,False,False,False,False
194,weak_baseline,0.8903050000000001,0.30712576923076923,0.6978070561783952,0.5734513274336284,0.0,False,False,False,False
195,weak_baseline,0.033109354838709686,0.08075756410256413,0.011043328742493135,0.0,0.0,False,False,False,False
196,weak_baseline,0.12028467741935485,0.14249025641025642,0.09611112840167892,0.009292035398230088,0.0,False,False,False,False
197,weak_baseline,0.30413338709677423,0.08075756410256413,0.020789797579799867,0.04424778761061947,0.0,False,False,False,False
198,weak_baseline,0.4039085483870968,0.20422294871794872,0.14784534633248647,0.15132743362831858,0.0,False,False,False,False
199,weak_baseline,0.6051200000000001,0.30712576923076923,0.16134296547094573,0.31194690265486724,0.0,False,False,False,False
200,weak_baseline,0.8895200000000001,0.30712576923076923,0.3021469488702465,0.9557522123893806,0.0,False,False,False,False
201,weak_baseline,0.8889500000000001,0.30712576923076923,0.4784962345189464,0.4077117577433628,0.0,False,False,False,False
202,weak_baseline,0.05989935483870967,0.060195000000000005,0.004189847898413675,0.001327433628318584,0.0,False,False,False,False
203,weak_baseline,0.0461733870967742,0.1219276923076923,0.11644251303782317,0.0014222500000000001,0.0,False,False,False,False
204,weak_baseline,0.0662333870967742,0.1219276923076923,0.117478075351787,0.002654867256637168,0.0,False,False,False,False
205,weak_baseline,0.3163495161290323,0.08075756410256413,0.00948949032869921,0.009481669247787611,0.0,False,False,False,False
206,weak_baseline,0.4090085483870968,0.20422294871794872,0.23653149979728333,0.15398230088495576,0.0,False,False,False,False
207,weak_baseline,0.45074000000000003,0.30712576923076923,0.3112014867907992,0.31194690265486724,0.0,False,False,False,False
208,weak_baseline,0.02815935483870968,0.08075756410256413,0.009101644567988848,0.0,0.0,False,False,False,False
209,weak_baseline,0.44757967741935484,0.1013651282051282,0.07679773602727606,0.03716814159292035,0.0,False,False,False,False
210,weak_baseline,0.2949085483870968,0.20422294871794872,0.147258089311059,0.050442477876106194,0.0,False,False,False,False
211,weak_baseline,0.33632338709677423,0.08075756410256413,0.07050019522013631,0.03185840707964602,0.0,False,False,False,False
212,weak_baseline,0.7166533870967742,0.08075756410256413,0.06189748759665158,0.04171934292035399,0.0,False,False,False,False
213,weak_baseline,0.1879333870967742,0.08075756410256413,0.06725457517691341,0.009292035398230088,0.0,False,False,False,False
214,weak_baseline,0.032489354838709676,0.08075756410256413,0.0412607887082161,0.0,0.0,False,False,False,False
215,weak_baseline,0.034405000000000005,0.060195000000000005,0.003488963751062392,0.0,0.0,False,False,False,False
216,weak_baseline,0.03617435483870968,0.060195000000000005,0.002275411141997212,0.0,0.0,False,False,False,False
217,weak_baseline,0.21242338709677422,0.08075756410256413,0.021374264459617945,0.015486725663716814,0.0,False,False,False,False
218,weak_baseline,0.7473296774193549,0.1013651282051282,0.06885927815853847,0.1168141592920354,0.0,False,False,False,False
219,weak_baseline,0.047885,0.060195000000000005,0.0009708420872521437,0.0,0.0,False,False,False,False
220,weak_baseline,0.1519933870967742,0.08075756410256413,0.01863873353924637,0.00995575221238938,0.0,False,False,False,False
221,weak_baseline,0.047135,0.060195000000000005,0.002275411141997212,0.0,0.0,False,False,False,False
222,weak_baseline,0.2260585483870968,0.20422294871794872,0.243110218876165,0.03555625774336283,0.0,False,False,False,False
223,weak_baseline,0.0773793548387097,0.060195000000000005,0.0005633203146031641,0.0022123893805309734,0.0,False,False,False,False
224,weak_baseline,0.04602435483870968,0.08075756410256413,0.0412607887082161,0.0,0.0,False,False,False,False
225,weak_baseline,0.0680833870967742,0.1219276923076923,0.15018902536081138,0.00379266703539823,0.0,False,False,False,False
226,weak_baseline,0.05256435483870968,0.08075756410256413,0.03640657827195539,0.0,0.0,False,False,False,False
227,weak_baseline,0.1079243548387097,0.060195000000000005,0.015845422340377287,0.004424778761061947,0.0,False,False,False,False
228,weak_baseline,0.13956451612903226,0.08075756410256413,0.008603456074592255,0.005973451327433628,0.0,False,False,False,False
229,weak_baseline,0.3844985483870968,0.20422294871794872,0.22688678129030604,0.10050568915929203,0.0,False,False,False,False
230,weak_baseline,0.14392467741935483,0.14249025641025642,0.32746166998437887,0.0151706703539823,0.0,False,False,False,False
231,weak_baseline,0.05908000000000001,0.060195000000000005,0.02214733511543953,0.0,0.0,False,False,False,False
232,weak_baseline,0.05050435483870968,0.08075756410256413,0.0412607887082161,0.0,0.0,False,False,False,False
233,weak_baseline,0.5967250000000002,0.30712576923076923,0.22596845659705755,0.3075221238938053,0.0,False,False,False,False
234,weak_baseline,0.07244661290322581,0.08075756410256413,0.011669240203163317,0.00094816703539823,0.0,False,False,False,False
235,weak_baseline,0.7416646774193549,0.1013651282051282,0.1874102613118355,0.19469026548672566,0.0,False,False,False,False
236,weak_baseline,0.7757196774193549,0.1013651282051282,0.04993666119974161,0.12212389380530973,0.0,False,False,False,False
237,weak_baseline,0.0986966129032258,0.08075756410256413,0.05948785782218462,0.005309734513274336,0.0,False,False,False,False
238,weak_baseline,0.63126,0.30712576923076923,0.21228820312480803,0.334070796460177,0.0,False,False,False,False
239,weak_baseline,0.05193435483870967,0.060195000000000005,0.0,0.0,0.0,False,True,False,True
240,weak_baseline,0.5941500000000001,0.30712576923076923,0.1602163248417394,0.18451327433628317,0.0,False,False,False,False
241,weak_baseline,0.4521446774193549,0.1013651282051282,0.03456931698915451,0.027496839601769914,0.0,False,False,False,False
242,weak_baseline,0.04748935483870968,0.08075756410256413,0.02214733511543953,0.0,0.0,False,False,False,False
243,weak_baseline,0.0703983870967742,0.1219276923076923,0.11927032126936851,0.005309734513274336,0.0,False,False,False,False
244,weak_baseline,0.03145935483870968,0.060195000000000005,0.00652284527372534,0.0,0.0,False,False,False,False
245,weak_baseline,0.29405467741935487,0.1013651282051282,0.026314077748625424,0.02702275553097345,0.0,False,False,False,False
246,weak_baseline,0.0714216129032258,0.08075756410256413,0.04282556735989156,0.00094816703539823,0.0,False,False,False,False
247,weak_baseline,0.46183,0.30712576923076923,0.16988654519089857,0.3252212389380531,0.0,False,False,False,False
248,weak_baseline,0.1436833870967742,0.08075756410256413,0.04128146560986738,0.00711125110619469,0.0,False,False,False,False
249,weak_baseline,0.08763967741935486,0.14249025641025642,0.2471491105773569,0.01327433628318584,0.0,False,False,False,False
250,weak_baseline,0.03763661290322581,0.08075756410256413,0.016452362774293974,0.0014222500000000001,0.0,False,False,False,False
251,network_focused,0.35892967741935483,0.3875655494505495,0.08026568803983569,0.05309734513274336,0.19999999999999996,False,False,False,False
252,network_focused,0.008189354838709677,0.3351503663003663,0.03640657827195539,0.0,0.0,False,False,False,False
253,network_focused,0.360705,0.610681282051282,0.2032420840648762,0.0743362831858407,0.11199999999999999,False,False,False,False
254,network_focused,0.14475354838709678,0.47966582417582415,0.08586212099100884,0.01991150442477876,0.020000000000000018,False,False,False,False
255,network_focused,0.0647583870967742,0.3613804578754579,0.0561704327765685,0.003982300884955752,0.020000000000000018,False,False,False,False
256,network_focused,0.16896354838709676,0.47966582417582415,0.32943403713828623,0.01232616924778761,0.026000000000000023,False,False,False,False
257,network_focused,0.030681612903225807,0.3351503663003663,0.02214733511543953,0.0,0.0,False,False,False,False
258,network_focused,0.36348467741935486,0.3875655494505495,0.09304432429196055,0.03982300884955752,0.20999999999999996,False,False,False,False
259,network_focused,0.08710967741935484,0.40106554945054945,0.31571756550051977,0.017699115044247787,0.008000000000000007,False,False,False,False
260,network_focused,0.055423387096774204,0.3613804578754579,0.01699401692295086,0.00663716814159292,0.020000000000000018,False,False,False,False
261,network_focused,0.1454633870967742,0.30896527472527474,0.009949316199403898,0.016592920353982302,0.09999999999999998,False,False,False,False
262,network_focused,0.03707935483870968,0.3351503663003663,0.03640657827195539,0.0,0.0,False,False,False,False
263,network_focused,0.024144354838709678,0.28278018315018316,0.0009708420872521437,0.0,0.0,False,False,False,False
264,network_focused,0.038499354838709685,0.3351503663003663,0.05339631479886791,0.0,0.0,False,False,False,False
265,network_focused,0.3708496774193548,0.3875655494505495,0.04135676567410175,0.09292035398230089,0.20999999999999996,False,False,False,False
266,network_focused,0.31336,0.610681282051282,0.25988632836237924,0.13938053097345132,0.08399999999999996,False,False,False,False
267,network_focused,0.08309467741935483,0.40106554945054945,0.2523399289002695,0.010619469026548672,0.008000000000000007,False,False,False,False
268,network_focused,0.024213387096774196,0.3748804578754579,0.11680443862252354,0.0,0.0,False,False,False,False
269,network_focused,0.08338838709677421,0.3613804578754579,0.0593355692466017,0.0028445011061946903,0.030000000000000027,False,False,False,False
270,network_focused,0.07614967741935484,0.40106554945054945,0.09451204411059114,0.007964601769911504,0.006000000000000005,False,False,False,False
271,network_focused,0.14677354838709677,0.47966582417582415,0.2538069937238383,0.01991150442477876,0.020000000000000018,False,False,False,False
272,network_focused,0.3340083870967742,0.30896527472527474,0.05260505023202307,0.02654867256637168,0.19999999999999996,False,False,False,False
273,network_focused,0.05445661290322581,0.3351503663003663,0.03857319486658294,0.00189633407079646,0.010000000000000009,False,False,False,False
274,network_focused,0.023155000000000002,0.28278018315018316,0.01365246685198327,0.0,0.0,False,False,False,False
275,network_focused,0.474615,0.610681282051282,0.21820672446758133,0.16118836946902654,0.17000000000000004,False,False,False,False
276,network_focused,0.019884354838709678,0.3351503663003663,0.0412607887082161,0.0,0.0,False,False,False,False
277,network_focused,0.15514354838709676,0.47966582417582415,0.12290749817346486,0.03650442477876106,0.02200000000000002,False,False,False,False
278,network_focused,0.2175133870967742,0.30896527472527474,0.008874672586246597,0.015486725663716814,0.14,False,False,False,False
279,network_focused,0.03479935483870968,0.3351503663003663,0.009101644567988848,0.0,0.0,False,False,False,False
280,network_focused,0.10892838709677422,0.3613804578754579,0.019247174442238318,0.008849557522123894,0.040000000000000036,False,False,False,False
281,network_focused,0.054934677419354844,0.40106554945054945,0.08230953309981055,0.0014222500000000001,0.0020000000000000018,False,False,False,False
282,network_focused,0.024750000000000005,0.28278018315018316,0.00652284527372534,0.0,0.0,False,False,False,False
283,network_focused,0.05017435483870968,0.28278018315018316,0.0009708420872521437,0.0,0.0,False,False,False,False
284,network_focused,0.000165,0.28278018315018316,0.01365246685198327,0.0,0.0,False,False,False,False
285,network_focused,0.1460183870967742,0.30896527472527474,0.018527354189895266,0.016592920353982302,0.09999999999999998,False,False,False,False
286,network_focused,0.06395435483870968,0.28278018315018316,0.01607957207011363,0.0,0.0,False,False,False,False
287,network_focused,0.13980338709677423,0.3613804578754579,0.021989082202070562,0.009481669247787611,0.050000000000000044,False,False,False,False
288,network_focused,0.007204354838709678,0.28278018315018316,0.00652284527372534,0.0,0.0,False,False,False,False
289,network_focused,0.28587500000000005,0.610681282051282,0.2788942873715372,0.0657079646017699,0.06599999999999995,False,False,False,False
290,network_focused,0.48999000000000004,0.610681282051282,0.2843079760799047,0.3938053097345133,0.17800000000000005,False,False,False,False
291,network_focused,0.34302,0.610681282051282,0.2902628097436357,0.06769911504424779,0.10199999999999998,False,False,False,False
292,network_focused,0.0436833870967742,0.3748804578754579,0.11668617475875583,0.00094816703539823,0.0020000000000000018,False,False,False,False
293,network_focused,0.02716435483870968,0.3351503663003663,0.05339631479886791,0.0,0.0,False,False,False,False
294,network_focused,0.1656833870967742,0.3613804578754579,0.022062245795866287,0.022123893805309734,0.050000000000000044,False,False,False,False
295,network_focused,0.028804354838709675,0.28278018315018316,0.01607957207011363,0.0,0.0,False,False,False,False
296,network_focused,0.08994838709677419,0.3613804578754579,0.04601219226640314,0.003982300884955752,0.030000000000000027,False,False,False,False
297,network_focused,0.1528533870967742,0.3613804578754579,0.022171115093430338,0.022123893805309734,0.050000000000000044,False,False,False,False
298,network_focused,0.011550000000000001,0.28278018315018316,0.02214733511543953,0.0,0.0,False,False,False,False
299,network_focused,0.043881612903225814,0.3351503663003663,0.011669240203163317,0.00094816703539823,0.010000000000000009,False,False,False,False
300,network_focused,0.14733467741935485,0.3875655494505495,0.049927255086726324,0.01592920353982301,0.07999999999999996,False,False,False,False
301,network_focused,0.04438435483870968,0.28278018315018316,0.002275411141997212,0.0,0.0,False,False,False,False
302,network_focused,0.0302533870967742,0.3748804578754579,0.08191480111189964,0.0,0.0,False,False,False,False
303,network_focused,0.03583935483870968,0.28278018315018316,0.01607957207011363,0.0,0.0,False,False,False,False
304,network_focused,0.298205,0.610681282051282,0.0973093486404256,0.055467762168141595,0.07799999999999996,False,False,False,False
305,network_focused,0.1548285483870968,0.47966582417582415,0.12192490175880821,0.01564475331858407,0.02200000000000002,False,False,False,False
306,network_focused,0.025905000000000004,0.28278018315018316,0.0,0.0,0.0,False,True,False,True
307,network_focused,0.1077233870967742,0.3613804578754579,0.01848380765078748,0.003982300884955752,0.030000000000000027,False,False,False,False
308,network_focused,0.04645451612903226,0.28278018315018316,0.023534393518981074,0.00331858407079646,0.020000000000000018,False,False,False,False
309,network_focused,0.45457000000000003,0.610681282051282,0.20978099326625196,0.34513274336283184,0.15600000000000003,False,False,False,False
310,network_focused,0.13858854838709678,0.47966582417582415,0.22543024693553787,0.023230088495575223,0.014000000000000012,False,False,False,False
311,network_focused,0.37469,0.610681282051282,0.16478039763942626,0.08097345132743362,0.122,False,False,False,False
312,network_focused,0.04356935483870968,0.28278018315018316,0.0033979473053825033,0.0,0.0,False,False,False,False
313,network_focused,0.02771935483870968,0.3351503663003663,0.03640657827195539,0.0,0.0,False,False,False,False
314,network_focused,0.15523854838709678,0.47966582417582415,0.12450055674993965,0.01042983517699115,0.02200000000000002,False,False,False,False
315,network_focused,0.03012935483870968,0.3351503663003663,0.009101644567988848,0.0,0.0,False,False,False,False
316,network_focused,0.35511000000000004,0.610681282051282,0.33086582643774376,0.07300884955752213,0.10999999999999999,False,False,False,False
317,network_focused,0.33900467741935486,0.3875655494505495,0.11057091937931722,0.050442477876106194,0.18999999999999995,False,False,False,False
318,network_focused,0.031295,0.28278018315018316,0.0009708420872521437,0.0,0.0,False,False,False,False
319,network_focused,0.1008883870967742,0.3613804578754579,0.010832694186074018,0.003982300884955752,0.030000000000000027,False,False,False,False
320,network_focused,0.05129435483870968,0.28278018315018316,0.003488963751062392,0.0,0.0,False,False,False,False
321,network_focused,0.027975,0.28278018315018316,0.0033979473053825033,0.0,0.0,False,False,False,False
322,network_focused,0.10998451612903228,0.28278018315018316,0.004981748491444847,0.00189633407079646,0.040000000000000036,False,False,False,False
323,network_focused,0.05238467741935485,0.40106554945054945,0.08230953309981055,0.001991150442477876,0.0020000000000000018,False,False,False,False
324,network_focused,0.04110935483870968,0.28278018315018316,0.003488963751062392,0.0,0.0,False,False,False,False
325,network_focused,0.11802838709677421,0.30896527472527474,0.002704135362954186,0.01327433628318584,0.07999999999999996,False,False,False,False
326,network_focused,0.0736783870967742,0.3613804578754579,0.01717604981431064,0.003982300884955752,0.020000000000000018,False,False,False,False
327,network_focused,0.06653967741935485,0.40106554945054945,0.3093274067140287,0.00663716814159292,0.006000000000000005,False,False,False,False
328,network_focused,0.1209083870967742,0.3613804578754579,0.06122020805724518,0.005309734513274336,0.040000000000000036,False,False,False,False
329,network_focused,0.21554467741935482,0.3875655494505495,0.02220499325671993,0.01137800221238938,0.12,False,False,False,False
330,network_focused,0.023415,0.28278018315018316,0.01365246685198327,0.0,0.0,False,False,False,False
331,network_focused,0.12877338709677422,0.30896527472527474,0.005590902793776518,0.007964601769911504,0.07999999999999996,False,False,False,False
332,network_focused,0.36081,0.610681282051282,0.2032420840648762,0.0743362831858407,0.11199999999999999,False,False,False,False
333,network_focused,0.30893500000000007,0.610681282051282,0.174884433626159,0.056890012168141595,0.07999999999999996,False,False,False,False
334,network_focused,0.02744935483870968,0.28278018315018316,0.002275411141997212,0.0,0.0,False,False,False,False
335,network_focused,0.34674000000000005,0.610681282051282,0.11099339088800425,0.11283185840707964,0.10199999999999998,False,False,False,False
336,network_focused,0.07201967741935485,0.40106554945054945,0.11918014040161706,0.0028445011061946903,0.006000000000000005,False,False,False,False
337,network_focused,0.008464354838709678,0.3351503663003663,0.01607957207011363,0.0,0.0,False,False,False,False
338,network_focused,0.08899451612903227,0.28278018315018316,0.0037008322094533213,0.00189633407079646,0.040000000000000036,False,False,False,False
339,network_focused,0.21041467741935488,0.3875655494505495,0.02230771494240913,0.01137800221238938,0.12,False,False,False,False
340,network_focused,0.018548387096774196,0.3748804578754579,0.21843946963173233,0.0,0.0,False,False,False,False
341,network_focused,0.34515,0.610681282051282,0.19723149452788283,0.11061946902654868,0.09999999999999998,False,False,False,False
342,network_focused,0.009954354838709678,0.3351503663003663,0.011043328742493135,0.0,0.0,False,False,False,False
343,network_focused,0.04345935483870968,0.28278018315018316,0.0033979473053825033,0.0,0.0,False,False,False,False
344,network_focused,0.1680783870967742,0.3613804578754579,0.016891210044877175,0.01137800221238938,0.06000000000000005,False,False,False,False
345,network_focused,0.12989854838709677,0.47966582417582415,0.25038586602241497,0.00995575221238938,0.014000000000000012,False,False,False,False
346,network_focused,0.012501612903225805,0.3351503663003663,0.02214733511543953,0.0,0.0,False,False,False,False
347,network_focused,0.01908435483870968,0.28278018315018316,0.0009708420872521437,0.0,0.0,False,False,False,False
348,network_focused,0.06583467741935484,0.40106554945054945,0.10565574250164905,0.003982300884955752,0.0040000000000000036,False,False,False,False
349,network_focused,0.05191467741935484,0.40106554945054945,0.11735926221806367,0.00331858407079646,0.0020000000000000018,False,False,False,False
350,network_focused,0.04856338709677419,0.3748804578754579,0.10539018379138265,0.0022123893805309734,0.0020000000000000018,False,False,False,False
351,network_focused,0.371385,0.610681282051282,0.1637477981727872,0.056890012168141595,0.12,False,False,False,False
352,network_focused,0.023155000000000002,0.28278018315018316,0.0009708420872521437,0.0,0.0,False,False,False,False
353,network_focused,0.14878467741935486,0.3875655494505495,0.02023077236800896,0.02654867256637168,0.07999999999999996,False,False,False,False
354,network_focused,0.0057193548387096775,0.3351503663003663,0.03640657827195539,0.0,0.0,False,False,False,False
355,network_focused,0.1450995161290323,0.28278018315018316,0.0059255809603890736,0.008849557522123894,0.040000000000000036,False,False,False,False
356,network_focused,0.02604435483870968,0.28278018315018316,0.01607957207011363,0.0,0.0,False,False,False,False
357,network_focused,0.08869467741935484,0.40106554945054945,0.12082603945941461,0.010619469026548672,0.008000000000000007,False,False,False,False
358,network_focused,0.07908451612903226,0.28278018315018316,0.007208121838911379,0.001991150442477876,0.020000000000000018,False,False,False,False
359,network_focused,0.0322733870967742,0.3748804578754579,0.09162322198442106,0.0,0.0,False,False,False,False
360,network_focused,0.02340935483870968,0.28278018315018316,0.0033979473053825033,0.0,0.0,False,False,False,False
361,network_focused,0.22175467741935487,0.3875655494505495,0.02619224688815909,0.028761061946902654,0.13,False,False,False,False
362,network_focused,0.18618354838709678,0.47966582417582415,0.16397111942612835,0.03761061946902655,0.03400000000000003,False,False,False,False
363,network_focused,0.1481583870967742,0.30896527472527474,0.021496113556682513,0.016592920353982302,0.09999999999999998,False,False,False,False
364,network_focused,0.03653661290322581,0.3351503663003663,0.0168714726631448,0.001327433628318584,0.010000000000000009,False,False,False,False
365,network_focused,0.0828883870967742,0.3613804578754579,0.010300063534355504,0.00426675110619469,0.030000000000000027,False,False,False,False
366,network_focused,0.054049354838709686,0.28278018315018316,0.0009708420872521437,0.0,0.0,False,False,False,False
367,network_focused,0.2021935483870968,0.47966582417582415,0.13904213765432816,0.050442477876106194,0.038000000000000034,False,False,False,False
368,network_focused,0.09106967741935484,0.40106554945054945,0.2548936078596693,0.009481669247787611,0.010000000000000009,False,False,False,False
369,network_focused,0.019473387096774195,0.3748804578754579,0.08191480111189964,0.0,0.0,False,False,False,False
370,network_focused,0.49378500000000003,0.610681282051282,0.4695717253227736,0.40707964601769914,0.18400000000000005,False,False,False,False
371,network_focused,0.3482533870967742,0.30896527472527474,0.013371883052799596,0.01896333738938053,0.19999999999999996,False,False,False,False
372,network_focused,0.13894338709677423,0.3613804578754579,0.02077077359740722,0.00758533517699115,0.040000000000000036,False,False,False,False
373,network_focused,0.04547935483870968,0.28278018315018316,0.01365246685198327,0.0,0.0,False,False,False,False
374,network_focused,0.47429,0.610681282051282,0.15825852785822003,0.3805309734513274,0.17200000000000004,False,False,False,False
375,network_focused,0.1439633870967742,0.3613804578754579,0.029853218386830072,0.022123893805309734,0.050000000000000044,False,False,False,False
376,network_focused,0.1461585483870968,0.47966582417582415,0.2538069937238383,0.033185840707964605,0.020000000000000018,False,False,False,False
377,network_focused,0.34952500000000003,0.610681282051282,0.1117707777858673,0.07035398230088495,0.10599999999999998,False,False,False,False
378,network_focused,0.0282333870967742,0.3748804578754579,0.11680443862252354,0.0,0.0,False,False,False,False
379,network_focused,0.0519333870967742,0.3613804578754579,0.011909975380344155,0.00663716814159292,0.020000000000000018,False,False,False,False
380,network_focused,0.058951612903225814,0.3351503663003663,0.02368851176971764,0.002654867256637168,0.010000000000000009,False,False,False,False
381,network_focused,0.15561967741935484,0.3875655494505495,0.020831689027640387,0.012800253318584072,0.08999999999999997,False,False,False,False
382,network_focused,0.13648951612903226,0.28278018315018316,0.0017332932757020423,0.00379266703539823,0.040000000000000036,False,False,False,False
383,network_focused,0.018548387096774196,0.3748804578754579,0.14714325384915303,0.0,0.0,False,False,False,False
384,network_focused,0.02433935483870968,0.3351503663003663,0.03640657827195539,0.0,0.0,False,False,False,False
385,network_focused,0.01586,0.28278018315018316,0.0033979473053825033,0.0,0.0,False,False,False,False
386,network_focused,0.21916354838709678,0.47966582417582415,0.1439153720729815,0.061061946902654866,0.04600000000000004,False,False,False,False
387,network_focused,0.09865451612903228,0.28278018315018316,0.01650330898689549,0.002654867256637168,0.040000000000000036,False,False,False,False
388,network_focused,0.21523338709677423,0.30896527472527474,0.007204463309466143,0.009292035398230088,0.14,False,False,False,False
389,network_focused,0.13174451612903226,0.28278018315018316,0.02816571454496051,0.008849557522123894,0.040000000000000036,False,False,False,False
390,network_focused,0.035805000000000003,0.28278018315018316,0.003488963751062392,0.0,0.0,False,False,False,False
391,network_focused,0.33214338709677427,0.30896527472527474,0.010717310924558876,0.01896333738938053,0.19999999999999996,False,False,False,False
392,network_focused,0.20256354838709678,0.47966582417582415,0.25960518492965584,0.084070796460177,0.038000000000000034,False,False,False,False
393,network_focused,0.31724338709677424,0.30896527472527474,0.014453741193032466,0.023893805309734513,0.18000000000000005,False,False,False,False
394,network_focused,0.02647161290322581,0.3351503663003663,0.02214733511543953,0.0,0.0,False,False,False,False
395,network_focused,0.040441612903225815,0.3351503663003663,0.009491635555021808,0.00331858407079646,0.010000000000000009,False,False,False,False
396,network_focused,0.1536085483870968,0.47966582417582415,0.09638977849260169,0.03650442477876106,0.02200000000000002,False,False,False,False
397,network_focused,0.2088685483870968,0.47966582417582415,0.26504465165710234,0.05575221238938053,0.04200000000000004,False,False,False,False
398,network_focused,0.14948451612903227,0.28278018315018316,0.007096771275649965,0.007964601769911504,0.06000000000000005,False,False,False,False
399,network_focused,0.0389533870967742,0.3748804578754579,0.21943815210370454,0.0014222500000000001,0.0020000000000000018,False,False,False,False
400,network_focused,0.024928387096774196,0.3748804578754579,0.08191480111189964,0.0,0.0,False,False,False,False
401,network_focused,0.11350838709677422,0.3613804578754579,0.01650330898689549,0.008849557522123894,0.040000000000000036,False,False,False,False
402,network_focused,0.03433338709677419,0.3748804578754579,0.09260957504315906,0.002654867256637168,0.0020000000000000018,False,False,False,False
403,network_focused,0.025416612903225812,0.3351503663003663,0.01607957207011363,0.0,0.0,False,False,False,False
404,network_focused,0.01605935483870968,0.3351503663003663,0.009101644567988848,0.0,0.0,False,False,False,False
405,network_focused,0.0474033870967742,0.3748804578754579,0.10516232751676041,0.00331858407079646,0.0020000000000000018,False,False,False,False
406,network_focused,0.07230967741935485,0.40106554945054945,0.08454634769797245,0.01327433628318584,0.006000000000000005,False,False,False,False
407,network_focused,0.06186935483870968,0.28278018315018316,0.008045731029554517,0.00189633407079646,0.020000000000000018,False,False,False,False
408,network_focused,0.2075985483870968,0.47966582417582415,0.10055687392204762,0.03982300884955752,0.04200000000000004,False,False,False,False
409,network_focused,0.02531435483870968,0.3351503663003663,0.009101644567988848,0.0,0.0,False,False,False,False
410,network_focused,0.007259354838709678,0.3351503663003663,0.01365246685198327,0.0,0.0,False,False,False,False
411,network_focused,0.34345967741935485,0.3875655494505495,0.11196102766143605,0.03603034181415929,0.18999999999999995,False,False,False,False
412,network_focused,0.35525467741935485,0.3875655494505495,0.04073839853856337,0.08849557522123894,0.19999999999999996,False,False,False,False
413,network_focused,0.05482967741935484,0.40106554945054945,0.09205654530334657,0.0014222500000000001,0.0020000000000000018,False,False,False,False
414,network_focused,0.05947338709677419,0.3613804578754579,0.017162880367427406,0.003982300884955752,0.020000000000000018,False,False,False,False
415,network_focused,0.028720000000000002,0.28278018315018316,0.00652284527372534,0.0,0.0,False,False,False,False
416,network_focused,0.038045,0.28278018315018316,0.0009708420872521437,0.0,0.0,False,False,False,False
417,network_focused,0.013474354838709679,0.28278018315018316,0.002275411141997212,0.0,0.0,False,False,False,False
418,network_focused,0.16232354838709678,0.47966582417582415,0.32141991853604,0.02588495575221239,0.026000000000000023,False,False,False,False
419,network_focused,0.05196467741935484,0.40106554945054945,0.10537306233981694,0.001327433628318584,0.0020000000000000018,False,False,False,False
420,network_focused,0.09859967741935485,0.40106554945054945,0.11008545401844064,0.01327433628318584,0.010000000000000009,False,False,False,False
421,network_focused,0.05169451612903226,0.28278018315018316,0.0027747517926745686,0.00331858407079646,0.020000000000000018,False,False,False,False
422,network_focused,0.024475,0.28278018315018316,0.0009708420872521437,0.0,0.0,False,False,False,False
423,network_focused,0.10976451612903226,0.28278018315018316,0.0011403368539648878,0.00189633407079646,0.040000000000000036,False,False,False,False
424,network_focused,0.16197838709677417,0.3613804578754579,0.06844226337267036,0.009481669247787611,0.050000000000000044,False,False,False,False
425,network_focused,0.05818467741935485,0.40106554945054945,0.3053679037488728,0.001327433628318584,0.0020000000000000018,False,False,False,False
426,network_focused,0.322465,0.610681282051282,0.1403065123694899,0.08761061946902655,0.08799999999999997,False,False,False,False
427,network_focused,0.010610000000000001,0.28278018315018316,0.00652284527372534,0.0,0.0,False,False,False,False
428,network_focused,0.008085,0.28278018315018316,0.02214733511543953,0.0,0.0,False,False,False,False
429,network_focused,0.0,0.28278018315018316,0.0033979473053825033,0.0,0.0,True,False,True,True
430,network_focused,0.03559661290322581,0.3351503663003663,0.01607957207011363,0.0,0.0,False,False,False,False
431,network_focused,0.06690967741935484,0.40106554945054945,0.08454634769797245,0.007964601769911504,0.006000000000000005,False,False,False,False
432,network_focused,0.004645,0.28278018315018316,0.002275411141997212,0.0,0.0,False,False,False,False
433,network_focused,0.06149451612903226,0.28278018315018316,0.0071998912272637355,0.00331858407079646,0.020000000000000018,False,False,False,False
434,network_focused,0.49302,0.610681282051282,0.1823677033883161,0.40707964601769914,0.18400000000000005,False,False,False,False
435,network_focused,0.1297285483870968,0.47966582417582415,0.10762940244120367,0.01991150442477876,0.01200000000000001,False,False,False,False
436,network_focused,0.04852161290322581,0.3351503663003663,0.012017975626223809,0.004424778761061947,0.010000000000000009,False,False,False,False
437,network_focused,0.48253500000000005,0.610681282051282,0.1591462456110842,0.38495575221238937,0.17400000000000004,False,False,False,False
438,network_focused,0.010509354838709678,0.3351503663003663,0.01607957207011363,0.0,0.0,False,False,False,False
439,network_focused,0.020126612903225805,0.3351503663003663,0.01365246685198327,0.0,0.0,False,False,False,False
440,network_focused,0.04049661290322581,0.3351503663003663,0.009664964882592011,0.00094816703539823,0.010000000000000009,False,False,False,False
441,network_focused,0.16940967741935484,0.3875655494505495,0.04639340299167753,0.01991150442477876,0.09999999999999998,False,False,False,False
442,network_focused,0.30041000000000007,0.610681282051282,0.13733291165750794,0.12278761061946902,0.07399999999999995,False,False,False,False
443,network_focused,0.05765935483870968,0.28278018315018316,0.0,0.0,0.0,False,True,False,True
444,network_focused,0.02331935483870968,0.3351503663003663,0.015897539178753854,0.0,0.0,False,False,False,False
445,network_focused,0.034718387096774196,0.3748804578754579,0.2451471390223626,0.00189633407079646,0.0020000000000000018,False,False,False,False
446,network_focused,0.0024193548387096775,0.3351503663003663,0.05339631479886791,0.0,0.0,False,False,False,False
447,network_focused,0.0583833870967742,0.3748804578754579,0.09354910340186778,0.00379266703539823,0.0040000000000000036,False,False,False,False
448,network_focused,0.13696967741935484,0.3875655494505495,0.06436109224083797,0.01592920353982301,0.07999999999999996,False,False,False,False
449,network_focused,0.3156583870967742,0.30896527472527474,0.020228817076187934,0.03982300884955752,0.18000000000000005,False,False,False,False
450,network_focused,0.1705683870967742,0.3613804578754579,0.022171115093430338,0.01327433628318584,0.050000000000000044,False,False,False,False
451,network_focused,0.0495133870967742,0.3748804578754579,0.14868443050343116,0.002654867256637168,0.0020000000000000018,False,False,False,False
452,network_focused,0.29281,0.610681282051282,0.09517449467102025,0.06769911504424779,0.06799999999999995,False,False,False,False
453,network_focused,0.2859,0.610681282051282,0.13343791807287678,0.10619469026548672,0.06399999999999995,False,False,False,False
454,network_focused,0.03857161290322581,0.3351503663003663,0.009491635555021808,0.00331858407079646,0.010000000000000009,False,False,False,False
455,network_focused,0.038129354838709675,0.28278018315018316,0.0009708420872521437,0.0,0.0,False,False,False,False
456,network_focused,0.15347467741935483,0.3875655494505495,0.04539472051970532,0.029867256637168143,0.08999999999999997,False,False,False,False
457,network_focused,0.14843338709677417,0.30896527472527474,0.006197234494346833,0.016592920353982302,0.09999999999999998,False,False,False,False
458,network_focused,0.0480283870967742,0.3748804578754579,0.10539018379138265,0.0022123893805309734,0.0020000000000000018,False,False,False,False
459,network_focused,0.028319354838709676,0.28278018315018316,0.01365246685198327,0.0,0.0,False,False,False,False
460,network_focused,0.0427483870967742,0.3748804578754579,0.21988201098013666,0.00094816703539823,0.0020000000000000018,False,False,False,False
461,network_focused,0.16334354838709678,0.47966582417582415,0.25571022138080124,0.023893805309734513,0.02400000000000002,False,False,False,False
462,network_focused,0.1652133870967742,0.3613804578754579,0.029761763894585413,0.009481669247787611,0.050000000000000044,False,False,False,False
463,network_focused,0.01298,0.28278018315018316,0.00652284527372534,0.0,0.0,False,False,False,False
464,network_focused,0.027018387096774198,0.3748804578754579,0.11680443862252354,0.0,0.0,False,False,False,False
465,network_focused,0.22898354838709678,0.47966582417582415,0.2694832404214233,0.10176991150442478,0.04600000000000004,False,False,False,False
466,network_focused,0.282125,0.610681282051282,0.24903119869482887,0.04408975995575221,0.062000000000000055,False,False,False,False
467,network_focused,0.1084533870967742,0.3613804578754579,0.025116984364243516,0.00663716814159292,0.030000000000000027,False,False,False,False
468,network_focused,0.06723951612903226,0.28278018315018316,0.003939601454039391,0.0014222500000000001,0.020000000000000018,False,False,False,False
469,network_focused,0.13059854838709678,0.47966582417582415,0.11973194627041418,0.00995575221238938,0.014000000000000012,False,False,False,False
470,network_focused,0.06531451612903226,0.28278018315018316,0.003939601454039391,0.001991150442477876,0.020000000000000018,False,False,False,False
471,network_focused,0.08557451612903227,0.28278018315018316,0.004280864344093563,0.00094816703539823,0.020000000000000018,False,False,False,False
472,network_focused,0.011384354838709677,0.3351503663003663,0.05339631479886791,0.0,0.0,False,False,False,False
473,network_focused,0.1200333870967742,0.30896527472527474,0.004249071081551825,0.01327433628318584,0.07999999999999996,False,False,False,False
474,network_focused,0.35840967741935487,0.3875655494505495,0.08026568803983569,0.08849557522123894,0.19999999999999996,False,False,False,False
475,network_focused,0.05462951612903226,0.28278018315018316,0.0014147009636842395,0.001991150442477876,0.020000000000000018,False,False,False,False
476,network_focused,0.07257467741935485,0.40106554945054945,0.1182985097463985,0.003982300884955752,0.006000000000000005,False,False,False,False
477,network_focused,0.34673967741935485,0.3875655494505495,0.08079246591516492,0.03792667477876106,0.19999999999999996,False,False,False,False
478,network_focused,0.04721161290322581,0.3351503663003663,0.01710121506465805,0.00189633407079646,0.010000000000000009,False,False,False,False
479,network_focused,0.1409083870967742,0.3613804578754579,0.029853218386830072,0.009481669247787611,0.050000000000000044,False,False,False,False
480,network_focused,0.09008951612903225,0.28278018315018316,0.026106838080595392,0.00189633407079646,0.040000000000000036,False,False,False,False
481,network_focused,0.08874467741935485,0.40106554945054945,0.10751975466678396,0.008849557522123894,0.008000000000000007,False,False,False,False
482,network_focused,0.03431435483870968,0.3351503663003663,0.03640657827195539,0.0,0.0,False,False,False,False
483,network_focused,0.026675000000000004,0.28278018315018316,0.01365246685198327,0.0,0.0,False,False,False,False
484,network_focused,0.0395033870967742,0.3748804578754579,0.21943815210370454,0.0014222500000000001,0.0020000000000000018,False,False,False,False
485,network_focused,0.1986833870967742,0.30896527472527474,0.008149350863569535,0.007964601769911504,0.12,False,False,False,False
486,network_focused,0.0351283870967742,0.3748804578754579,0.21986489069918846,0.00094816703539823,0.0020000000000000018,False,False,False,False
487,network_focused,0.05460467741935484,0.40106554945054945,0.3053916813315477,0.00094816703539823,0.0020000000000000018,False,False,False,False
488,network_focused,0.35882838709677417,0.30896527472527474,0.01156318988320907,0.020859671460176994,0.21999999999999997,False,False,False,False
489,network_focused,0.1605833870967742,0.3613804578754579,0.053590201942440976,0.022123893805309734,0.050000000000000044,False,False,False,False
490,network_focused,0.027500000000000004,0.28278018315018316,0.0,0.0,0.0,False,True,False,True
491,network_focused,0.005889999999999999,0.28278018315018316,0.0009708420872521437,0.0,0.0,False,False,False,False
492,network_focused,0.1122833870967742,0.3613804578754579,0.011409710725435743,0.008849557522123894,0.040000000000000036,False,False,False,False
493,network_focused,0.14652854838709678,0.47966582417582415,0.08754800425793126,0.022123893805309734,0.020000000000000018,False,False,False,False
494,network_focused,0.07968467741935484,0.40106554945054945,0.1511027568143089,0.005309734513274336,0.008000000000000007,False,False,False,False
495,network_focused,0.06829661290322582,0.3351503663003663,0.017297880674776972,0.002654867256637168,0.010000000000000009,False,False,False,False
496,network_focused,0.17138467741935484,0.3875655494505495,0.013096374455877705,0.014222503318584072,0.09999999999999998,False,False,False,False
497,network_focused,0.013685000000000003,0.28278018315018316,0.00652284527372534,0.0,0.0,False,False,False,False
498,network_focused,0.0024193548387096775,0.3351503663003663,0.011043328742493135,0.0,0.0,False,False,False,False
499,network_focused,0.027425000000000005,0.28278018315018316,0.002275411141997212,0.0,0.0,False,False,False,False
500,network_focused,0.06505467741935483,0.40106554945054945,0.3061293466267874,0.0028445011061946903,0.0040000000000000036,False,False,False,False
501,firmware_focused,0.04599467741935484,0.5709613827838829,0.3033881522662949,0.0,0.0,False,False,False,False
502,firmware_focused,0.0404033870967742,0.5447762912087912,0.11709795005162885,0.0011946902654867257,0.0012999999999999678,False,False,False,False
503,firmware_focused,0.0678483870967742,0.47886110805860815,0.005091787471511624,0.001991150442477876,0.026000000000000023,False,False,False,False
504,firmware_focused,0.12353967741935484,0.5574613827838828,0.022244278687226067,0.00426675110619469,0.03249999999999997,False,False,False,False
505,firmware_focused,0.03689838709677419,0.5312762912087912,0.05644208631052626,0.001991150442477876,0.00649999999999995,False,False,False,False
506,firmware_focused,0.03866838709677419,0.5447762912087912,0.3063973419810554,0.0011946902654867257,0.0012999999999999678,False,False,False,False
507,firmware_focused,0.23666,0.7805771153846155,0.08875682223568895,0.007168141592920354,0.015599999999999947,False,False,False,False
508,firmware_focused,0.213795,0.7805771153846155,0.14985152459243747,0.003584070796460177,0.005199999999999982,False,False,False,False
509,firmware_focused,0.006605,0.4526760164835166,0.01607957207011363,0.0,0.0,False,False,False,False
510,firmware_focused,0.0069293548387096785,0.4526760164835166,0.02214733511543953,0.0,0.0,False,False,False,False
511,firmware_focused,0.02106435483870968,0.4526760164835166,0.0009708420872521437,0.0,0.0,False,False,False,False
512,firmware_focused,0.004554354838709678,0.5050461996336997,0.03640657827195539,0.0,0.0,False,False,False,False
513,firmware_focused,0.04794967741935484,0.5709613827838829,0.3053916813315477,0.000995575221238938,0.0012999999999999678,False,False,False,False
514,firmware_focused,0.231995,0.7805771153846155,0.32141991853604,0.019413716814159293,0.016900000000000026,False,False,False,False
515,firmware_focused,0.040163387096774195,0.5312762912087912,0.022832611680625566,0.0006400121681415929,0.00649999999999995,False,False,False,False
516,firmware_focused,0.050073387096774204,0.5312762912087912,0.01168445823067283,0.0004266747787610619,0.00649999999999995,False,False,False,False
517,firmware_focused,0.023178387096774195,0.5312762912087912,0.05339631479886791,0.0,0.0,False,False,False,False
518,firmware_focused,0.0349133870967742,0.5312762912087912,0.054783373202409454,0.001493362831858407,0.00649999999999995,False,False,False,False
519,firmware_focused,0.023439354838709677,0.5050461996336997,0.02214733511543953,0.0,0.0,False,False,False,False
520,firmware_focused,0.11118354838709678,0.6495616575091575,0.2227670936769453,0.002986725663716814,0.0039000000000000146,False,False,False,False
521,firmware_focused,0.0024193548387096775,0.4526760164835166,0.00652284527372534,0.0,0.0,False,False,False,False
522,firmware_focused,0.01759661290322581,0.5050461996336997,0.01607957207011363,0.0,0.0,False,False,False,False
523,firmware_focused,0.04746467741935484,0.5709613827838829,0.24379383011034975,0.001493362831858407,0.0012999999999999678,False,False,False,False
524,firmware_focused,0.11116854838709678,0.6495616575091575,0.09248986862227208,0.0017920353982300884,0.0026000000000000467,False,False,False,False
525,firmware_focused,0.10420354838709678,0.6495616575091575,0.11589427416572466,0.0,0.0,False,False,False,False
526,firmware_focused,0.02106161290322581,0.5050461996336997,0.05339631479886791,0.0,0.0,False,False,False,False
527,firmware_focused,0.05982967741935484,0.5709613827838829,0.11791408581360377,0.002986725663716814,0.0026000000000000467,False,False,False,False
528,firmware_focused,0.0,0.4526760164835166,0.003488963751062392,0.0,0.0,False,False,True,True
529,firmware_focused,0.0024193548387096775,0.5050461996336997,0.03640657827195539,0.0,0.0,False,False,False,False
530,firmware_focused,0.03849451612903226,0.4526760164835166,0.017644350721789083,0.000995575221238938,0.013000000000000012,False,False,False,False
531,firmware_focused,0.009019354838709678,0.4526760164835166,0.01365246685198327,0.0,0.0,False,False,False,False
532,firmware_focused,0.016051612903225806,0.5050461996336997,0.01607957207011363,0.0,0.0,False,False,False,False
533,firmware_focused,0.217815,0.7805771153846155,0.0850347290081633,0.005120100663716814,0.010399999999999965,False,False,False,False
534,firmware_focused,0.047564677419354835,0.5709613827838829,0.11800811450842774,0.001991150442477876,0.0012999999999999678,False,False,False,False
535,firmware_focused,0.004564354838709678,0.5050461996336997,0.05339631479886791,0.0,0.0,False,False,False,False
536,firmware_focused,0.06585467741935484,0.5709613827838829,0.08304144174110595,0.001991150442477876,0.0026000000000000467,False,False,False,False
537,firmware_focused,0.03402838709677419,0.5447762912087912,0.11644909776126479,0.0006400121681415929,0.0012999999999999678,False,False,False,False
538,firmware_focused,0.01790935483870968,0.5050461996336997,0.05339631479886791,0.0,0.0,False,False,False,False
539,firmware_focused,0.03870967741935484,0.5709613827838829,0.24271052181303593,0.0,0.0,False,False,False,False
540,firmware_focused,0.0034093548387096775,0.5050461996336997,0.01607957207011363,0.0,0.0,False,False,False,False
541,firmware_focused,0.012259354838709678,0.5050461996336997,0.015897539178753854,0.0,0.0,False,False,False,False
542,firmware_focused,0.020398387096774197,0.5447762912087912,0.14714325384915303,0.0,0.0,False,False,False,False
543,firmware_focused,0.018548387096774196,0.5447762912087912,0.11680443862252354,0.0,0.0,False,False,False,False
544,firmware_focused,0.004194354838709677,0.4526760164835166,0.01607957207011363,0.0,0.0,False,False,False,False
545,firmware_focused,0.11139354838709678,0.6495616575091575,0.22277270282098743,0.003982300884955752,0.0026000000000000467,False,False,False,False
546,firmware_focused,0.0024193548387096775,0.5050461996336997,0.05339631479886791,0.0,0.0,False,False,False,False
547,firmware_focused,0.04013967741935484,0.5709613827838829,0.11589427416572466,0.0,0.0,False,False,False,False
548,firmware_focused,0.018548387096774196,0.5447762912087912,0.3033881522662949,0.0,0.0,False,False,False,False
549,firmware_focused,0.003969354838709678,0.4526760164835166,0.003488963751062392,0.0,0.0,False,False,False,False
550,firmware_focused,0.02171951612903226,0.4526760164835166,0.0009708420872521437,0.0,0.0,False,False,False,False
551,firmware_focused,0.0064516129032258064,0.5050461996336997,0.01607957207011363,0.0,0.0,False,False,False,False
552,firmware_focused,0.059618387096774195,0.47886110805860815,0.004189847898413675,0.0004266747787610619,0.013000000000000012,False,False,False,False
553,firmware_focused,0.0420883870967742,0.5312762912087912,0.0378319993394115,0.000995575221238938,0.00649999999999995,False,False,False,False
554,firmware_focused,0.0064516129032258064,0.5050461996336997,0.02214733511543953,0.0,0.0,False,False,False,False
555,firmware_focused,0.016855000000000002,0.4526760164835166,0.00652284527372534,0.0,0.0,False,False,False,False
556,firmware_focused,0.24297500000000002,0.7805771153846155,0.12568161615116547,0.023893805309734513,0.02080000000000004,False,False,False,False
557,firmware_focused,0.009421612903225806,0.5050461996336997,0.03640657827195539,0.0,0.0,False,False,False,False
558,firmware_focused,0.010739354838709678,0.4526760164835166,0.002275411141997212,0.0,0.0,False,False,False,False
559,firmware_focused,0.047038387096774194,0.47886110805860815,0.001611971575431837,0.000995575221238938,0.013000000000000012,False,False,False,False
560,firmware_focused,0.02018435483870968,0.4526760164835166,0.003488963751062392,0.0,0.0,False,False,False,False
561,firmware_focused,0.14042354838709678,0.6495616575091575,0.32746166998437887,0.009557522123893806,0.010399999999999965,False,False,False,False
562,firmware_focused,0.05534967741935484,0.5709613827838829,0.11758682794836127,0.0004266747787610619,0.0012999999999999678,False,False,False,False
563,firmware_focused,0.12788854838709676,0.6495616575091575,0.2523274641357313,0.003584070796460177,0.007800000000000029,False,False,False,False
564,firmware_focused,0.0038443548387096776,0.5050461996336997,0.01365246685198327,0.0,0.0,False,False,False,False
565,firmware_focused,0.028019354838709678,0.4526760164835166,0.00652284527372534,0.0,0.0,False,False,False,False
566,firmware_focused,0.0329633870967742,0.5312762912087912,0.022840842292273213,0.0008960176991150442,0.00649999999999995,False,False,False,False
567,firmware_focused,0.27195,0.7805771153846155,0.10322002718064019,0.020480404867256635,0.031200000000000006,False,False,False,False
568,firmware_focused,0.0356033870967742,0.5447762912087912,0.08231427410068852,0.0008960176991150442,0.0012999999999999678,False,False,False,False
569,firmware_focused,0.0034943548387096775,0.5050461996336997,0.0412607887082161,0.0,0.0,False,False,False,False
570,firmware_focused,0.13977467741935484,0.5574613827838828,0.031394395041108185,0.011946902654867256,0.039000000000000035,False,False,False,False
571,firmware_focused,0.04296951612903226,0.4526760164835166,0.01848692384192202,0.0011946902654867257,0.013000000000000012,False,False,False,False
572,firmware_focused,0.13971967741935487,0.5574613827838828,0.014427951085173994,0.005120100663716814,0.039000000000000035,False,False,False,False
573,firmware_focused,0.019046612903225808,0.5050461996336997,0.011043328742493135,0.0,0.0,False,False,False,False
574,firmware_focused,0.025588387096774197,0.5447762912087912,0.21843946963173233,0.0,0.0,False,False,False,False
575,firmware_focused,0.22499000000000002,0.7805771153846155,0.10960306238075829,0.006400126106194691,0.013000000000000012,False,False,False,False
576,firmware_focused,0.06632967741935485,0.5574613827838828,0.05730826142805654,0.0008533506637168142,0.013000000000000012,False,False,False,False
577,firmware_focused,0.009971612903225808,0.5050461996336997,0.05339631479886791,0.0,0.0,False,False,False,False
578,firmware_focused,0.018548387096774196,0.5447762912087912,0.11589427416572466,0.0,0.0,False,False,False,False
579,firmware_focused,0.08846967741935484,0.5574613827838828,0.013607846695211909,0.001706700221238938,0.026000000000000023,False,False,False,False
580,firmware_focused,0.219495,0.7805771153846155,0.251482343766612,0.005120100663716814,0.010399999999999965,False,False,False,False
581,firmware_focused,0.257435,0.7805771153846155,0.36125781098780363,0.02269911504424779,0.024700000000000055,False,False,False,False
582,firmware_focused,0.062004677419354844,0.5574613827838828,0.03840394321589982,0.0012800254424778761,0.013000000000000012,False,False,False,False
583,firmware_focused,0.011790000000000002,0.4526760164835166,0.003488963751062392,0.0,0.0,False,False,False,False
584,firmware_focused,0.010364354838709679,0.4526760164835166,0.0,0.0,0.0,False,True,False,True
585,firmware_focused,0.0,0.4526760164835166,0.002275411141997212,0.0,0.0,False,False,True,True
586,firmware_focused,0.03130838709677419,0.5312762912087912,0.009491635555021808,0.0006400121681415929,0.00649999999999995,False,False,False,False
587,firmware_focused,0.1384135483870968,0.6495616575091575,0.3249646254261884,0.005973451327433628,0.009099999999999997,False,False,False,False
588,firmware_focused,0.018548387096774196,0.5447762912087912,0.21843946963173233,0.0,0.0,False,False,False,False
589,firmware_focused,0.0358283870967742,0.5312762912087912,0.022832611680625566,0.001493362831858407,0.00649999999999995,False,False,False,False
590,firmware_focused,0.004625,0.4526760164835166,0.02214733511543953,0.0,0.0,False,False,False,False
591,firmware_focused,0.0064516129032258064,0.5050461996336997,0.01607957207011363,0.0,0.0,False,False,False,False
592,firmware_focused,0.039248387096774195,0.5447762912087912,0.24382016900411618,0.0008960176991150442,0.0012999999999999678,False,False,False,False
593,firmware_focused,0.04518338709677419,0.5312762912087912,0.022832611680625566,0.0008960176991150442,0.00649999999999995,False,False,False,False
594,firmware_focused,0.05409467741935484,0.5574613827838828,0.014151808673278128,0.0008960176991150442,0.00649999999999995,False,False,False,False
595,firmware_focused,0.005744354838709677,0.4526760164835166,0.00652284527372534,0.0,0.0,False,False,False,False
596,firmware_focused,0.03053451612903226,0.4526760164835166,0.02214733511543953,0.0,0.0,False,False,False,False
597,firmware_focused,0.0587633870967742,0.5312762912087912,0.04446643614911457,0.001991150442477876,0.013000000000000012,False,False,False,False
598,firmware_focused,0.061648387096774206,0.47886110805860815,0.004507594496462741,0.002986725663716814,0.026000000000000023,False,False,False,False
599,firmware_focused,0.023974354838709678,0.4526760164835166,0.0,0.0,0.0,False,True,False,True
600,firmware_focused,0.219565,0.7805771153846155,0.22642892940751005,0.007168141592920354,0.010399999999999965,False,False,False,False
601,firmware_focused,0.10765354838709679,0.6495616575091575,0.2459161692539344,0.0011946902654867257,0.0026000000000000467,False,False,False,False
602,firmware_focused,0.06435838709677419,0.47886110805860815,0.0049627259570579575,0.0011946902654867257,0.026000000000000023,False,False,False,False
603,firmware_focused,0.1064733870967742,0.47886110805860815,0.023301627385538804,0.003584070796460177,0.039000000000000035,False,False,False,False
604,firmware_focused,0.061013387096774195,0.47886110805860815,0.00459861094214263,0.0012800254424778761,0.026000000000000023,False,False,False,False
605,firmware_focused,0.0064516129032258064,0.5050461996336997,0.0412607887082161,0.0,0.0,False,False,False,False
606,firmware_focused,0.047513387096774204,0.5312762912087912,0.0168714726631448,0.000995575221238938,0.00649999999999995,False,False,False,False
607,firmware_focused,0.04800467741935484,0.5709613827838829,0.10575222082918553,0.0008533506637168142,0.0012999999999999678,False,False,False,False
608,firmware_focused,0.006344354838709677,0.4526760164835166,0.0009708420872521437,0.0,0.0,False,False,False,False
609,firmware_focused,0.10018354838709678,0.6495616575091575,0.14714325384915303,0.0,0.0,False,False,False,False
610,firmware_focused,0.004125,0.4526760164835166,0.00652284527372534,0.0,0.0,False,False,False,False
611,firmware_focused,0.028613387096774197,0.5312762912087912,0.01607957207011363,0.0,0.0,False,False,False,False
612,firmware_focused,0.04150967741935484,0.5709613827838829,0.3033881522662949,0.0,0.0,False,False,False,False
613,firmware_focused,0.0457933870967742,0.5312762912087912,0.022824381068977925,0.0008960176991150442,0.00649999999999995,False,False,False,False
614,firmware_focused,0.06792967741935484,0.5574613827838828,0.01700718636983409,0.0017920353982300884,0.013000000000000012,False,False,False,False
615,firmware_focused,0.0024193548387096775,0.5050461996336997,0.01365246685198327,0.0,0.0,False,False,False,False
616,firmware_focused,0.08759967741935484,0.5574613827838828,0.025116984364243516,0.0012800254424778761,0.019499999999999962,False,False,False,False
617,firmware_focused,0.008469354838709676,0.4526760164835166,0.01365246685198327,0.0,0.0,False,False,False,False
618,firmware_focused,0.022323387096774196,0.5447762912087912,0.10466891253187174,0.0,0.0,False,False,False,False
619,firmware_focused,0.018548387096774196,0.5447762912087912,0.21843946963173233,0.0,0.0,False,False,False,False
620,firmware_focused,0.23502,0.7805771153846155,0.1271140402088693,0.00836283185840708,0.018199999999999994,False,False,False,False
621,firmware_focused,0.06404967741935484,0.5709613827838829,0.24764228710672587,0.0023893805309734514,0.0026000000000000467,False,False,False,False
622,firmware_focused,0.10052354838709678,0.6495616575091575,0.11589427416572466,0.0,0.0,False,False,False,False
623,firmware_focused,0.24260500000000002,0.7805771153846155,0.32505431821257047,0.014336283185840707,0.02080000000000004,False,False,False,False
624,firmware_focused,0.0,0.4526760164835166,0.003488963751062392,0.0,0.0,False,False,True,True
625,firmware_focused,0.05312967741935484,0.5709613827838829,0.1481331075655049,0.000995575221238938,0.0012999999999999678,False,False,False,False
626,firmware_focused,0.06635338709677419,0.5312762912087912,0.02519310662709788,0.003982300884955752,0.013000000000000012,False,False,False,False
627,firmware_focused,0.0597483870967742,0.47886110805860815,0.002768826126885865,0.001493362831858407,0.013000000000000012,False,False,False,False
628,firmware_focused,0.017956612903225807,0.5050461996336997,0.02214733511543953,0.0,0.0,False,False,False,False
629,firmware_focused,0.11767854838709678,0.6495616575091575,0.30925607162476915,0.0017920353982300884,0.0039000000000000146,False,False,False,False
630,firmware_focused,0.010709354838709677,0.4526760164835166,0.01607957207011363,0.0,0.0,False,False,False,False
631,firmware_focused,0.011176612903225806,0.5050461996336997,0.009101644567988848,0.0,0.0,False,False,False,False
632,firmware_focused,0.0395633870967742,0.5312762912087912,0.02365192997281977,0.001991150442477876,0.00649999999999995,False,False,False,False
633,firmware_focused,0.015996612903225807,0.5050461996336997,0.01607957207011363,0.0,0.0,False,False,False,False
634,firmware_focused,0.009624354838709678,0.5050461996336997,0.01607957207011363,0.0,0.0,False,False,False,False
635,firmware_focused,0.13487967741935483,0.5574613827838828,0.049722344564918246,0.007168141592920354,0.039000000000000035,False,False,False,False
636,firmware_focused,0.0297683870967742,0.5447762912087912,0.22063242512012637,0.0008533506637168142,0.0012999999999999678,False,False,False,False
637,firmware_focused,0.049783387096774205,0.5312762912087912,0.055399843864120696,0.000995575221238938,0.00649999999999995,False,False,False,False
638,firmware_focused,0.04787951612903226,0.4526760164835166,0.0029795609499424164,0.0005973451327433628,0.013000000000000012,False,False,False,False
639,firmware_focused,0.0,0.4526760164835166,0.003488963751062392,0.0,0.0,False,False,True,True
640,firmware_focused,0.1020583870967742,0.47886110805860815,0.007096771275649965,0.0025600508849557523,0.039000000000000035,False,False,False,False
641,firmware_focused,0.01684935483870968,0.5050461996336997,0.01365246685198327,0.0,0.0,False,False,False,False
642,firmware_focused,0.025478387096774198,0.5447762912087912,0.21843946963173233,0.0,0.0,False,False,False,False
643,firmware_focused,0.021631612903225808,0.5050461996336997,0.0412607887082161,0.0,0.0,False,False,False,False
644,firmware_focused,0.040893387096774196,0.5312762912087912,0.014151808673278128,0.0008960176991150442,0.00649999999999995,False,False,False,False
645,firmware_focused,0.262395,0.7805771153846155,0.1399677918838086,0.023893805309734513,0.026000000000000023,False,False,False,False
646,firmware_focused,0.06318967741935484,0.5709613827838829,0.09354910340186778,0.0023893805309734514,0.0026000000000000467,False,False,False,False
647,firmware_focused,0.01915435483870968,0.5050461996336997,0.02214733511543953,0.0,0.0,False,False,False,False
648,firmware_focused,0.02449161290322581,0.5050461996336997,0.015897539178753854,0.0,0.0,False,False,False,False
649,firmware_focused,0.221155,0.7805771153846155,0.2526973465327581,0.008064159292035399,0.011700000000000044,False,False,False,False
650,firmware_focused,0.0,0.4526760164835166,0.0,0.0,0.0,False,True,True,True
651,firmware_focused,0.048823387096774196,0.47886110805860815,0.023517932295685787,0.0006400121681415929,0.013000000000000012,False,False,False,False
652,firmware_focused,0.0063300000000000006,0.4526760164835166,0.01607957207011363,0.0,0.0,False,False,False,False
653,firmware_focused,0.09077467741935483,0.5574613827838828,0.018244707156267036,0.0017920353982300884,0.019499999999999962,False,False,False,False
654,firmware_focused,0.0024193548387096775,0.5050461996336997,0.009101644567988848,0.0,0.0,False,False,False,False
655,firmware_focused,0.012264354838709676,0.4526760164835166,0.0033979473053825033,0.0,0.0,False,False,False,False
656,firmware_focused,0.12284354838709678,0.6495616575091575,0.3102411381675262,0.004480088495575222,0.00649999999999995,False,False,False,False
657,firmware_focused,0.0689983870967742,0.47886110805860815,0.015626126791537888,0.0012800254424778761,0.026000000000000023,False,False,False,False
658,firmware_focused,0.0325683870967742,0.5312762912087912,0.01607957207011363,0.0,0.0,False,False,False,False
659,firmware_focused,0.057959677419354844,0.5709613827838829,0.09248986862227208,0.0012800254424778761,0.0026000000000000467,False,False,False,False
660,firmware_focused,0.09147467741935485,0.5574613827838828,0.04217674366557263,0.0023893805309734514,0.026000000000000023,False,False,False,False
661,firmware_focused,0.019924354838709676,0.5050461996336997,0.011043328742493135,0.0,0.0,False,False,False,False
662,firmware_focused,0.0064516129032258064,0.5050461996336997,0.01607957207011363,0.0,0.0,False,False,False,False
663,firmware_focused,0.05182967741935484,0.5709613827838829,0.10576539027606877,0.0008533506637168142,0.0012999999999999678,False,False,False,False
664,firmware_focused,0.0340883870967742,0.5447762912087912,0.10516232751676041,0.0008960176991150442,0.0012999999999999678,False,False,False,False
665,firmware_focused,0.03130838709677419,0.5447762912087912,0.1051564006803542,0.0006400121681415929,0.0012999999999999678,False,False,False,False
666,firmware_focused,0.04243451612903226,0.4526760164835166,0.0029881216757252672,0.000995575221238938,0.013000000000000012,False,False,False,False
667,firmware_focused,0.1007283870967742,0.47886110805860815,0.020231333317165315,0.003584070796460177,0.039000000000000035,False,False,False,False
668,firmware_focused,0.07076967741935485,0.5709613827838829,0.30955285888340733,0.0023893805309734514,0.0026000000000000467,False,False,False,False
669,firmware_focused,0.018548387096774196,0.5447762912087912,0.11680443862252354,0.0,0.0,False,False,False,False
670,firmware_focused,0.023988387096774196,0.5447762912087912,0.10466891253187174,0.0,0.0,False,False,False,False
671,firmware_focused,0.01490435483870968,0.4526760164835166,0.0009708420872521437,0.0,0.0,False,False,False,False
672,firmware_focused,0.05865967741935484,0.5709613827838829,0.11927032126936851,0.0023893805309734514,0.0026000000000000467,False,False,False,False
673,firmware_focused,0.06193338709677419,0.47886110805860815,0.0029881216757252672,0.0005973451327433628,0.013000000000000012,False,False,False,False
674,firmware_focused,0.016526612903225806,0.5050461996336997,0.02214733511543953,0.0,0.0,False,False,False,False
675,firmware_focused,0.0024193548387096775,0.4526760164835166,0.0033979473053825033,0.0,0.0,False,False,False,False
676,firmware_focused,0.03975467741935484,0.5709613827838829,0.14714325384915303,0.0,0.0,False,False,False,False
677,firmware_focused,0.012391612903225806,0.5050461996336997,0.009101644567988848,0.0,0.0,False,False,False,False
678,firmware_focused,0.016321612903225806,0.5050461996336997,0.03640657827195539,0.0,0.0,False,False,False,False
679,firmware_focused,0.043684516129032264,0.4526760164835166,0.00338505833307745,0.0008533506637168142,0.013000000000000012,False,False,False,False
680,firmware_focused,0.0383283870967742,0.5447762912087912,0.2451471390223626,0.0008533506637168142,0.0012999999999999678,False,False,False,False
681,firmware_focused,0.006240000000000001,0.4526760164835166,0.002275411141997212,0.0,0.0,False,False,False,False
682,firmware_focused,0.06948967741935484,0.5574613827838828,0.009881626542054767,0.002986725663716814,0.013000000000000012,False,False,False,False
683,firmware_focused,0.0266933870967742,0.5447762912087912,0.24271052181303593,0.0,0.0,False,False,False,False
684,firmware_focused,0.017524516129032257,0.4526760164835166,0.00652284527372534,0.0,0.0,False,False,False,False
685,firmware_focused,0.15167354838709676,0.6495616575091575,0.1276375215956613,0.017920353982300886,0.011700000000000044,False,False,False,False
686,firmware_focused,0.01858935483870968,0.4526760164835166,0.01365246685198327,0.0,0.0,False,False,False,False
687,firmware_focused,0.06714967741935483,0.5709613827838829,0.22132455232854095,0.0011946902654867257,0.0026000000000000467,False,False,False,False
688,firmware_focused,0.07498467741935484,0.5574613827838828,0.01756200996537421,0.004480088495575222,0.019499999999999962,False,False,False,False
689,firmware_focused,0.011989354838709679,0.4526760164835166,0.02214733511543953,0.0,0.0,False,False,False,False
690,firmware_focused,0.0024193548387096775,0.4526760164835166,0.02214733511543953,0.0,0.0,False,False,False,False
691,firmware_focused,0.0154,0.4526760164835166,0.003488963751062392,0.0,0.0,False,False,False,False
692,firmware_focused,0.11492354838709679,0.6495616575091575,0.083690236617628,0.003982300884955752,0.0026000000000000467,False,False,False,False
693,firmware_focused,0.10343854838709678,0.6495616575091575,0.21843946963173233,0.0,0.0,False,False,False,False
694,firmware_focused,0.005484354838709678,0.5050461996336997,0.015897539178753854,0.0,0.0,False,False,False,False
695,firmware_focused,0.054403387096774204,0.47886110805860815,0.0005701684269824439,0.000995575221238938,0.013000000000000012,False,False,False,False
696,firmware_focused,0.035289516129032264,0.4526760164835166,0.02415086418069232,0.000995575221238938,0.013000000000000012,False,False,False,False
697,firmware_focused,0.06155467741935484,0.5574613827838828,0.014639296821760576,0.0017920353982300884,0.013000000000000012,False,False,False,False
698,firmware_focused,0.22977,0.7805771153846155,0.15468156036544456,0.007040139380530973,0.01429999999999998,False,False,False,False
699,firmware_focused,0.0336183870967742,0.5447762912087912,0.11735926221806367,0.001493362831858407,0.0012999999999999678,False,False,False,False
700,firmware_focused,0.24167,0.7805771153846155,0.25824558248815926,0.008960176991150443,0.018199999999999994,False,False,False,False
701,firmware_focused,0.01576451612903226,0.4526760164835166,0.003488963751062392,0.0,0.0,False,False,False,False
702,firmware_focused,0.009899354838709677,0.4526760164835166,0.002275411141997212,0.0,0.0,False,False,False,False
703,firmware_focused,0.03960967741935484,0.5709613827838829,0.11680443862252354,0.0,0.0,False,False,False,False
704,firmware_focused,0.053934677419354836,0.5709613827838829,0.11760585048274816,0.0004266747787610619,0.0012999999999999678,False,False,False,False
705,firmware_focused,0.00151,0.4526760164835166,0.01607957207011363,0.0,0.0,False,False,False,False
706,firmware_focused,0.029416612903225805,0.5050461996336997,0.01365246685198327,0.0,0.0,False,False,False,False
707,firmware_focused,0.04756467741935484,0.5709613827838829,0.11712721548914715,0.001991150442477876,0.0012999999999999678,False,False,False,False
708,firmware_focused,0.021198387096774195,0.5312762912087912,0.009101644567988848,0.0,0.0,False,False,False,False
709,firmware_focused,0.0807733870967742,0.47886110805860815,0.01650330898689549,0.0008533506637168142,0.026000000000000023,False,False,False,False
710,firmware_focused,0.24291500000000002,0.7805771153846155,0.11607228107152062,0.006826801991150443,0.02080000000000004,False,False,False,False
711,firmware_focused,0.09979854838709677,0.6495616575091575,0.21843946963173233,0.0,0.0,False,False,False,False
712,firmware_focused,0.006619354838709677,0.5050461996336997,0.05339631479886791,0.0,0.0,False,False,False,False
713,firmware_focused,0.00955,0.4526760164835166,0.0033979473053825033,0.0,0.0,False,False,False,False
714,firmware_focused,0.03870967741935484,0.5709613827838829,0.24271052181303593,0.0,0.0,False,False,False,False
715,firmware_focused,0.11725467741935484,0.5574613827838828,0.047371355713925464,0.005973451327433628,0.03249999999999997,False,False,False,False
716,firmware_focused,0.021903387096774196,0.5312762912087912,0.03640657827195539,0.0,0.0,False,False,False,False
717,firmware_focused,0.019648387096774196,0.5447762912087912,0.3033881522662949,0.0,0.0,False,False,False,False
718,firmware_focused,0.0369433870967742,0.5312762912087912,0.04234409700552988,0.001493362831858407,0.00649999999999995,False,False,False,False
719,firmware_focused,0.229215,0.7805771153846155,0.23430742446417974,0.004693425884955752,0.01429999999999998,False,False,False,False
720,firmware_focused,0.01904,0.4526760164835166,0.0033979473053825033,0.0,0.0,False,False,False,False
721,firmware_focused,0.0024193548387096775,0.5050461996336997,0.05339631479886791,0.0,0.0,False,False,False,False
722,firmware_focused,0.04181338709677419,0.5312762912087912,0.02367022087126871,0.0008533506637168142,0.00649999999999995,False,False,False,False
723,firmware_focused,0.13819354838709677,0.6495616575091575,0.31724641264434045,0.002986725663716814,0.009099999999999997,False,False,False,False
724,firmware_focused,0.034904516129032254,0.4526760164835166,0.0042713530769001185,0.000995575221238938,0.013000000000000012,False,False,False,False
725,firmware_focused,0.209095,0.7805771153846155,0.11844915523881906,0.0019200376106194691,0.0039000000000000146,False,False,False,False
726,firmware_focused,0.12104854838709678,0.6495616575091575,0.08347476506003146,0.0025600508849557523,0.005199999999999982,False,False,False,False
727,firmware_focused,0.01624935483870968,0.5050461996336997,0.011043328742493135,0.0,0.0,False,False,False,False
728,firmware_focused,0.29042,0.7805771153846155,0.11858556182867505,0.023893805309734513,0.03639999999999999,False,False,False,False
729,firmware_focused,0.13625467741935485,0.5574613827838828,0.016891210044877175,0.007168141592920354,0.039000000000000035,False,False,False,False
730,firmware_focused,0.14540854838709677,0.6495616575091575,0.11465573725159389,0.017920353982300886,0.011700000000000044,False,False,False,False
731,firmware_focused,0.0591983870967742,0.47886110805860815,0.0018585598401163344,0.0017920353982300884,0.026000000000000023,False,False,False,False
732,firmware_focused,0.026696612903225808,0.5050461996336997,0.03640657827195539,0.0,0.0,False,False,False,False
733,firmware_focused,0.0365883870967742,0.5447762912087912,0.117112582770388,0.0008533506637168142,0.0012999999999999678,False,False,False,False
734,firmware_focused,0.005170000000000001,0.4526760164835166,0.01607957207011363,0.0,0.0,False,False,False,False
735,firmware_focused,0.035489516129032256,0.4526760164835166,0.003488963751062392,0.0,0.0,False,False,False,False
736,firmware_focused,0.06252951612903225,0.4526760164835166,0.00338505833307745,0.001991150442477876,0.013000000000000012,False,False,False,False
737,firmware_focused,0.004469354838709678,0.4526760164835166,0.01607957207011363,0.0,0.0,False,False,False,False
738,firmware_focused,0.01932161290322581,0.5050461996336997,0.02214733511543953,0.0,0.0,False,False,False,False
739,firmware_focused,0.0322383870967742,0.47886110805860815,0.0014147009636842395,0.001493362831858407,0.013000000000000012,False,False,False,False
740,firmware_focused,0.23669,0.7805771153846155,0.12393154395980409,0.019413716814159293,0.016900000000000026,False,False,False,False
741,firmware_focused,0.021243387096774195,0.5447762912087912,0.08191480111189964,0.0,0.0,False,False,False,False
742,firmware_focused,0.22949000000000003,0.7805771153846155,0.08826198304487859,0.004693425884955752,0.01429999999999998,False,False,False,False
743,firmware_focused,0.027089516129032258,0.4526760164835166,0.002275411141997212,0.0,0.0,False,False,False,False
744,firmware_focused,0.014206612903225807,0.5050461996336997,0.05339631479886791,0.0,0.0,False,False,False,False
745,firmware_focused,0.023388387096774196,0.5447762912087912,0.21843946963173233,0.0,0.0,False,False,False,False
746,firmware_focused,0.0077716129032258064,0.5050461996336997,0.03640657827195539,0.0,0.0,False,False,False,False
747,firmware_focused,0.23155000000000003,0.7805771153846155,0.15790112881170448,0.004693425884955752,0.01429999999999998,False,False,False,False
748,firmware_focused,0.1081733870967742,0.47886110805860815,0.023301627385538804,0.003584070796460177,0.039000000000000035,False,False,False,False
749,firmware_focused,0.04415951612903226,0.4526760164835166,0.015095008200387582,0.0004266747787610619,0.013000000000000012,False,False,False,False
750,firmware_focused,0.027953387096774196,0.5312762912087912,0.03640657827195539,0.0,0.0,False,False,False,False
751,adaptive_resilience,0.019698387096774198,0.6743864285714286,0.09162322198442106,0.0,0.0,False,False,False,False
752,adaptive_resilience,0.028516612903225803,0.6425788095238095,0.01607957207011363,0.0,0.0,False,False,False,False
753,adaptive_resilience,0.03427838709677419,0.6743864285714286,0.01710121506465805,0.0008533506637168142,0.00649999999999995,False,False,False,False
754,adaptive_resilience,0.012239354838709677,0.6425788095238095,0.009101644567988848,0.0,0.0,False,False,False,False
755,adaptive_resilience,0.02926951612903226,0.6425788095238095,0.00652284527372534,0.0,0.0,False,False,False,False
756,adaptive_resilience,0.05298967741935484,0.7062390476190477,0.0378319993394115,0.0004266747787610619,0.00649999999999995,False,False,False,False
757,adaptive_resilience,0.21221,0.86593,0.09542434483097068,0.0025600508849557523,0.007800000000000029,False,False,False,False
758,adaptive_resilience,0.0380183870967742,0.6743864285714286,0.14864784870653328,0.0011946902654867257,0.0012999999999999678,False,False,False,False
759,adaptive_resilience,0.036798387096774195,0.6743864285714286,0.017644350721789083,0.0004266747787610619,0.013000000000000012,False,False,False,False
760,adaptive_resilience,0.237045,0.86593,0.0893269906626714,0.007765486725663717,0.016900000000000026,False,False,False,False
761,adaptive_resilience,0.04464967741935484,0.7062390476190477,0.11734609277118044,0.0006400121681415929,0.0012999999999999678,False,False,False,False
762,adaptive_resilience,0.05317838709677419,0.6743864285714286,0.003946186177481006,0.0008960176991150442,0.013000000000000012,False,False,False,False
763,adaptive_resilience,0.09919354838709678,0.7863169047619047,0.11589427416572466,0.0,0.0,False,False,False,False
764,adaptive_resilience,0.0281433870967742,0.6743864285714286,0.3033881522662949,0.0,0.0,False,False,False,False
765,adaptive_resilience,0.028723387096774196,0.6743864285714286,0.24271052181303593,0.0,0.0,False,False,False,False
766,adaptive_resilience,0.036653387096774195,0.6743864285714286,0.05647866810742412,0.0008533506637168142,0.00649999999999995,False,False,False,False
767,adaptive_resilience,0.007319354838709677,0.6425788095238095,0.03640657827195539,0.0,0.0,False,False,False,False
768,adaptive_resilience,0.021398387096774198,0.6743864285714286,0.08191480111189964,0.0,0.0,False,False,False,False
769,adaptive_resilience,0.019966612903225805,0.6425788095238095,0.01607957207011363,0.0,0.0,False,False,False,False
770,adaptive_resilience,0.05141467741935484,0.7062390476190477,0.10516232751676041,0.0008960176991150442,0.0012999999999999678,False,False,False,False
771,adaptive_resilience,0.016975,0.6425788095238095,0.0033979473053825033,0.0,0.0,False,False,False,False
772,adaptive_resilience,0.07852467741935484,0.7062390476190477,0.02515652483020002,0.001706700221238938,0.013000000000000012,False,False,False,False
773,adaptive_resilience,0.0032443548387096777,0.6425788095238095,0.009101644567988848,0.0,0.0,False,False,False,False
774,adaptive_resilience,0.006751612903225806,0.6425788095238095,0.0412607887082161,0.0,0.0,False,False,False,False
775,adaptive_resilience,0.022944354838709678,0.6425788095238095,0.02214733511543953,0.0,0.0,False,False,False,False
776,adaptive_resilience,0.019685,0.6425788095238095,0.003488963751062392,0.0,0.0,False,False,False,False
777,adaptive_resilience,0.031263387096774196,0.6743864285714286,0.02214733511543953,0.0,0.0,False,False,False,False
778,adaptive_resilience,0.04060967741935484,0.7062390476190477,0.21843946963173233,0.0,0.0,False,False,False,False
779,adaptive_resilience,0.008064516129032258,0.6425788095238095,0.01365246685198327,0.0,0.0,False,False,False,False
780,adaptive_resilience,0.0330133870967742,0.6743864285714286,0.017682395790562862,0.0005973451327433628,0.013000000000000012,False,False,False,False
781,adaptive_resilience,0.004575,0.6425788095238095,0.0033979473053825033,0.0,0.0,False,False,False,False
782,adaptive_resilience,0.024359354838709678,0.6425788095238095,0.02214733511543953,0.0,0.0,False,False,False,False
783,adaptive_resilience,0.04643338709677419,0.6743864285714286,0.01667992850459158,0.0005973451327433628,0.00649999999999995,False,False,False,False
784,adaptive_resilience,0.026963387096774198,0.6743864285714286,0.011043328742493135,0.0,0.0,False,False,False,False
785,adaptive_resilience,0.03978951612903226,0.6425788095238095,0.0029966812308906163,0.0005973451327433628,0.013000000000000012,False,False,False,False
786,adaptive_resilience,0.01932161290322581,0.6425788095238095,0.009101644567988848,0.0,0.0,False,False,False,False
787,adaptive_resilience,0.019273387096774196,0.6743864285714286,0.10466891253187174,0.0,0.0,False,False,False,False
788,adaptive_resilience,0.06512467741935483,0.7062390476190477,0.018334156388080537,0.001706700221238938,0.013000000000000012,False,False,False,False
789,adaptive_resilience,0.023728387096774196,0.6743864285714286,0.01607957207011363,0.0,0.0,False,False,False,False
790,adaptive_resilience,0.05764467741935484,0.7062390476190477,0.0378319993394115,0.0004266747787610619,0.00649999999999995,False,False,False,False
791,adaptive_resilience,0.262705,0.86593,0.29085755724920376,0.023893805309734513,0.026000000000000023,False,False,False,False
792,adaptive_resilience,0.029603387096774195,0.6743864285714286,0.10537306233981694,0.0005973451327433628,0.0012999999999999678,False,False,False,False
793,adaptive_resilience,0.0024193548387096775,0.6425788095238095,0.00652284527372534,0.0,0.0,False,False,False,False
794,adaptive_resilience,0.012244516129032258,0.6425788095238095,0.01607957207011363,0.0,0.0,False,False,False,False
795,adaptive_resilience,0.0027693548387096776,0.6425788095238095,0.0033979473053825033,0.0,0.0,False,False,False,False
796,adaptive_resilience,0.0024193548387096775,0.6425788095238095,0.011043328742493135,0.0,0.0,False,False,False,False
797,adaptive_resilience,0.20819500000000002,0.86593,0.11806089076035221,0.0025600508849557523,0.005199999999999982,False,False,False,False
798,adaptive_resilience,0.04073467741935484,0.7062390476190477,0.09162322198442106,0.0,0.0,False,False,False,False
799,adaptive_resilience,0.003025,0.6425788095238095,0.0009708420872521437,0.0,0.0,False,False,False,False
800,adaptive_resilience,0.021598387096774196,0.6743864285714286,0.14714325384915303,0.0,0.0,False,False,False,False
801,adaptive_resilience,0.0459733870967742,0.6743864285714286,0.01662122621877052,0.001493362831858407,0.00649999999999995,False,False,False,False
802,adaptive_resilience,0.01587451612903226,0.6425788095238095,0.01365246685198327,0.0,0.0,False,False,False,False
803,adaptive_resilience,0.007276612903225807,0.6425788095238095,0.03640657827195539,0.0,0.0,False,False,False,False
804,adaptive_resilience,0.014520000000000002,0.6425788095238095,0.002275411141997212,0.0,0.0,False,False,False,False
805,adaptive_resilience,0.01214935483870968,0.6425788095238095,0.02214733511543953,0.0,0.0,False,False,False,False
806,adaptive_resilience,0.013711612903225808,0.6425788095238095,0.0412607887082161,0.0,0.0,False,False,False,False
807,adaptive_resilience,0.018510000000000002,0.6425788095238095,0.01607957207011363,0.0,0.0,False,False,False,False
808,adaptive_resilience,0.018848387096774197,0.6743864285714286,0.03640657827195539,0.0,0.0,False,False,False,False
809,adaptive_resilience,0.023354516129032256,0.6425788095238095,0.0009708420872521437,0.0,0.0,False,False,False,False
810,adaptive_resilience,0.004225,0.6425788095238095,0.003488963751062392,0.0,0.0,False,False,False,False
811,adaptive_resilience,0.032979516129032264,0.6425788095238095,0.003488963751062392,0.0,0.0,False,False,False,False
812,adaptive_resilience,0.0024193548387096775,0.6425788095238095,0.015897539178753854,0.0,0.0,False,False,False,False
813,adaptive_resilience,0.024983387096774196,0.6743864285714286,0.24271052181303593,0.0,0.0,False,False,False,False
814,adaptive_resilience,0.11087354838709679,0.7863169047619047,0.10688820691403222,0.003982300884955752,0.0026000000000000467,False,False,False,False
815,adaptive_resilience,0.05149838709677419,0.6743864285714286,0.00806402192800345,0.0011946902654867257,0.013000000000000012,False,False,False,False
816,adaptive_resilience,0.0853933870967742,0.6743864285714286,0.004468366630391227,0.0023893805309734514,0.026000000000000023,False,False,False,False
817,adaptive_resilience,0.0064516129032258064,0.6425788095238095,0.015897539178753854,0.0,0.0,False,False,False,False
818,adaptive_resilience,0.07787967741935485,0.7062390476190477,0.015816279459898483,0.0017920353982300884,0.019499999999999962,False,False,False,False
819,adaptive_resilience,0.05441467741935484,0.7062390476190477,0.0823047920989326,0.0008960176991150442,0.0012999999999999678,False,False,False,False
820,adaptive_resilience,0.057913387096774196,0.6743864285714286,0.004189847898413675,0.0005973451327433628,0.013000000000000012,False,False,False,False
821,adaptive_resilience,0.07419967741935483,0.7062390476190477,0.039402625687872034,0.0019200376106194691,0.019499999999999962,False,False,False,False
822,adaptive_resilience,0.0039050000000000005,0.6425788095238095,0.01365246685198327,0.0,0.0,False,False,False,False
823,adaptive_resilience,0.0316333870967742,0.6743864285714286,0.08191480111189964,0.0,0.0,False,False,False,False
824,adaptive_resilience,0.03180661290322581,0.6425788095238095,0.01365246685198327,0.0,0.0,False,False,False,False
825,adaptive_resilience,0.13053854838709678,0.7863169047619047,0.15466622813605424,0.00426675110619469,0.00649999999999995,False,False,False,False
826,adaptive_resilience,0.010706612903225807,0.6425788095238095,0.011043328742493135,0.0,0.0,False,False,False,False
827,adaptive_resilience,0.021073387096774195,0.6743864285714286,0.14714325384915303,0.0,0.0,False,False,False,False
828,adaptive_resilience,0.057239677419354845,0.7062390476190477,0.24492981619519644,0.0012800254424778761,0.0026000000000000467,False,False,False,False
829,adaptive_resilience,0.12586854838709677,0.7863169047619047,0.12296914523963598,0.005973451327433628,0.00649999999999995,False,False,False,False
830,adaptive_resilience,0.0,0.6425788095238095,0.0,0.0,0.0,False,True,True,True
831,adaptive_resilience,0.010576612903225806,0.6425788095238095,0.01607957207011363,0.0,0.0,False,False,False,False
832,adaptive_resilience,0.003795,0.6425788095238095,0.003488963751062392,0.0,0.0,False,False,False,False
833,adaptive_resilience,0.1294135483870968,0.7863169047619047,0.15203316540335612,0.002133375,0.00649999999999995,False,False,False,False
834,adaptive_resilience,0.006994354838709678,0.6425788095238095,0.0009708420872521437,0.0,0.0,False,False,False,False
835,adaptive_resilience,0.0024193548387096775,0.6425788095238095,0.01365246685198327,0.0,0.0,False,False,False,False
836,adaptive_resilience,0.020143387096774195,0.6743864285714286,0.3033881522662949,0.0,0.0,False,False,False,False
837,adaptive_resilience,0.0326783870967742,0.6743864285714286,0.08249181765126135,0.000995575221238938,0.0012999999999999678,False,False,False,False
838,adaptive_resilience,0.06031467741935484,0.7062390476190477,0.05613750915936042,0.0017920353982300884,0.013000000000000012,False,False,False,False
839,adaptive_resilience,0.21540000000000004,0.86593,0.22699199603646902,0.003584070796460177,0.007800000000000029,False,False,False,False
840,adaptive_resilience,0.029383387096774197,0.6743864285714286,0.011043328742493135,0.0,0.0,False,False,False,False
841,adaptive_resilience,0.043894516129032266,0.6425788095238095,0.02522968842399575,0.0008533506637168142,0.013000000000000012,False,False,False,False
842,adaptive_resilience,0.0,0.6425788095238095,0.0009708420872521437,0.0,0.0,False,False,True,True
843,adaptive_resilience,0.023298387096774197,0.6743864285714286,0.10466891253187174,0.0,0.0,False,False,False,False
844,adaptive_resilience,0.14477854838709678,0.7863169047619047,0.12666796920990345,0.01592920353982301,0.010399999999999965,False,False,False,False
845,adaptive_resilience,0.0088,0.6425788095238095,0.01607957207011363,0.0,0.0,False,False,False,False
846,adaptive_resilience,0.0064516129032258064,0.6425788095238095,0.01607957207011363,0.0,0.0,False,False,False,False
847,adaptive_resilience,0.006639354838709677,0.6425788095238095,0.0009708420872521437,0.0,0.0,False,False,False,False
848,adaptive_resilience,0.029678387096774193,0.6743864285714286,0.015897539178753854,0.0,0.0,False,False,False,False
849,adaptive_resilience,0.021026612903225807,0.6425788095238095,0.0412607887082161,0.0,0.0,False,False,False,False
850,adaptive_resilience,0.251095,0.86593,0.17303231169824906,0.014506953539823009,0.02210000000000001,False,False,False,False
851,adaptive_resilience,0.10771854838709678,0.7863169047619047,0.2459161692539344,0.0011946902654867257,0.0026000000000000467,False,False,False,False
852,adaptive_resilience,0.0407233870967742,0.6743864285714286,0.0378319993394115,0.000995575221238938,0.00649999999999995,False,False,False,False
853,adaptive_resilience,0.08390967741935484,0.7062390476190477,0.04606925986956381,0.0012800254424778761,0.019499999999999962,False,False,False,False
854,adaptive_resilience,0.0384033870967742,0.6743864285714286,0.11803737994594601,0.0008533506637168142,0.0012999999999999678,False,False,False,False
855,adaptive_resilience,0.25143000000000004,0.86593,0.17180208031760275,0.01911504424778761,0.02080000000000004,False,False,False,False
856,adaptive_resilience,0.049844677419354846,0.7062390476190477,0.11803737994594601,0.0008533506637168142,0.0012999999999999678,False,False,False,False
857,adaptive_resilience,0.018548387096774196,0.6743864285714286,0.0412607887082161,0.0,0.0,False,False,False,False
858,adaptive_resilience,0.032518387096774196,0.6743864285714286,0.014139956171083221,0.0006400121681415929,0.00649999999999995,False,False,False,False
859,adaptive_resilience,0.049488387096774195,0.6743864285714286,0.00038999098703295943,0.001493362831858407,0.013000000000000012,False,False,False,False
860,adaptive_resilience,0.02353451612903226,0.6425788095238095,0.01607957207011363,0.0,0.0,False,False,False,False
861,adaptive_resilience,0.0324083870967742,0.6743864285714286,0.305344126166198,0.000995575221238938,0.0012999999999999678,False,False,False,False
862,adaptive_resilience,0.0024193548387096775,0.6425788095238095,0.01365246685198327,0.0,0.0,False,False,False,False
863,adaptive_resilience,0.0595233870967742,0.6743864285714286,0.02519310662709788,0.001706700221238938,0.013000000000000012,False,False,False,False
864,adaptive_resilience,0.06363967741935483,0.7062390476190477,0.11830162593753304,0.0023893805309734514,0.0026000000000000467,False,False,False,False
865,adaptive_resilience,0.09999354838709677,0.7863169047619047,0.3033881522662949,0.0,0.0,False,False,False,False
866,adaptive_resilience,0.005815000000000001,0.6425788095238095,0.003488963751062392,0.0,0.0,False,False,False,False
867,adaptive_resilience,0.015415000000000002,0.6425788095238095,0.01365246685198327,0.0,0.0,False,False,False,False
868,adaptive_resilience,0.0352683870967742,0.6743864285714286,0.08248496953888207,0.000995575221238938,0.0012999999999999678,False,False,False,False
869,adaptive_resilience,0.026633387096774194,0.6743864285714286,0.05339631479886791,0.0,0.0,False,False,False,False
870,adaptive_resilience,0.018548387096774196,0.6743864285714286,0.21843946963173233,0.0,0.0,False,False,False,False
871,adaptive_resilience,0.014860000000000002,0.6425788095238095,0.0,0.0,0.0,False,True,False,True
872,adaptive_resilience,0.0024193548387096775,0.6425788095238095,0.02214733511543953,0.0,0.0,False,False,False,False
873,adaptive_resilience,0.020994354838709678,0.6425788095238095,0.03640657827195539,0.0,0.0,False,False,False,False
874,adaptive_resilience,0.0048693548387096774,0.6425788095238095,0.002275411141997212,0.0,0.0,False,False,False,False
875,adaptive_resilience,0.023538387096774197,0.6743864285714286,0.05339631479886791,0.0,0.0,False,False,False,False
876,adaptive_resilience,0.00255,0.6425788095238095,0.01365246685198327,0.0,0.0,False,False,False,False
877,adaptive_resilience,0.011000000000000001,0.6425788095238095,0.01607957207011363,0.0,0.0,False,False,False,False
878,adaptive_resilience,0.022783387096774195,0.6743864285714286,0.11680443862252354,0.0,0.0,False,False,False,False
879,adaptive_resilience,0.016369354838709677,0.6425788095238095,0.03640657827195539,0.0,0.0,False,False,False,False
880,adaptive_resilience,0.019548387096774197,0.6743864285714286,0.10466891253187174,0.0,0.0,False,False,False,False
881,adaptive_resilience,0.07440967741935485,0.7062390476190477,0.01969059972782622,0.003584070796460177,0.019499999999999962,False,False,False,False
882,adaptive_resilience,0.025158387096774197,0.6743864285714286,0.0412607887082161,0.0,0.0,False,False,False,False
883,adaptive_resilience,0.025313387096774196,0.6743864285714286,0.11680443862252354,0.0,0.0,False,False,False,False
884,adaptive_resilience,0.014245,0.6425788095238095,0.002275411141997212,0.0,0.0,False,False,False,False
885,adaptive_resilience,0.045298387096774195,0.6743864285714286,0.007208121838911379,0.0006400121681415929,0.013000000000000012,False,False,False,False
886,adaptive_resilience,0.25277,0.86593,0.33902367895269764,0.01075221238938053,0.023399999999999976,False,False,False,False
887,adaptive_resilience,0.06505338709677419,0.6743864285714286,0.0047219050744848785,0.0011946902654867257,0.013000000000000012,False,False,False,False
888,adaptive_resilience,0.0,0.6425788095238095,0.0009708420872521437,0.0,0.0,False,False,True,True
889,adaptive_resilience,0.13454354838709678,0.7863169047619047,0.32166278133624504,0.011946902654867256,0.007800000000000029,False,False,False,False
890,adaptive_resilience,0.22903,0.86593,0.15816268924483298,0.006570796460176991,0.01429999999999998,False,False,False,False
891,adaptive_resilience,0.0024193548387096775,0.6425788095238095,0.011043328742493135,0.0,0.0,False,False,False,False
892,adaptive_resilience,0.01957935483870968,0.6425788095238095,0.05339631479886791,0.0,0.0,False,False,False,False
893,adaptive_resilience,0.014856612903225808,0.6425788095238095,0.01607957207011363,0.0,0.0,False,False,False,False
894,adaptive_resilience,0.22716,0.86593,0.12371816742410194,0.00995575221238938,0.013000000000000012,False,False,False,False
895,adaptive_resilience,0.021923387096774195,0.6743864285714286,0.009101644567988848,0.0,0.0,False,False,False,False
896,adaptive_resilience,0.0024193548387096775,0.6425788095238095,0.01365246685198327,0.0,0.0,False,False,False,False
897,adaptive_resilience,0.0024193548387096775,0.6425788095238095,0.009101644567988848,0.0,0.0,False,False,False,False
898,adaptive_resilience,0.022288387096774196,0.6743864285714286,0.10466891253187174,0.0,0.0,False,False,False,False
899,adaptive_resilience,0.22916000000000003,0.86593,0.1227626342577493,0.016426991150442476,0.01429999999999998,False,False,False,False
900,adaptive_resilience,0.06742967741935484,0.7062390476190477,0.023517932295685787,0.002986725663716814,0.013000000000000012,False,False,False,False
901,adaptive_resilience,0.03870967741935484,0.7062390476190477,0.3033881522662949,0.0,0.0,False,False,False,False
902,adaptive_resilience,0.0064516129032258064,0.6425788095238095,0.015897539178753854,0.0,0.0,False,False,False,False
903,adaptive_resilience,0.26747,0.86593,0.2661050347135385,0.0187737046460177,0.02859999999999996,False,False,False,False
904,adaptive_resilience,0.03291838709677419,0.6743864285714286,0.0412607887082161,0.0,0.0,False,False,False,False
905,adaptive_resilience,0.10155854838709678,0.7863169047619047,0.14782853041433905,0.0006400121681415929,0.0012999999999999678,False,False,False,False
906,adaptive_resilience,0.07088967741935484,0.7062390476190477,0.009881626542054767,0.0012800254424778761,0.013000000000000012,False,False,False,False
907,adaptive_resilience,0.27632500000000004,0.86593,0.30048696433643735,0.028672566371681415,0.031200000000000006,False,False,False,False
908,adaptive_resilience,0.208225,0.86593,0.22136440203447955,0.0019200376106194691,0.0039000000000000146,False,False,False,False
909,adaptive_resilience,0.0057193548387096775,0.6425788095238095,0.003488963751062392,0.0,0.0,False,False,False,False
910,adaptive_resilience,0.0034193548387096775,0.6425788095238095,0.00652284527372534,0.0,0.0,False,False,False,False
911,adaptive_resilience,0.025151612903225807,0.6425788095238095,0.009101644567988848,0.0,0.0,False,False,False,False
912,adaptive_resilience,0.05608467741935484,0.7062390476190477,0.010228285197195175,0.001991150442477876,0.013000000000000012,False,False,False,False
913,adaptive_resilience,0.010426612903225807,0.6425788095238095,0.0412607887082161,0.0,0.0,False,False,False,False
914,adaptive_resilience,0.0563233870967742,0.6743864285714286,0.02367022087126871,0.0008533506637168142,0.00649999999999995,False,False,False,False
915,adaptive_resilience,0.06274467741935484,0.7062390476190477,0.30955285888340733,0.001706700221238938,0.0026000000000000467,False,False,False,False
916,adaptive_resilience,0.12175354838709677,0.7863169047619047,0.11990133346684774,0.00497787610619469,0.00649999999999995,False,False,False,False
917,adaptive_resilience,0.20528000000000002,0.86593,0.09248986862227208,0.002986725663716814,0.0026000000000000467,False,False,False,False
918,adaptive_resilience,0.07396967741935484,0.7062390476190477,0.03925742040686761,0.0011946902654867257,0.013000000000000012,False,False,False,False
919,adaptive_resilience,0.03973951612903226,0.6425788095238095,0.007208121838911379,0.001493362831858407,0.013000000000000012,False,False,False,False
920,adaptive_resilience,0.03421451612903226,0.6425788095238095,0.003488963751062392,0.0,0.0,False,False,False,False
921,adaptive_resilience,0.0014,0.6425788095238095,0.0009708420872521437,0.0,0.0,False,False,False,False
922,adaptive_resilience,0.10863354838709677,0.7863169047619047,0.21943815210370454,0.0008960176991150442,0.0012999999999999678,False,False,False,False
923,adaptive_resilience,0.0428683870967742,0.6743864285714286,0.01168445823067283,0.000995575221238938,0.00649999999999995,False,False,False,False
924,adaptive_resilience,0.044118387096774195,0.6743864285714286,0.011481919840171939,0.001493362831858407,0.00649999999999995,False,False,False,False
925,adaptive_resilience,0.07908967741935484,0.7062390476190477,0.015764918617053883,0.002986725663716814,0.019499999999999962,False,False,False,False
926,adaptive_resilience,0.054164677419354844,0.7062390476190477,0.05475045075581888,0.0008960176991150442,0.00649999999999995,False,False,False,False
927,adaptive_resilience,0.004459354838709678,0.6425788095238095,0.01365246685198327,0.0,0.0,False,False,False,False
928,adaptive_resilience,0.026609354838709676,0.6425788095238095,0.015897539178753854,0.0,0.0,False,False,False,False
929,adaptive_resilience,0.0420133870967742,0.6743864285714286,0.007512698990077215,0.000995575221238938,0.013000000000000012,False,False,False,False
930,adaptive_resilience,0.036223387096774196,0.6743864285714286,0.01731251339353612,0.001991150442477876,0.00649999999999995,False,False,False,False
931,adaptive_resilience,0.05554967741935484,0.7062390476190477,0.3064705055748511,0.0008533506637168142,0.0012999999999999678,False,False,False,False
932,adaptive_resilience,0.017706612903225807,0.6425788095238095,0.009101644567988848,0.0,0.0,False,False,False,False
933,adaptive_resilience,0.01012,0.6425788095238095,0.01365246685198327,0.0,0.0,False,False,False,False
934,adaptive_resilience,0.11823467741935484,0.7062390476190477,0.04750305018275777,0.00995575221238938,0.03249999999999997,False,False,False,False
935,adaptive_resilience,0.041863387096774195,0.6743864285714286,0.014145881836871925,0.0008960176991150442,0.00649999999999995,False,False,False,False
936,adaptive_resilience,0.0064516129032258064,0.6425788095238095,0.01365246685198327,0.0,0.0,False,False,False,False
937,adaptive_resilience,0.24806,0.86593,0.3551662679644869,0.014506953539823009,0.02210000000000001,False,False,False,False
938,adaptive_resilience,0.014224516129032258,0.6425788095238095,0.01365246685198327,0.0,0.0,False,False,False,False
939,adaptive_resilience,0.11295854838709678,0.7863169047619047,0.22509735277821374,0.005973451327433628,0.0039000000000000146,False,False,False,False
940,adaptive_resilience,0.0024193548387096775,0.6425788095238095,0.05339631479886791,0.0,0.0,False,False,False,False
941,adaptive_resilience,0.0064516129032258064,0.6425788095238095,0.03640657827195539,0.0,0.0,False,False,False,False
942,adaptive_resilience,0.08806967741935483,0.7062390476190477,0.026770865078273854,0.0025600508849557523,0.019499999999999962,False,False,False,False
943,adaptive_resilience,0.02095435483870968,0.6425788095238095,0.02214733511543953,0.0,0.0,False,False,False,False
944,adaptive_resilience,0.0364583870967742,0.6743864285714286,0.014145881836871925,0.0008960176991150442,0.00649999999999995,False,False,False,False
945,adaptive_resilience,0.058008387096774194,0.6743864285714286,0.0008877177528641907,0.001991150442477876,0.013000000000000012,False,False,False,False
946,adaptive_resilience,0.046353387096774196,0.6743864285714286,0.0029966812308906163,0.0005973451327433628,0.013000000000000012,False,False,False,False
947,adaptive_resilience,0.06111467741935484,0.7062390476190477,0.039291660968764006,0.001991150442477876,0.013000000000000012,False,False,False,False
948,adaptive_resilience,0.031081612903225808,0.6425788095238095,0.0412607887082161,0.0,0.0,False,False,False,False
949,adaptive_resilience,0.018548387096774196,0.6743864285714286,0.09162322198442106,0.0,0.0,False,False,False,False
950,adaptive_resilience,0.03199451612903226,0.6425788095238095,0.02214733511543953,0.0,0.0,False,False,False,False
951,adaptive_resilience,0.04136451612903226,0.6425788095238095,0.0019571951459901333,0.0008533506637168142,0.013000000000000012,False,False,False,False
952,adaptive_resilience,0.004744354838709677,0.6425788095238095,0.05339631479886791,0.0,0.0,False,False,False,False
953,adaptive_resilience,0.06011467741935485,0.7062390476190477,0.24764228710672587,0.0023893805309734514,0.0026000000000000467,False,False,False,False
954,adaptive_resilience,0.28093,0.86593,0.1309843783925999,0.047787610619469026,0.031200000000000006,False,False,False,False
955,adaptive_resilience,0.01427,0.6425788095238095,0.003488963751062392,0.0,0.0,False,False,False,False
956,adaptive_resilience,0.01775,0.6425788095238095,0.00652284527372534,0.0,0.0,False,False,False,False
957,adaptive_resilience,0.018264354838709678,0.6425788095238095,0.011043328742493135,0.0,0.0,False,False,False,False
958,adaptive_resilience,0.25109000000000004,0.86593,0.17150942594241986,0.03185840707964602,0.02080000000000004,False,False,False,False
959,adaptive_resilience,0.037044516129032264,0.6425788095238095,0.0033979473053825033,0.0,0.0,False,False,False,False
960,adaptive_resilience,0.023398387096774196,0.6743864285714286,0.10466891253187174,0.0,0.0,False,False,False,False
961,adaptive_resilience,0.10315354838709678,0.7863169047619047,0.11800811450842774,0.0008533506637168142,0.0012999999999999678,False,False,False,False
962,adaptive_resilience,0.00814,0.6425788095238095,0.002275411141997212,0.0,0.0,False,False,False,False
963,adaptive_resilience,0.020173387096774197,0.6743864285714286,0.015897539178753854,0.0,0.0,False,False,False,False
964,adaptive_resilience,0.0032943548387096774,0.6425788095238095,0.0009708420872521437,0.0,0.0,False,False,False,False
965,adaptive_resilience,0.049134677419354844,0.7062390476190477,0.014145881836871925,0.001493362831858407,0.00649999999999995,False,False,False,False
966,adaptive_resilience,0.09919354838709678,0.7863169047619047,0.14714325384915303,0.0,0.0,False,False,False,False
967,adaptive_resilience,0.05461338709677419,0.6743864285714286,0.007500810198739785,0.0004266747787610619,0.013000000000000012,False,False,False,False
968,adaptive_resilience,0.11772854838709679,0.7863169047619047,0.3088046937528638,0.003584070796460177,0.005199999999999982,False,False,False,False
969,adaptive_resilience,0.016280000000000003,0.6425788095238095,0.0033979473053825033,0.0,0.0,False,False,False,False
970,adaptive_resilience,0.03870967741935484,0.7062390476190477,0.14714325384915303,0.0,0.0,False,False,False,False
971,adaptive_resilience,0.029061612903225807,0.6425788095238095,0.009101644567988848,0.0,0.0,False,False,False,False
972,adaptive_resilience,0.05844467741935484,0.7062390476190477,0.023149077623128834,0.000995575221238938,0.00649999999999995,False,False,False,False
973,adaptive_resilience,0.0030793548387096775,0.6425788095238095,0.015897539178753854,0.0,0.0,False,False,False,False
974,adaptive_resilience,0.0465383870967742,0.6743864285714286,0.017297880674776972,0.0008533506637168142,0.00649999999999995,False,False,False,False
975,adaptive_resilience,0.249375,0.86593,0.1351530883401918,0.03185840707964602,0.02080000000000004,False,False,False,False
976,adaptive_resilience,0.02504451612903226,0.6425788095238095,0.002275411141997212,0.0,0.0,False,False,False,False
977,adaptive_resilience,0.09160467741935485,0.7062390476190477,0.026770865078273854,0.005973451327433628,0.019499999999999962,False,False,False,False
978,adaptive_resilience,0.047289677419354845,0.7062390476190477,0.14782029980269143,0.0006400121681415929,0.0012999999999999678,False,False,False,False
979,adaptive_resilience,0.08617967741935484,0.7062390476190477,0.05926423415734211,0.0017920353982300884,0.019499999999999962,False,False,False,False
980,adaptive_resilience,0.007644354838709678,0.6425788095238095,0.01365246685198327,0.0,0.0,False,False,False,False
981,adaptive_resilience,0.0550633870967742,0.6743864285714286,0.004707272355725733,0.001991150442477876,0.013000000000000012,False,False,False,False
982,adaptive_resilience,0.04103951612903226,0.6425788095238095,0.015077887919439384,0.000995575221238938,0.013000000000000012,False,False,False,False
983,adaptive_resilience,0.0,0.6425788095238095,0.0033979473053825033,0.0,0.0,False,False,True,True
984,adaptive_resilience,0.049748387096774205,0.6743864285714286,0.04286361242866534,0.000995575221238938,0.00649999999999995,False,False,False,False
985,adaptive_resilience,0.039103387096774196,0.6743864285714286,0.11735926221806367,0.001493362831858407,0.0012999999999999678,False,False,False,False
986,adaptive_resilience,0.028368387096774195,0.6743864285714286,0.21843946963173233,0.0,0.0,False,False,False,False
987,adaptive_resilience,0.014286612903225807,0.6425788095238095,0.0412607887082161,0.0,0.0,False,False,False,False
988,adaptive_resilience,0.04516451612903226,0.6425788095238095,0.0005770165393617238,0.0005973451327433628,0.013000000000000012,False,False,False,False
989,adaptive_resilience,0.0024193548387096775,0.6425788095238095,0.00652284527372534,0.0,0.0,False,False,False,False
990,adaptive_resilience,0.024488387096774197,0.6743864285714286,0.009101644567988848,0.0,0.0,False,False,False,False
991,adaptive_resilience,0.08892467741935485,0.7062390476190477,0.061315320729179626,0.0023893805309734514,0.026000000000000023,False,False,False,False
992,adaptive_resilience,0.0022550000000000005,0.6425788095238095,0.003488963751062392,0.0,0.0,False,False,False,False
993,adaptive_resilience,0.02420935483870968,0.6425788095238095,0.02214733511543953,0.0,0.0,False,False,False,False
994,adaptive_resilience,0.07293467741935485,0.7062390476190477,0.04342740530284366,0.0012800254424778761,0.013000000000000012,False,False,False,False
995,adaptive_resilience,0.016314516129032258,0.6425788095238095,0.0033979473053825033,0.0,0.0,False,False,False,False
996,adaptive_resilience,0.23149000000000003,0.86593,0.25696473248759705,0.019413716814159293,0.016900000000000026,False,False,False,False
997,adaptive_resilience,0.11449854838709678,0.7863169047619047,0.30925607162476915,0.002986725663716814,0.0039000000000000146,False,False,False,False
998,adaptive_resilience,0.010505,0.6425788095238095,0.00652284527372534,0.0,0.0,False,False,False,False
999,adaptive_resilience,0.01746951612903226,0.6425788095238095,0.01607957207011363,0.0,0.0,False,False,False,False
1000,adaptive_resilience,0.0416933870967742,0.6743864285714286,0.014139956171083221,0.001493362831858407,0.00649999999999995,False,False,False,False
